Fish_ID,folder,picname,key,cal,dataset,category,sample_group,OL,OW,OA,OP,prediction_valid,model_predicted_species,uncertain_gadoid,gadoid_probability,top_probability,second_species,second_probability,probability_margin,species,FL_mm,age,age_f,species_age
f1r5-1,f1r5,f1r5-1,f1r5;f1r5-1,110,MP,MP,f1r5,2.438666436581397,0.999805010552533,1.9000776512593964,5.655176477379066,TRUE,saithe,FALSE,0.956,0.786,cod,0.1255,0.6605000000000001,saithe,53.068661259662825,0,0,saithe_0
f1r5-10,f1r5,f1r5-10,f1r5;f1r5-10,110,MP,MP,f1r5,1.862526769151602,0.7423401179053,1.0372574701896558,4.248473036540368,TRUE,saithe,FALSE,0.9735,0.79,cod,0.1335,0.6565000000000001,saithe,39.52937907506265,0,0,saithe_0
f1r5-11,f1r5,f1r5-11,f1r5;f1r5-11,110,MP,MP,f1r5,2.433817832519908,0.9788764529758448,1.8526223575741183,5.6247125535422375,TRUE,saithe,FALSE,0.962,0.7935,cod,0.128,0.6655,saithe,52.954719064217834,0,0,saithe_0
f1r5-12,f1r5,f1r5-12,f1r5;f1r5-12,110,MP,MP,f1r5,2.379828914964895,0.9169739698512274,1.7093807593580208,5.474199840698506,TRUE,saithe,FALSE,0.9565,0.7765,cod,0.1385,0.6379999999999999,saithe,51.68597950167503,0,0,saithe_0
f1r5-13,f1r5,f1r5-13,f1r5;f1r5-13,110,MP,MP,f1r5,2.5390636041890193,1.0157921953914275,1.9573621672442707,5.843419489964536,TRUE,saithe,FALSE,0.9675,0.7565,cod,0.1575,0.599,saithe,55.42799469844195,0,0,saithe_0
f1r5-14,f1r5,f1r5-14,f1r5;f1r5-14,110,MP,MP,f1r5,2.1349324322689087,0.8757477452616792,1.4334354447520856,4.955294211596817,TRUE,saithe,FALSE,0.962,0.7865,cod,0.148,0.6385,saithe,45.93091215831935,0,0,saithe_0
f1r5-15,f1r5,f1r5-15,f1r5;f1r5-15,110,MP,MP,f1r5,2.5628230459807084,1.0463610394426712,2.120588403312193,5.987450601893799,TRUE,saithe,FALSE,0.9575,0.8155,cod,0.091,0.7245,saithe,55.98634158054664,0,0,saithe_0
f1r5-16,f1r5,f1r5-16,f1r5;f1r5-16,110,MP,MP,f1r5,2.460440289127287,0.985582877257445,1.9126575838109303,5.698175142101861,TRUE,saithe,FALSE,0.963,0.7875,cod,0.1285,0.659,saithe,53.58034679449125,0,0,saithe_0
f1r5-17,f1r5,f1r5-17,f1r5;f1r5-17,110,MP,MP,f1r5,2.241055809916086,0.9153425836354286,1.5392580708056227,5.110560273263785,TRUE,saithe,FALSE,0.9255,0.683,cod,0.1795,0.5035000000000001,saithe,48.42481153302802,0,0,saithe_0
f1r5-18,f1r5,f1r5-18,f1r5;f1r5-18,110,MP,MP,f1r5,2.8366602314181955,1.1261014252934056,2.532887785949116,6.559879466474549,TRUE,saithe,FALSE,0.943,0.7405,cod,0.1395,0.601,saithe,62.421515438327596,0,0,saithe_0
f1r5-19,f1r5,f1r5-19,f1r5;f1r5-19,110,MP,MP,f1r5,2.5759710802605222,1.0678033078778086,2.05751711801647,5.913046782074969,TRUE,saithe,FALSE,0.9585,0.719,cod,0.1745,0.5445,saithe,56.29532038612227,0,0,saithe_0
f1r5-2,f1r5,f1r5-2,f1r5;f1r5-2,110,MP,MP,f1r5,1.9091346439106267,0.7153788411593982,1.016752710537412,4.288905046300302,TRUE,saithe,FALSE,0.875,0.661,cod,0.1625,0.49850000000000005,saithe,40.62466413189973,0,0,saithe_0
f1r5-20,f1r5,f1r5-20,f1r5;f1r5-20,110,MP,MP,f1r5,2.16450171793513,0.8854262374156436,1.5020590044728024,5.028132478618036,TRUE,saithe,FALSE,0.9395,0.7445,cod,0.146,0.5985,saithe,46.62579037147555,0,0,saithe_0
f1r5-21,f1r5,f1r5-21,f1r5;f1r5-21,110,MP,MP,f1r5,2.698931360758314,0.9938429924085828,2.0985978471146627,6.155288492623968,TRUE,saithe,FALSE,0.948,0.753,cod,0.148,0.605,saithe,59.184886977820376,0,0,saithe_0
f1r5-22,f1r5,f1r5-22,f1r5;f1r5-22,110,MP,MP,f1r5,2.2684041465022875,0.9496773073930436,1.6275979921682568,5.265987659881001,TRUE,saithe,FALSE,0.954,0.7785,cod,0.128,0.6505,saithe,49.067497442803756,0,0,saithe_0
f1r5-23,f1r5,f1r5-23,f1r5;f1r5-23,110,MP,MP,f1r5,2.23991102619886,0.9090730121954994,1.5545383894974871,5.123574704526623,TRUE,saithe,FALSE,0.967,0.703,cod,0.194,0.5089999999999999,saithe,48.397909115673215,0,0,saithe_0
f1r5-24,f1r5,f1r5-24,f1r5;f1r5-24,110,MP,MP,f1r5,1.9827062876989263,0.8578863628314284,1.2357865531968175,4.562859343486706,TRUE,saithe,FALSE,0.854,0.6725,wrasse,0.13,0.5425,saithe,42.353597760924764,0,0,saithe_0
f1r5-25,f1r5,f1r5-25,f1r5;f1r5-25,110,MP,MP,f1r5,3.861560645053283,1.7303758723741145,4.673319772423108,9.014810240954326,TRUE,norway_pout,TRUE,0.683,0.3755,wrasse,0.273,0.10249999999999998,gadoids_unknown,NA,NA,NA,gadoids_unknown
f1r5-26,f1r5,f1r5-26,f1r5;f1r5-26,110,MP,MP,f1r5,3.0264671097608864,1.2143124829033995,2.914896014975876,7.1019032930899995,TRUE,saithe,FALSE,0.8925,0.715,cod,0.1215,0.5934999999999999,saithe,66.88197707938083,0,0,saithe_0
f1r5-27,f1r5,f1r5-27,f1r5;f1r5-27,110,MP,MP,f1r5,2.7344221497139727,1.1161119017441872,2.3669325206626395,6.344110181486636,TRUE,saithe,FALSE,0.923,0.7095,cod,0.1445,0.5650000000000001,saithe,60.01892051827836,0,0,saithe_0
f1r5-28,f1r5,f1r5-28,f1r5;f1r5-28,110,MP,MP,f1r5,1.8954083525186196,0.6998396062927461,1.0440478445401613,4.317167205323628,TRUE,saithe,FALSE,0.972,0.827,cod,0.088,0.739,saithe,40.302096284187556,0,0,saithe_0
f1r5-29,f1r5,f1r5-29,f1r5;f1r5-29,110,MP,MP,f1r5,1.8740246066366932,0.7530573317557789,1.0603506426941167,4.2913558656627595,TRUE,saithe,FALSE,0.9535,0.7245,cod,0.1805,0.544,saithe,39.79957825596229,0,0,saithe_0
f1r5-3,f1r5,f1r5-3,f1r5;f1r5-3,110,MP,MP,f1r5,1.7926873863057102,0.7432399310812255,1.020385326365682,4.133718720665096,TRUE,saithe,FALSE,0.9455,0.6995,cod,0.171,0.5285,saithe,37.88815357818419,0,0,saithe_0
f1r5-30,f1r5,f1r5-30,f1r5;f1r5-30,110,MP,MP,f1r5,2.667602748693699,1.0788600178302663,2.2014179165536323,6.156298847763775,TRUE,saithe,FALSE,0.978,0.786,cod,0.1415,0.6445000000000001,saithe,58.448664594301924,0,0,saithe_0
f1r5-31,f1r5,f1r5-31,f1r5;f1r5-31,110,MP,MP,f1r5,1.8100114790238029,0.7499913811071017,1.0368463149629472,4.17851697534866,TRUE,saithe,FALSE,0.9595,0.796,cod,0.1225,0.6735,saithe,38.295269757059366,0,0,saithe_0
f1r5-32,f1r5,f1r5-32,f1r5;f1r5-32,110,MP,MP,f1r5,2.434684458577653,0.9480957006055302,1.7393115883695818,5.545988048463829,TRUE,saithe,FALSE,0.9745,0.7985,cod,0.1195,0.679,saithe,52.975084776574846,0,0,saithe_0
f1r5-33,f1r5,f1r5-33,f1r5;f1r5-33,110,MP,MP,f1r5,2.5856765478652672,0.9181752067036588,1.8486940243718537,5.8237324758111955,TRUE,saithe,FALSE,0.9655,0.8125,cod,0.0995,0.713,saithe,56.52339887483378,0,0,saithe_0
f1r5-34,f1r5,f1r5-34,f1r5;f1r5-34,110,MP,MP,f1r5,2.5740367204635795,1.0524584929847771,2.081793736721399,5.962989873201977,TRUE,saithe,FALSE,0.967,0.7555,cod,0.1505,0.605,saithe,56.24986293089412,0,0,saithe_0
f1r5-35,f1r5,f1r5-35,f1r5;f1r5-35,110,MP,MP,f1r5,2.756697582583031,1.0700613820675955,2.190477304346641,6.236054582401649,TRUE,saithe,FALSE,0.9825,0.779,cod,0.132,0.647,saithe,60.542393190701226,0,0,saithe_0
f1r5-36,f1r5,f1r5-36,f1r5;f1r5-36,110,MP,MP,f1r5,2.0518180247903284,0.7624822249711888,1.1657611146569866,4.604735593644927,TRUE,saithe,FALSE,0.903,0.6645,cod,0.183,0.4815,saithe,43.977723582572715,0,0,saithe_0
f1r5-37,f1r5,f1r5-37,f1r5;f1r5-37,110,MP,MP,f1r5,2.0143499062981234,0.7607769396840819,1.131861518920321,4.533878319005253,TRUE,saithe,FALSE,0.8009999999999999,0.586,wrasse,0.193,0.393,saithe,43.097222798005895,0,0,saithe_0
f1r5-38,f1r5,f1r5-38,f1r5;f1r5-38,110,MP,MP,f1r5,1.9662049722903476,0.7674262655734362,1.1343703514778924,4.4630817931147275,TRUE,saithe,FALSE,0.973,0.7805,cod,0.152,0.6285,saithe,41.96581684882317,0,0,saithe_0
f1r5-39,f1r5,f1r5-39,f1r5;f1r5-39,110,MP,MP,f1r5,2.1355808229110793,0.84482112947624,1.3776027208499333,4.89591956721086,TRUE,saithe,FALSE,0.9745,0.81,cod,0.124,0.686,saithe,45.946149338410365,0,0,saithe_0
f1r5-4,f1r5,f1r5-4,f1r5;f1r5-4,110,MP,MP,f1r5,1.8809568597123716,0.6987959779206067,0.9761916088293994,4.220885249338212,TRUE,saithe,FALSE,0.8085,0.627,wrasse,0.188,0.439,saithe,39.96248620324073,0,0,saithe_0
f1r5-40,f1r5,f1r5-40,f1r5;f1r5-40,110,MP,MP,f1r5,2.309477026199509,0.9992336114162164,1.797636128987449,5.45349667832794,TRUE,saithe,FALSE,0.879,0.746,cod,0.08,0.666,saithe,50.03271011568846,0,0,saithe_0
f1r5-41,f1r5,f1r5-41,f1r5;f1r5-41,110,MP,MP,f1r5,2.1450809863903113,0.8765948495471217,1.467154971054602,4.992185666731181,TRUE,saithe,FALSE,0.958,0.816,cod,0.1045,0.7114999999999999,saithe,46.16940318017232,0,0,saithe_0
f1r5-42,f1r5,f1r5-42,f1r5;f1r5-42,110,MP,MP,f1r5,2.4872428871251144,0.9842494150284066,1.843508155608032,5.674560794813286,TRUE,saithe,FALSE,0.9745,0.713,cod,0.2035,0.5095,saithe,54.21020784744019,0,0,saithe_0
f1r5-43,f1r5,f1r5-43,f1r5;f1r5-43,110,MP,MP,f1r5,2.013504512297064,0.8768212559078672,1.3494708053648137,4.722134171538314,TRUE,saithe,FALSE,0.882,0.7735,wrasse,0.063,0.7104999999999999,saithe,43.077356038981,0,0,saithe_0
f1r5-44,f1r5,f1r5-44,f1r5;f1r5-44,110,MP,MP,f1r5,1.549259320909352,0.6696315211416788,0.790123262685401,3.6520839177345494,TRUE,saithe,FALSE,0.9305,0.666,haddock,0.099,0.5670000000000001,saithe,32.16759404136977,0,0,saithe_0
f1r5-45,f1r5,f1r5-45,f1r5;f1r5-45,110,MP,MP,f1r5,1.5142061580547923,0.5635442334198987,0.6551298834375446,3.4201893091378404,TRUE,saithe,FALSE,0.9705,0.784,cod,0.1335,0.6505000000000001,saithe,31.34384471428762,0,0,saithe_0
f1r5-46,f1r5,f1r5-46,f1r5;f1r5-46,110,MP,MP,f1r5,1.5855613626584149,0.6773719023707341,0.8266928753756525,3.7195877647169993,TRUE,saithe,FALSE,0.911,0.784,cod,0.0815,0.7025,saithe,33.020692022472744,0,0,saithe_0
f1r5-47,f1r5,f1r5-47,f1r5;f1r5-47,110,MP,MP,f1r5,1.4500560687419268,0.5677060818430433,0.6226487384242443,3.288179505665571,TRUE,saithe,FALSE,0.978,0.7365,cod,0.1955,0.541,saithe,29.836317615435277,0,0,saithe_0
f1r5-48,f1r5,f1r5-48,f1r5;f1r5-48,110,MP,MP,f1r5,1.7866605047386883,0.708300972806939,0.9717629013229871,4.1006995209557475,TRUE,saithe,FALSE,0.972,0.796,cod,0.1225,0.6735,saithe,37.74652186135917,0,0,saithe_0
f1r5-49,f1r5,f1r5-49,f1r5;f1r5-49,110,MP,MP,f1r5,1.9230840853932487,0.7631778715753874,1.0949126256162964,4.400852602245484,TRUE,saithe,FALSE,0.9745,0.807,cod,0.1295,0.6775,saithe,40.95247600674134,0,0,saithe_0
f1r5-5,f1r5,f1r5-5,f1r5;f1r5-5,110,MP,MP,f1r5,2.09506315813824,0.9149094206700366,1.496892835994357,4.922846258760919,TRUE,saithe,FALSE,0.8140000000000001,0.66,wrasse,0.1205,0.5395000000000001,saithe,44.993984216248634,0,0,saithe_0
f1r5-50,f1r5,f1r5-50,f1r5;f1r5-50,110,MP,MP,f1r5,2.1823064113480126,0.8255010336191152,1.3800392472936902,4.958648258614888,TRUE,saithe,FALSE,0.959,0.78,cod,0.125,0.655,saithe,47.04420066667829,0,0,saithe_0
f1r5-51,f1r5,f1r5-51,f1r5;f1r5-51,110,MP,MP,f1r5,2.116436298902055,0.8900540239882678,1.4463458702062022,4.906274906802001,TRUE,saithe,FALSE,0.919,0.7425,cod,0.106,0.6365000000000001,saithe,45.49625302419829,0,0,saithe_0
f1r5-52,f1r5,f1r5-52,f1r5;f1r5-52,110,MP,MP,f1r5,2.0585428511228634,0.8842150554272652,1.403756863494573,4.819883960354397,TRUE,saithe,FALSE,0.9075,0.766,cod,0.083,0.683,saithe,44.13575700138729,0,0,saithe_0
f1r5-53,f1r5,f1r5-53,f1r5;f1r5-53,110,MP,MP,f1r5,2.239587345639701,0.8625583314021169,1.4515437207791655,5.0807065518043375,TRUE,saithe,FALSE,0.9755,0.7705,cod,0.1565,0.614,saithe,48.39030262253297,0,0,saithe_0
f1r5-54,f1r5,f1r5-54,f1r5;f1r5-54,110,MP,MP,f1r5,2.5830942209144725,0.9883073754692268,2.0125830743595903,5.945083959714276,TRUE,saithe,FALSE,0.92,0.778,cod,0.0905,0.6875,saithe,56.4627141914901,0,0,saithe_0
f1r5-55,f1r5,f1r5-55,f1r5;f1r5-55,110,MP,MP,f1r5,1.7703857673696493,0.7318245223772393,0.9661169361664138,4.064635885816095,TRUE,saithe,FALSE,0.9405,0.7375,cod,0.1595,0.5780000000000001,saithe,37.36406553318675,0,0,saithe_0
f1r5-56,f1r5,f1r5-56,f1r5;f1r5-56,110,MP,MP,f1r5,1.0648787198077685,0.4765737392532825,0.3906680616743272,2.511851623164749,TRUE,saithe,FALSE,0.7444999999999999,0.606,lesser_sand_eel,0.128,0.478,saithe,20.78464991548256,0,0,saithe_0
f1r5-57,f1r5,f1r5-57,f1r5;f1r5-57,110,MP,MP,f1r5,1.9486610018605317,0.8219283349106129,1.197129430848402,4.490978408544853,TRUE,saithe,FALSE,0.9635,0.713,cod,0.1475,0.5655,saithe,41.553533543722494,0,0,saithe_0
f1r5-58,f1r5,f1r5-58,f1r5;f1r5-58,110,MP,MP,f1r5,2.3438561670024187,1.064301943899186,2.0629758981490003,5.887802418147511,TRUE,wrasse,FALSE,0.441,0.285,lesser_sand_eel,0.274,0.01099999999999995,wrasse,NA,NA,NA,wrasse
f1r5-59,f1r5,f1r5-59,f1r5;f1r5-59,110,MP,MP,f1r5,4.502911993070611,1.827272723498565,6.111386934529015,10.325459426697272,TRUE,norway_pout,TRUE,0.9475,0.3855,haddock,0.2335,0.152,gadoids_unknown,NA,NA,NA,gadoids_unknown
f1r5-6,f1r5,f1r5-6,f1r5;f1r5-6,110,MP,MP,f1r5,2.1311282318974896,0.8613620321626719,1.3704914875689491,4.8776858242392205,TRUE,saithe,FALSE,0.9555,0.767,cod,0.1375,0.6295,saithe,45.841513449591005,0,0,saithe_0
f1r5-60,f1r5,f1r5-60,f1r5;f1r5-60,110,MP,MP,f1r5,2.0196805804492866,0.8511477779190701,1.299786705503197,4.660436290520373,TRUE,saithe,FALSE,0.9255,0.6825,cod,0.17,0.5125,saithe,43.222493640558234,0,0,saithe_0
f1r5-61,f1r5,f1r5-61,f1r5;f1r5-61,110,MP,MP,f1r5,2.8699295331265975,1.2082891818335213,2.663602365198667,6.7398110867693175,TRUE,saithe,FALSE,0.958,0.7895,cod,0.1,0.6895,saithe,63.20334402847504,0,0,saithe_0
f1r5-62,f1r5,f1r5-62,f1r5;f1r5-62,110,MP,MP,f1r5,3.1486929945502693,1.264617814161741,3.02164875149857,7.242428266885001,TRUE,saithe,FALSE,0.9785,0.764,cod,0.1495,0.6145,saithe,69.75428537193133,0,0,saithe_0
f1r5-63,f1r5,f1r5-63,f1r5;f1r5-63,110,MP,MP,f1r5,1.3410464370018655,0.5986111943800789,0.6275331726639434,3.178162653776689,TRUE,saithe,FALSE,0.6185,0.526,lesser_sand_eel,0.2395,0.28650000000000003,saithe,27.27459126954384,0,0,saithe_0
f1r5-64,f1r5,f1r5-64,f1r5;f1r5-64,110,MP,MP,f1r5,1.2691675379188134,0.5410423911825298,0.5224631443385014,2.95901824472814,TRUE,saithe,FALSE,0.953,0.7995,cod,0.082,0.7175,saithe,25.585437141092115,0,0,saithe_0
f1r5-65,f1r5,f1r5-65,f1r5;f1r5-65,110,MP,MP,f1r5,1.7493144390693829,0.6645930276666211,0.8335749937390778,3.9113463148624543,TRUE,saithe,FALSE,0.804,0.6215,wrasse,0.1925,0.4290000000000001,saithe,36.8688893181305,0,0,saithe_0
f1r5-66,f1r5,f1r5-66,f1r5;f1r5-66,110,MP,MP,f1r5,1.4142969135188288,0.5935625553845874,0.61775104357533,3.2502974238824853,TRUE,saithe,FALSE,0.931,0.722,cod,0.1545,0.5675,saithe,28.995977467692477,0,0,saithe_0
f1r5-67,f1r5,f1r5-67,f1r5;f1r5-67,110,MP,MP,f1r5,1.3302793999042954,0.5953663885332896,0.6225911479025875,3.165931218603632,TRUE,saithe,TRUE,0.5575,0.432,lesser_sand_eel,0.237,0.195,gadoids_unknown,NA,NA,NA,gadoids_unknown
f1r5-7,f1r5,f1r5-7,f1r5;f1r5-7,110,MP,MP,f1r5,2.210589858680408,0.8512409188604311,1.4790031155694057,5.057092656234633,TRUE,saithe,FALSE,0.974,0.7865,cod,0.1485,0.638,saithe,47.70886167898958,0,0,saithe_0
f1r5-8,f1r5,f1r5-8,f1r5;f1r5-8,110,MP,MP,f1r5,1.7768961370287466,0.7496773445356956,1.0227982125517217,4.1099371835501834,TRUE,saithe,FALSE,0.9125,0.701,cod,0.1435,0.5575,saithe,37.51705922017554,0,0,saithe_0
f1r5-9,f1r5,f1r5-9,f1r5;f1r5-9,110,MP,MP,f1r5,1.79209899771435,0.7340483137888156,1.0158738418269206,4.138998147156651,TRUE,saithe,FALSE,0.964,0.7875,cod,0.1345,0.653,saithe,37.87432644628722,0,0,saithe_0
f2r1-1,f2r1,f2r1-1,f2r1;f2r1-1,110,MP,MP,f2r1,7.021385945262116,2.692920443622717,14.13156109379005,15.933045869796162,TRUE,cod,TRUE,0.999,0.4955,saithe,0.438,0.05749999999999999,gadoids_unknown,NA,NA,NA,gadoids_unknown
f2r1-10,f2r1,f2r1-10,f2r1;f2r1-10,110,MP,MP,f2r1,6.5748222142666535,2.4560955677279326,12.395694853901484,14.933910597087014,TRUE,saithe,FALSE,0.9955,0.5675,cod,0.361,0.2065,saithe,160.0658764248682,1,1,saithe_1
f2r1-11,f2r1,f2r1-11,f2r1;f2r1-11,110,MP,MP,f2r1,6.205493279423839,2.098082547079568,9.899637479070552,13.755596801790658,TRUE,cod,TRUE,0.989,0.403,saithe,0.367,0.03600000000000003,gadoids_unknown,NA,NA,NA,gadoids_unknown
f2r1-12,f2r1,f2r1-12,f2r1;f2r1-12,110,MP,MP,f2r1,7.54449381746956,2.6454191070603428,15.234867216251578,16.908539815203664,TRUE,saithe,FALSE,0.997,0.516,haddock,0.34,0.176,saithe,197.56512310610128,1,1,saithe_1
f2r1-13,f2r1,f2r1-13,f2r1;f2r1-13,110,MP,MP,f2r1,6.5918210907789465,2.3090850734181174,11.837912038689645,14.850448707415088,TRUE,saithe,FALSE,0.9905,0.5515,cod,0.341,0.21049999999999996,saithe,160.69948890821004,1,1,saithe_1
f2r1-14,f2r1,f2r1-14,f2r1;f2r1-14,110,MP,MP,f2r1,7.233953818015155,2.492033037014282,13.650341062172268,16.067235118884852,TRUE,cod,FALSE,0.999,0.5785,saithe,0.3005,0.278,cod,162.73992367626008,1,1,cod_1
f2r1-19,f2r1,f2r1-19,f2r1;f2r1-19,110,MP,MP,f2r1,7.002164878636626,2.4362435201575914,12.90527511544574,15.584109470621552,TRUE,saithe,TRUE,0.9995,0.414,cod,0.3615,0.05249999999999999,gadoids_unknown,NA,NA,NA,gadoids_unknown
f2r1-2,f2r1,f2r1-2,f2r1;f2r1-2,110,MP,MP,f2r1,6.4350957283190295,2.40623198647434,11.856390923101308,14.614234054250158,TRUE,saithe,FALSE,0.989,0.5125,cod,0.395,0.11749999999999994,saithe,154.89071475717859,1,1,saithe_1
f2r1-3,f2r1,f2r1-3,f2r1;f2r1-3,110,MP,MP,f2r1,6.0376242446979855,2.5727272594758426,11.631014711174164,13.905132159531709,TRUE,cod,FALSE,0.9465,0.5585,saithe,0.306,0.2525,cod,135.8942880510228,0,0,cod_0
f2r1-4,f2r1,f2r1-4,f2r1;f2r1-4,110,MP,MP,f2r1,6.2470445472124485,2.326966757659072,10.63111617588593,14.04766612840752,TRUE,cod,TRUE,0.987,0.4175,saithe,0.3585,0.059,gadoids_unknown,NA,NA,NA,gadoids_unknown
f2r1-5,f2r1,f2r1-5,f2r1;f2r1-5,110,MP,MP,f2r1,6.320010275309447,2.1549100490920368,10.3368433973261,14.122531228469038,TRUE,saithe,TRUE,0.992,0.4305,cod,0.2665,0.16399999999999998,gadoids_unknown,NA,NA,NA,gadoids_unknown
f2r1-6,f2r1,f2r1-6,f2r1;f2r1-6,110,MP,MP,f2r1,7.193654730822946,2.4287340461134503,13.223727878906072,15.951923106686142,TRUE,cod,FALSE,0.999,0.543,saithe,0.3155,0.22750000000000004,cod,161.8356121596669,1,1,cod_1
f2r1-7,f2r1,f2r1-7,f2r1;f2r1-7,110,MP,MP,f2r1,5.631503380237529,2.411166430236108,10.170247474581808,13.017414032544766,TRUE,cod,TRUE,0.906,0.4655,saithe,0.344,0.12150000000000004,gadoids_unknown,NA,NA,NA,gadoids_unknown
f2r1-8,f2r1,f2r1-8,f2r1;f2r1-8,110,MP,MP,f2r1,6.513878645046098,2.3564742742595026,11.973026437541934,14.75553027810223,TRUE,saithe,FALSE,0.991,0.549,cod,0.401,0.14800000000000002,saithe,157.80141769099416,1,1,saithe_1
f3r8-1,f3r8,f3r8-1,f3r8;f3r8-1,110,MP,MP,f3r8,3.1080049335332145,1.534505135981521,3.7584709299189782,7.598257888687831,TRUE,lesser_sand_eel,FALSE,0.3785,0.385,saithe,0.251,0.134,lesser_sand_eel,166.79311306558623,NA,NA,lesser_sand_eel
f3r8-10,f3r8,f3r8-10,f3r8;f3r8-10,110,MP,MP,f3r8,1.7117186586345994,0.6714344431531376,0.8687833931661432,3.8775161084795338,TRUE,saithe,FALSE,0.942,0.6915,cod,0.2045,0.487,saithe,35.985388477913084,0,0,saithe_0
f3r8-11,f3r8,f3r8-11,f3r8;f3r8-11,110,MP,MP,f3r8,1.1378477200523731,0.48095306636620205,0.4232679839193799,2.640423404957174,TRUE,saithe,FALSE,0.9175,0.7575,cod,0.1115,0.6459999999999999,saithe,22.49942142123077,0,0,saithe_0
f3r8-12,f3r8,f3r8-12,f3r8;f3r8-12,110,MP,MP,f3r8,6.811827905444704,2.6058372561871805,13.28492566455425,15.450521484453374,TRUE,cod,TRUE,0.9995,0.452,saithe,0.3695,0.08250000000000002,gadoids_unknown,NA,NA,NA,gadoids_unknown
f3r8-13,f3r8,f3r8-13,f3r8;f3r8-13,110,MP,MP,f3r8,6.777370844483854,2.531851530999545,12.980948096721509,15.380100686507364,TRUE,saithe,FALSE,0.9985,0.508,cod,0.3675,0.1405,saithe,167.67176203859967,1,1,saithe_1
f3r8-14,f3r8,f3r8-14,f3r8;f3r8-14,110,MP,MP,f3r8,6.966440937568768,2.4955384616304905,12.88999885945175,15.655282070347102,TRUE,cod,TRUE,0.9975,0.452,saithe,0.3635,0.08850000000000002,gadoids_unknown,NA,NA,NA,gadoids_unknown
f3r8-15,f3r8,f3r8-15,f3r8;f3r8-15,110,MP,MP,f3r8,3.3848505850806903,1.5775681272241011,4.346028979556466,8.270018975297019,TRUE,lesser_sand_eel,FALSE,0.4645,0.357,saithe,0.218,0.13899999999999998,lesser_sand_eel,180.993910761714,NA,NA,lesser_sand_eel
f3r8-16,f3r8,f3r8-16,f3r8;f3r8-16,110,MP,MP,f3r8,6.937635945671496,2.4530497614012905,13.090304593702104,15.588081316524422,TRUE,saithe,FALSE,0.997,0.5665,haddock,0.2245,0.34199999999999997,saithe,173.7760096668738,1,1,saithe_1
f3r8-17,f3r8,f3r8-17,f3r8;f3r8-17,110,MP,MP,f3r8,1.652166887124962,0.6534823281125383,0.8329288676715686,3.792518684322286,TRUE,saithe,FALSE,0.9745,0.805,cod,0.132,0.673,saithe,34.5859218474366,0,0,saithe_0
f3r8-18,f3r8,f3r8-18,f3r8;f3r8-18,110,MP,MP,f3r8,1.1322710064630015,0.5072918104833982,0.43380340241156073,2.6484505595501404,TRUE,saithe,FALSE,0.818,0.635,wrasse,0.121,0.514,saithe,22.368368651880537,0,0,saithe_0
f3r8-2,f3r8,f3r8-2,f3r8;f3r8-2,110,MP,MP,f3r8,6.97791236343815,2.4727267745492325,13.14558370592305,15.642815906574512,TRUE,saithe,TRUE,0.9995,0.462,cod,0.29,0.17200000000000004,gadoids_unknown,NA,NA,NA,gadoids_unknown
f3r8-3,f3r8,f3r8-3,f3r8;f3r8-3,110,MP,MP,f3r8,6.841640274406326,2.8363417920451424,14.5164852760596,15.69632447243165,TRUE,cod,FALSE,0.951,0.6175,haddock,0.1515,0.4660000000000001,cod,153.93640775767796,1,1,cod_1
f3r8-4,f3r8,f3r8-4,f3r8;f3r8-4,110,MP,MP,f3r8,6.8225852679420544,2.4088546847219536,12.477354085346228,15.309957375120792,TRUE,saithe,FALSE,0.996,0.5505,cod,0.2765,0.27399999999999997,saithe,169.3862459955618,1,1,saithe_1
f3r8-5,f3r8,f3r8-5,f3r8;f3r8-5,110,MP,MP,f3r8,6.667565756172854,2.7697026929725403,14.045121648284466,15.483371095889456,TRUE,cod,FALSE,0.985,0.724,saithe,0.1135,0.6104999999999999,cod,150.03017556851884,1,1,cod_1
f3r8-6,f3r8,f3r8-6,f3r8;f3r8-6,110,MP,MP,f3r8,2.4628514723538855,1.3262406008034937,2.416181266123764,6.071838411827731,TRUE,wrasse,FALSE,0.528,0.35,saithe,0.295,0.05499999999999999,wrasse,NA,NA,NA,wrasse
f3r8-7,f3r8,f3r8-7,f3r8;f3r8-7,110,MP,MP,f3r8,2.973305416311006,1.35535245019977,3.1809589243199117,7.110120101195635,TRUE,saithe,TRUE,0.608,0.339,wrasse,0.213,0.12600000000000003,gadoids_unknown,NA,NA,NA,gadoids_unknown
f3r8-8,f3r8,f3r8-8,f3r8;f3r8-8,110,MP,MP,f3r8,2.876894178922788,1.296790168718524,2.9990060253983906,6.920442041101603,TRUE,saithe,TRUE,0.5265,0.3155,lesser_sand_eel,0.286,0.02950000000000002,gadoids_unknown,NA,NA,NA,gadoids_unknown
f3r8-9,f3r8,f3r8-9,f3r8;f3r8-9,110,MP,MP,f3r8,2.723242171934449,1.2080330100026089,2.42680396967037,6.353163690037684,TRUE,saithe,FALSE,0.9045,0.5495,norway_pout,0.13,0.4195,saithe,59.75619104045955,0,0,saithe_0
f4r10-10,f4r10,f4r10-10,f4r10;f4r10-10,110,MP,MP,f4r10,7.0686221909247635,3.43767356105192,17.30934474062711,16.906176877878746,TRUE,poor_cod,FALSE,0.9885,0.821,norway_pout,0.0885,0.7324999999999999,poor_cod,148.66466596526755,1,1,poor_cod_1
f4r10-11,f4r10,f4r10-11,f4r10;f4r10-11,110,MP,MP,f4r10,5.682844130909673,2.573330069008275,10.6877907046311,13.36786839733904,TRUE,poor_cod,FALSE,0.8285,0.5855,lesser_sand_eel,0.166,0.4195,poor_cod,109.7367744813836,1,1,poor_cod_1
f4r10-12,f4r10,f4r10-12,f4r10;f4r10-12,110,MP,MP,f4r10,7.140672515766257,3.316282559107092,17.002445651409975,16.76632380159576,TRUE,poor_cod,FALSE,0.9835,0.7955,haddock,0.1145,0.6809999999999999,poor_cod,150.68863164038993,1,1,poor_cod_1
f4r10-13,f4r10,f4r10-13,f4r10;f4r10-13,110,MP,MP,f4r10,5.538836302034915,2.5290832533010414,10.251638985688118,13.031824783301827,TRUE,poor_cod,TRUE,0.7170000000000001,0.464,lesser_sand_eel,0.271,0.193,gadoids_unknown,NA,NA,NA,gadoids_unknown
f4r10-14,f4r10,f4r10-14,f4r10;f4r10-14,110,MP,MP,f4r10,5.145476256144011,2.385435162248,8.872067986638385,12.201558887928837,TRUE,poor_cod,TRUE,0.759,0.4275,lesser_sand_eel,0.2345,0.193,gadoids_unknown,NA,NA,NA,gadoids_unknown
f4r10-15,f4r10,f4r10-15,f4r10;f4r10-15,110,MP,MP,f4r10,4.929137181712689,2.5454327374270513,9.363801022873291,11.970234497989564,TRUE,poor_cod,TRUE,0.591,0.479,lesser_sand_eel,0.32,0.15899999999999995,gadoids_unknown,NA,NA,NA,gadoids_unknown
f4r10-16,f4r10,f4r10-16,f4r10;f4r10-16,110,MP,MP,f4r10,5.2267527592465015,2.723564517532389,10.329212177609756,12.646424593155054,TRUE,poor_cod,FALSE,0.6114999999999999,0.5075,lesser_sand_eel,0.2995,0.20799999999999996,poor_cod,96.92471175999347,1,1,poor_cod_1
f4r10-17,f4r10,f4r10-17,f4r10;f4r10-17,110,MP,MP,f4r10,6.38476610790712,2.948287630126705,13.690495682241185,15.20111173299101,TRUE,poor_cod,FALSE,0.9575,0.71,norway_pout,0.1275,0.5825,poor_cod,129.4544647372189,1,1,poor_cod_1
f4r10-18,f4r10,f4r10-18,f4r10;f4r10-18,110,MP,MP,f4r10,5.226196656932451,2.415535234139888,9.175525146040767,12.389723255054715,TRUE,poor_cod,FALSE,0.7365,0.528,lesser_sand_eel,0.258,0.27,poor_cod,96.90909028988949,1,1,poor_cod_1
f4r10-19,f4r10,f4r10-19,f4r10;f4r10-19,110,MP,MP,f4r10,5.330329749150304,2.481779877039266,9.818412939191488,12.66038208970135,TRUE,poor_cod,FALSE,0.6945,0.5175,lesser_sand_eel,0.2995,0.21799999999999997,poor_cod,99.8342929833812,1,1,poor_cod_1
f4r10-2,f4r10,f4r10-2,f4r10;f4r10-2,110,MP,MP,f4r10,7.005031761094881,3.2889714574703715,16.97364401561555,16.77119009427862,TRUE,poor_cod,FALSE,0.979,0.88,haddock,0.0475,0.8325,poor_cod,146.8783472009163,1,1,poor_cod_1
f4r10-20,f4r10,f4r10-20,f4r10;f4r10-20,110,MP,MP,f4r10,5.9888802020951655,2.970347876492752,12.748083076200844,14.444514040253702,TRUE,poor_cod,FALSE,0.926,0.867,lesser_sand_eel,0.0715,0.7955,poor_cod,118.33363375705528,1,1,poor_cod_1
f4r10-21,f4r10,f4r10-21,f4r10;f4r10-21,110,MP,MP,f4r10,4.5854451626217045,2.250628482115673,7.465628207330237,10.901011891284863,TRUE,poor_cod,TRUE,0.763,0.417,lesser_sand_eel,0.207,0.21,gadoids_unknown,NA,NA,NA,gadoids_unknown
f4r10-22,f4r10,f4r10-22,f4r10;f4r10-22,110,MP,MP,f4r10,4.766833624316265,2.3596892983046702,8.204463462639463,11.437472548594693,TRUE,poor_cod,FALSE,0.732,0.596,lesser_sand_eel,0.2505,0.3455,poor_cod,84.00512334066818,1,1,poor_cod_1
f4r10-23,f4r10,f4r10-23,f4r10;f4r10-23,110,MP,MP,f4r10,5.95171895034473,2.8181700374896304,11.8536872033246,14.09861186611714,TRUE,poor_cod,FALSE,0.905,0.653,norway_pout,0.137,0.516,poor_cod,117.2897370341338,1,1,poor_cod_1
f4r10-24,f4r10,f4r10-24,f4r10;f4r10-24,110,MP,MP,f4r10,5.400281550951486,2.42585439503438,9.91113302439273,12.80107027606948,TRUE,poor_cod,FALSE,0.706,0.5005,lesser_sand_eel,0.286,0.21449999999999997,poor_cod,101.7993090477782,1,1,poor_cod_1
f4r10-25,f4r10,f4r10-25,f4r10;f4r10-25,110,MP,MP,f4r10,2.0989078549407374,0.8611569213354079,1.3429439847566025,4.833690109519832,TRUE,saithe,FALSE,0.974,0.8035,cod,0.1355,0.6679999999999999,saithe,45.08433459110733,0,0,saithe_0
f4r10-26,f4r10,f4r10-26,f4r10;f4r10-26,110,MP,MP,f4r10,2.6609695627968253,1.0673286535955402,2.158055257681187,6.12580639989952,TRUE,saithe,FALSE,0.979,0.8255,cod,0.092,0.7335,saithe,58.29278472572539,0,0,saithe_0
f4r10-27,f4r10,f4r10-27,f4r10;f4r10-27,110,MP,MP,f4r10,2.578893333317255,1.0248204975254458,2.0422941193493283,5.943305351385352,TRUE,saithe,FALSE,0.9615,0.783,cod,0.128,0.655,saithe,56.36399333295549,0,0,saithe_0
f4r10-28,f4r10,f4r10-28,f4r10;f4r10-28,110,MP,MP,f4r10,1.9599890512657268,0.7813666372887734,1.157065790319147,4.481571344710477,TRUE,saithe,FALSE,0.9785,0.801,cod,0.1455,0.6555000000000001,saithe,41.81974270474458,0,0,saithe_0
f4r10-29,f4r10,f4r10-29,f4r10;f4r10-29,110,MP,MP,f4r10,2.4611622843968215,1.0225680383916729,1.8510200943778117,5.6333437638141275,TRUE,saithe,FALSE,0.962,0.748,cod,0.153,0.595,saithe,53.597313683325304,0,0,saithe_0
f4r10-3,f4r10,f4r10-3,f4r10;f4r10-3,110,MP,MP,f4r10,6.101557784098432,2.8870225222260224,12.426263443819506,14.520266544027557,TRUE,poor_cod,FALSE,0.953,0.66,norway_pout,0.1255,0.5345,poor_cod,121.49885971310906,1,1,poor_cod_1
f4r10-30,f4r10,f4r10-30,f4r10;f4r10-30,110,MP,MP,f4r10,3.117280551931546,1.2897442506813337,3.115917079486758,7.2854050784358,TRUE,saithe,FALSE,0.9545,0.7615,cod,0.118,0.6435,saithe,69.01609297039133,0,0,saithe_0
f4r10-31,f4r10,f4r10-31,f4r10;f4r10-31,110,MP,MP,f4r10,3.0743179365835505,1.2118426659637236,2.9353194977629284,7.110807007542299,TRUE,saithe,FALSE,0.9665,0.7565,cod,0.1605,0.596,saithe,68.00647150971344,0,0,saithe_0
f4r10-32,f4r10,f4r10-32,f4r10;f4r10-32,110,MP,MP,f4r10,3.133355008055731,1.2801126203403002,3.0762429397000295,7.239220007336302,TRUE,saithe,FALSE,0.9635,0.759,cod,0.152,0.607,saithe,69.39384268930968,0,0,saithe_0
f4r10-33,f4r10,f4r10-33,f4r10;f4r10-33,110,MP,MP,f4r10,2.9255203295770724,1.2178003371966233,2.7629724127037942,6.808148449676471,TRUE,saithe,FALSE,0.959,0.7595,cod,0.1455,0.614,saithe,64.50972774506121,0,0,saithe_0
f4r10-34,f4r10,f4r10-34,f4r10;f4r10-34,110,MP,MP,f4r10,0.900861601464235,0.4048601856237114,0.28040557102463204,2.118123067234853,TRUE,saithe,FALSE,0.794,0.6175,wrasse,0.138,0.4795,saithe,16.930247634409525,0,0,saithe_0
f4r10-35,f4r10,f4r10-35,f4r10;f4r10-35,110,MP,MP,f4r10,3.028246479676848,1.2049385002627435,2.899108729508778,7.063471794191395,TRUE,saithe,FALSE,0.963,0.7755,cod,0.133,0.6425,saithe,66.92379227240593,0,0,saithe_0
f4r10-36,f4r10,f4r10-36,f4r10;f4r10-36,110,MP,MP,f4r10,3.055496997203063,1.223528215881266,2.7307017714207915,6.927452291529987,TRUE,saithe,FALSE,0.9715,0.7295,cod,0.154,0.5755,saithe,67.56417943427199,0,0,saithe_0
f4r10-37,f4r10,f4r10-37,f4r10;f4r10-37,110,MP,MP,f4r10,2.8823993822190284,1.2083914298294018,2.7439215738227514,6.757947831788984,TRUE,saithe,FALSE,0.9335,0.8025,cod,0.0745,0.728,saithe,63.49638548214717,0,0,saithe_0
f4r10-38,f4r10,f4r10-38,f4r10;f4r10-38,110,MP,MP,f4r10,3.1991498786034795,1.366891632707837,3.3081383642218025,7.481437275153357,TRUE,saithe,FALSE,0.9505,0.775,cod,0.1125,0.6625,saithe,70.94002214718178,0,0,saithe_0
f4r10-39,f4r10,f4r10-39,f4r10;f4r10-39,110,MP,MP,f4r10,1.9608184428574664,0.7974532581110763,1.1926374424970865,4.525459421451673,TRUE,saithe,FALSE,0.9615,0.7725,cod,0.1495,0.623,saithe,41.83923340715046,0,0,saithe_0
f4r10-4,f4r10,f4r10-4,f4r10;f4r10-4,110,MP,MP,f4r10,6.648120742258392,3.0579967238278924,14.20237475438333,15.584379846746666,TRUE,poor_cod,TRUE,0.965,0.4055,haddock,0.2865,0.11900000000000004,gadoids_unknown,NA,NA,NA,gadoids_unknown
f4r10-40,f4r10,f4r10-40,f4r10;f4r10-40,110,MP,MP,f4r10,2.249017555445657,0.8956831326245255,1.5785863278039982,5.2052819889879824,TRUE,saithe,FALSE,0.9475,0.776,cod,0.125,0.651,saithe,48.61191255297293,0,0,saithe_0
f4r10-41,f4r10,f4r10-41,f4r10;f4r10-41,110,MP,MP,f4r10,2.396132109123666,0.9614912936532196,1.758998312671418,5.51139294325943,TRUE,saithe,FALSE,0.9735,0.754,cod,0.1685,0.5855,saithe,52.069104564406146,0,0,saithe_0
f4r10-42,f4r10,f4r10-42,f4r10;f4r10-42,110,MP,MP,f4r10,2.8897167830082293,1.151231226669788,2.5889769501519733,6.680847415429538,TRUE,saithe,FALSE,0.9755,0.814,cod,0.091,0.723,saithe,63.66834440069339,0,0,saithe_0
f4r10-43,f4r10,f4r10-43,f4r10;f4r10-43,110,MP,MP,f4r10,2.031430045215792,0.8155134160885682,1.231294205016296,4.642155675550112,TRUE,saithe,FALSE,0.976,0.755,cod,0.176,0.579,saithe,43.498606062571106,0,0,saithe_0
f4r10-44,f4r10,f4r10-44,f4r10;f4r10-44,110,MP,MP,f4r10,1.92864924847095,0.8921768745509263,1.2630592316209448,4.520218096611461,TRUE,saithe,FALSE,0.7785,0.5845,wrasse,0.159,0.4255,saithe,41.08325733906732,0,0,saithe_0
f4r10-45,f4r10,f4r10-45,f4r10;f4r10-45,110,MP,MP,f4r10,1.5269707732273117,0.6726247390017792,0.7991672917724838,3.6191624468547734,TRUE,saithe,FALSE,0.8554999999999999,0.718,wrasse,0.0885,0.6295,saithe,31.643813170841824,0,0,saithe_0
f4r10-46,f4r10,f4r10-46,f4r10;f4r10-46,110,MP,MP,f4r10,1.7949081407681329,0.7633182347796637,1.0604762172475826,4.182590319641599,TRUE,saithe,FALSE,0.8965000000000001,0.6995,cod,0.1335,0.5660000000000001,saithe,37.94034130805112,0,0,saithe_0
f4r10-47,f4r10,f4r10-47,f4r10;f4r10-47,110,MP,MP,f4r10,2.303439849294022,0.92341486603287,1.5595969858381276,5.259193238593347,TRUE,saithe,FALSE,0.972,0.7585,cod,0.139,0.6194999999999999,saithe,49.89083645840951,0,0,saithe_0
f4r10-48,f4r10,f4r10-48,f4r10;f4r10-48,110,MP,MP,f4r10,2.3074473079504307,0.894424708902384,1.563281583252072,5.263198468115756,TRUE,saithe,FALSE,0.9725,0.7545,cod,0.155,0.5994999999999999,saithe,49.98501173683512,0,0,saithe_0
f4r10-49,f4r10,f4r10-49,f4r10;f4r10-49,110,MP,MP,f4r10,1.7115325732406053,0.7165353473680718,0.9540216348189292,3.989345356948443,TRUE,saithe,FALSE,0.9,0.7475,cod,0.1,0.6475000000000001,saithe,35.98101547115422,0,0,saithe_0
f4r10-5,f4r10,f4r10-5,f4r10;f4r10-5,110,MP,MP,f4r10,7.537879073120989,3.4694763414723333,19.489328256301825,17.99911390460053,TRUE,poor_cod,FALSE,0.9565,0.8395,haddock,0.065,0.7745,poor_cod,161.8465610430417,1,1,poor_cod_1
f4r10-50,f4r10,f4r10-50,f4r10;f4r10-50,110,MP,MP,f4r10,2.2915317399031663,0.9338799077553548,1.5590248907695303,5.233621336868388,TRUE,saithe,FALSE,0.9685,0.764,cod,0.1355,0.6285000000000001,saithe,49.61099588772441,0,0,saithe_0
f4r10-51,f4r10,f4r10-51,f4r10;f4r10-51,110,MP,MP,f4r10,2.130537340586536,0.8618504355431975,1.3590252663851543,4.888341981402575,TRUE,saithe,FALSE,0.958,0.7515,cod,0.171,0.5804999999999999,saithe,45.827627503783596,0,0,saithe_0
f4r10-52,f4r10,f4r10-52,f4r10;f4r10-52,110,MP,MP,f4r10,1.9944570379906983,0.7723771346826703,1.18378397475552,4.55094513626176,TRUE,saithe,FALSE,0.976,0.7725,cod,0.171,0.6014999999999999,saithe,42.62974039278141,0,0,saithe_0
f4r10-53,f4r10,f4r10-53,f4r10;f4r10-53,110,MP,MP,f4r10,1.711665607692584,0.7801234553166865,0.9852780056448524,4.013928720261542,TRUE,saithe,FALSE,0.7655,0.568,wrasse,0.1685,0.3995,saithe,35.98414178077572,0,0,saithe_0
f4r10-54,f4r10,f4r10-54,f4r10;f4r10-54,110,MP,MP,f4r10,1.541075010336881,0.6676222222537821,0.7406606144851317,3.552646036475921,TRUE,saithe,FALSE,0.9595,0.7805,cod,0.1405,0.6399999999999999,saithe,31.975262742916705,0,0,saithe_0
f4r10-55,f4r10,f4r10-55,f4r10;f4r10-55,110,MP,MP,f4r10,1.7205266655814802,0.7242588131175043,0.9332040367659398,3.978224546234791,TRUE,saithe,FALSE,0.9435,0.745,cod,0.145,0.6,saithe,36.192376641164785,0,0,saithe_0
f4r10-56,f4r10,f4r10-56,f4r10;f4r10-56,110,MP,MP,f4r10,1.7621581044670485,0.7010647106194969,0.898303651918658,3.99945415064711,TRUE,saithe,FALSE,0.85,0.6475,wrasse,0.146,0.5015,saithe,37.170715454975635,0,0,saithe_0
f4r10-57,f4r10,f4r10-57,f4r10;f4r10-57,110,MP,MP,f4r10,1.4168431968920252,0.6457653356523534,0.6722600591591413,3.295048765711543,TRUE,saithe,TRUE,0.6325000000000001,0.465,wrasse,0.3355,0.1295,gadoids_unknown,NA,NA,NA,gadoids_unknown
f4r10-58,f4r10,f4r10-58,f4r10;f4r10-58,110,MP,MP,f4r10,1.513172062099875,0.7127363413205569,0.7896061997873108,3.561843959248809,TRUE,saithe,FALSE,0.709,0.5335,wrasse,0.2315,0.30199999999999994,saithe,31.31954345934706,0,0,saithe_0
f4r10-59,f4r10,f4r10-59,f4r10;f4r10-59,110,MP,MP,f4r10,1.854170963538478,0.8338142531875065,1.1266195630024751,4.324573531584074,TRUE,saithe,TRUE,0.6525,0.4955,wrasse,0.3175,0.178,gadoids_unknown,NA,NA,NA,gadoids_unknown
f4r10-6,f4r10,f4r10-6,f4r10;f4r10-6,110,MP,MP,f4r10,6.275577706443598,2.8192492143937113,13.261519745126003,14.886114995990145,TRUE,poor_cod,FALSE,0.9565,0.747,haddock,0.131,0.616,poor_cod,126.3872533517071,1,1,poor_cod_1
f4r10-60,f4r10,f4r10-60,f4r10;f4r10-60,110,MP,MP,f4r10,2.1214617087704077,0.8625670621027697,1.409681788383995,4.911221643812599,TRUE,saithe,FALSE,0.967,0.8105,cod,0.125,0.6855,saithe,45.61435015610458,0,0,saithe_0
f4r10-61,f4r10,f4r10-61,f4r10;f4r10-61,110,MP,MP,f4r10,2.2328572267860967,0.8701131601231282,1.4981417840396072,5.111317095152801,TRUE,saithe,FALSE,0.979,0.794,cod,0.137,0.657,saithe,48.23214482947327,0,0,saithe_0
f4r10-62,f4r10,f4r10-62,f4r10;f4r10-62,110,MP,MP,f4r10,2.598370854924831,1.0039108167421742,2.0089532425689316,5.945927325468292,TRUE,saithe,FALSE,0.9635,0.784,cod,0.121,0.663,saithe,56.82171509073353,0,0,saithe_0
f4r10-63,f4r10,f4r10-63,f4r10;f4r10-63,110,MP,MP,f4r10,1.5391377402597235,0.6590217044062239,0.7873786480890443,3.5921424299427342,TRUE,saithe,FALSE,0.8805,0.718,cod,0.0975,0.6204999999999999,saithe,31.9297368961035,0,0,saithe_0
f4r10-64,f4r10,f4r10-64,f4r10;f4r10-64,110,MP,MP,f4r10,1.711762215926685,0.7929416773830481,1.02733933996578,4.072989200086819,TRUE,saithe,FALSE,0.725,0.509,wrasse,0.2105,0.2985,saithe,35.9864120742771,0,0,saithe_0
f4r10-65,f4r10,f4r10-65,f4r10;f4r10-65,110,MP,MP,f4r10,2.259294053966477,0.9110275866034788,1.5265928060667864,5.160676651539006,TRUE,saithe,FALSE,0.9745,0.78,cod,0.142,0.638,saithe,48.853410268212215,0,0,saithe_0
f4r10-66,f4r10,f4r10-66,f4r10;f4r10-66,110,MP,MP,f4r10,1.9273823928922205,0.7396243717408982,1.060434759417061,4.373814414347072,TRUE,saithe,FALSE,0.9545,0.7865,cod,0.1085,0.6779999999999999,saithe,41.05348623296718,0,0,saithe_0
f4r10-67,f4r10,f4r10-67,f4r10;f4r10-67,110,MP,MP,f4r10,1.6531851770424664,0.6527843905621911,0.8142912079072966,3.765923875844776,TRUE,saithe,FALSE,0.9745,0.7655,cod,0.167,0.5984999999999999,saithe,34.60985166049796,0,0,saithe_0
f4r10-68,f4r10,f4r10-68,f4r10;f4r10-68,110,MP,MP,f4r10,2.1833842809221973,0.9169454624286588,1.5364116496664426,5.070893229301097,TRUE,saithe,FALSE,0.946,0.775,cod,0.1145,0.6605,saithe,47.06953060167164,0,0,saithe_0
f4r10-69,f4r10,f4r10-69,f4r10;f4r10-69,110,MP,MP,f4r10,1.827933699258753,0.7540572928228425,1.068035033174758,4.235811075828438,TRUE,saithe,FALSE,0.9645,0.791,cod,0.134,0.657,saithe,38.71644193258069,0,0,saithe_0
f4r10-7,f4r10,f4r10-7,f4r10;f4r10-7,110,MP,MP,f4r10,7.02939101573593,3.3546852068411135,17.06787182145207,16.868260964001927,TRUE,poor_cod,FALSE,0.9655,0.907,lesser_sand_eel,0.033,0.874,poor_cod,147.56262302303801,1,1,poor_cod_1
f4r10-70,f4r10,f4r10-70,f4r10;f4r10-70,110,MP,MP,f4r10,2.23164772520069,0.887320879716877,1.4851485196890548,5.080321498426545,TRUE,saithe,FALSE,0.953,0.7405,cod,0.1645,0.5760000000000001,saithe,48.20372154221621,0,0,saithe_0
f4r10-71,f4r10,f4r10-71,f4r10;f4r10-71,110,MP,MP,f4r10,1.6612882540923672,0.7666633370529403,0.9504385743951522,3.911000593885471,TRUE,saithe,FALSE,0.7665,0.578,wrasse,0.167,0.4109999999999999,saithe,34.800273971170625,0,0,saithe_0
f4r10-72,f4r10,f4r10-72,f4r10;f4r10-72,110,MP,MP,f4r10,1.5347982305967394,0.6806313711306137,0.7650712087578689,3.5706021810854347,TRUE,saithe,FALSE,0.8855,0.732,cod,0.0955,0.6365,saithe,31.827758419023375,0,0,saithe_0
f4r10-73,f4r10,f4r10-73,f4r10;f4r10-73,110,MP,MP,f4r10,1.7647777168973109,0.7586860758218072,0.9342772049859568,4.0234088474065715,TRUE,saithe,FALSE,0.763,0.5795,wrasse,0.2285,0.351,saithe,37.2322763470868,0,0,saithe_0
f4r10-74,f4r10,f4r10-74,f4r10;f4r10-74,110,MP,MP,f4r10,1.779358132800491,0.7362491284370063,1.02060307196685,4.1526004127174225,TRUE,saithe,FALSE,0.951,0.7875,cod,0.0815,0.706,saithe,37.57491612081154,0,0,saithe_0
f4r10-75,f4r10,f4r10-75,f4r10;f4r10-75,110,MP,MP,f4r10,1.382209411652155,0.6473226616596259,0.6823771176565651,3.315915425321806,TRUE,saithe,TRUE,0.689,0.4395,wrasse,0.1975,0.242,gadoids_unknown,NA,NA,NA,gadoids_unknown
f4r10-76,f4r10,f4r10-76,f4r10;f4r10-76,110,MP,MP,f4r10,1.6069557116879742,0.615111067118225,0.7293305655004251,3.6095120166337544,TRUE,saithe,FALSE,0.8365,0.6015,wrasse,0.1595,0.44200000000000006,saithe,33.52345922466739,0,0,saithe_0
f4r10-77,f4r10,f4r10-77,f4r10;f4r10-77,110,MP,MP,f4r10,0.930861101777902,0.4853394349792428,0.3615222128949823,2.3139744515767604,TRUE,wrasse,FALSE,0.3425,0.354,lesser_sand_eel,0.3035,0.05049999999999999,wrasse,NA,NA,NA,wrasse
f4r10-8,f4r10,f4r10-8,f4r10;f4r10-8,110,MP,MP,f4r10,4.8216917640815256,2.5773093439975536,8.817358204397404,11.88712743952876,TRUE,poor_cod,TRUE,0.6975,0.491,lesser_sand_eel,0.2865,0.2045,gadoids_unknown,NA,NA,NA,gadoids_unknown
f4r10-9,f4r10,f4r10-9,f4r10;f4r10-9,110,MP,MP,f4r10,6.165737436643376,2.909277138947384,12.584335897326566,14.626294337627934,TRUE,poor_cod,FALSE,0.9595,0.6425,norway_pout,0.14,0.5025,poor_cod,123.30173033274906,1,1,poor_cod_1
f4r3-1,f4r3,f4r3-1,f4r3;f4r3-1,110,MP,MP,f4r3,2.196641137400774,0.8352063276616599,1.3761268126985289,4.952298426835374,TRUE,saithe,FALSE,0.9145,0.722,cod,0.139,0.583,saithe,47.381066728918185,0,0,saithe_0
f4r3-10,f4r3,f4r3-10,f4r3;f4r3-10,110,MP,MP,f4r3,1.960984008300603,0.7525872461061929,1.132666049297523,4.453280810401214,TRUE,saithe,FALSE,0.983,0.8045,cod,0.1315,0.673,saithe,41.84312419506416,0,0,saithe_0
f4r3-100,f4r3,f4r3-100,f4r3;f4r3-100,110,MP,MP,f4r3,6.424415937266196,2.3674182075389525,11.637684079626652,14.56243508474368,TRUE,saithe,FALSE,0.9955,0.56,cod,0.3445,0.21550000000000008,saithe,154.49758722057325,1,1,saithe_1
f4r3-101,f4r3,f4r3-101,f4r3;f4r3-101,110,MP,MP,f4r3,6.2526529775777275,2.3271682049849103,10.9239728684277,14.113244938011803,TRUE,saithe,TRUE,0.9965,0.46,cod,0.4505,0.0095,gadoids_unknown,NA,NA,NA,gadoids_unknown
f4r3-102,f4r3,f4r3-102,f4r3;f4r3-102,110,MP,MP,f4r3,6.464332011826939,2.352822265099867,11.749835296898512,14.613561703845564,TRUE,saithe,FALSE,0.9925,0.5005,cod,0.4035,0.09699999999999992,saithe,155.9686834705797,1,1,saithe_1
f4r3-104,f4r3,f4r3-104,f4r3;f4r3-104,110,MP,MP,f4r3,1.7149701044331964,0.7091248898863894,0.9122803795767882,3.932997253890848,TRUE,saithe,FALSE,0.9575,0.753,cod,0.169,0.584,saithe,36.061797454180116,0,0,saithe_0
f4r3-105,f4r3,f4r3-105,f4r3;f4r3-105,110,MP,MP,f4r3,1.4003686200181442,0.6443841528174951,0.6750405366840154,3.273612490367548,TRUE,saithe,FALSE,0.718,0.522,wrasse,0.2275,0.2945,saithe,28.668662570426385,0,0,saithe_0
f4r3-106,f4r3,f4r3-106,f4r3;f4r3-106,110,MP,MP,f4r3,1.944466059174674,0.8531703059045428,1.157636441284788,4.4659982243541485,TRUE,saithe,TRUE,0.6675,0.458,wrasse,0.314,0.14400000000000002,gadoids_unknown,NA,NA,NA,gadoids_unknown
f4r3-107,f4r3,f4r3-107,f4r3;f4r3-107,110,MP,MP,f4r3,1.354025452398698,0.5547710277126974,0.5650382468003642,3.114491231326651,TRUE,saithe,FALSE,0.976,0.81,cod,0.1335,0.6765000000000001,saithe,27.5795981313694,0,0,saithe_0
f4r3-108,f4r3,f4r3-108,f4r3;f4r3-108,110,MP,MP,f4r3,1.4979992063067151,0.6373244057854736,0.7246871205869702,3.4607352112186125,TRUE,saithe,FALSE,0.925,0.716,cod,0.1325,0.5834999999999999,saithe,30.962981348207805,0,0,saithe_0
f4r3-109,f4r3,f4r3-109,f4r3;f4r3-109,110,MP,MP,f4r3,1.201018893957189,0.5437026445727724,0.5056435175299544,2.83240075599823,TRUE,saithe,FALSE,0.756,0.581,wrasse,0.172,0.409,saithe,23.98394400799394,0,0,saithe_0
f4r3-11,f4r3,f4r3-11,f4r3;f4r3-11,110,MP,MP,f4r3,1.587037843203484,0.6645478018980281,0.7807606731390639,3.628591881736252,TRUE,saithe,FALSE,0.7955,0.583,wrasse,0.194,0.389,saithe,33.05538931528187,0,0,saithe_0
f4r3-110,f4r3,f4r3-110,f4r3;f4r3-110,110,MP,MP,f4r3,1.265142261816799,0.5429704228988209,0.5212527640898311,2.9218090087719752,TRUE,saithe,FALSE,0.888,0.6935,cod,0.1235,0.5700000000000001,saithe,25.490843152694772,0,0,saithe_0
f4r3-111,f4r3,f4r3-111,f4r3;f4r3-111,110,MP,MP,f4r3,1.578903441491651,0.6780583372341488,0.8225541837729501,3.6932854519321863,TRUE,saithe,FALSE,0.91,0.761,cod,0.104,0.657,saithe,32.86423087505379,0,0,saithe_0
f4r3-112,f4r3,f4r3-112,f4r3;f4r3-112,110,MP,MP,f4r3,1.5534596772286529,0.6627473685475304,0.784898235929755,3.5993875089507092,TRUE,saithe,FALSE,0.9305,0.7525,cod,0.12,0.6325,saithe,32.26630241487334,0,0,saithe_0
f4r3-113,f4r3,f4r3-113,f4r3;f4r3-113,110,MP,MP,f4r3,1.5933506122435244,0.6617396874354323,0.7796808473998719,3.644916940972494,TRUE,saithe,FALSE,0.7969999999999999,0.596,wrasse,0.1945,0.4015,saithe,33.20373938772282,0,0,saithe_0
f4r3-114,f4r3,f4r3-114,f4r3;f4r3-114,110,MP,MP,f4r3,1.3583946192515792,0.5806382739820285,0.6009867088130507,3.138039205906216,TRUE,saithe,FALSE,0.9105,0.6955,cod,0.147,0.5485,saithe,27.682273552412113,0,0,saithe_0
f4r3-115,f4r3,f4r3-115,f4r3;f4r3-115,110,MP,MP,f4r3,1.6390575113378127,0.6956082268635524,0.8695965952916759,3.7947841490843,TRUE,saithe,FALSE,0.932,0.766,cod,0.1155,0.6505,saithe,34.277851516438595,0,0,saithe_0
f4r3-117,f4r3,f4r3-117,f4r3;f4r3-117,110,MP,MP,f4r3,1.146869693160174,0.5329868001345217,0.4591269538157447,2.7019476124218937,TRUE,saithe,FALSE,0.746,0.5665,wrasse,0.1855,0.381,saithe,22.71143778926409,0,0,saithe_0
f4r3-118,f4r3,f4r3-118,f4r3;f4r3-118,110,MP,MP,f4r3,1.3482804484047517,0.5929642565770368,0.5824236396777339,3.109090477580428,TRUE,saithe,FALSE,0.772,0.5905,wrasse,0.2085,0.382,saithe,27.444590537511665,0,0,saithe_0
f4r3-119,f4r3,f4r3-119,f4r3;f4r3-119,110,MP,MP,f4r3,1.428294553325697,0.650538009762657,0.7258135654033268,3.4171615253467,TRUE,saithe,FALSE,0.6599999999999999,0.5125,wrasse,0.203,0.30949999999999994,saithe,29.32492200315388,0,0,saithe_0
f4r3-12,f4r3,f4r3-12,f4r3;f4r3-12,110,MP,MP,f4r3,1.96369885807114,0.7835078773374955,1.1542542237649622,4.481376473523027,TRUE,saithe,FALSE,0.9675,0.7795,cod,0.144,0.6355,saithe,41.90692316467179,0,0,saithe_0
f4r3-120,f4r3,f4r3-120,f4r3;f4r3-120,110,MP,MP,f4r3,1.1969019309878386,0.5537279912737104,0.532937134018488,2.8914921230568806,TRUE,saithe,TRUE,0.4655,0.3815,lesser_sand_eel,0.3075,0.07400000000000001,gadoids_unknown,NA,NA,NA,gadoids_unknown
f4r3-121,f4r3,f4r3-121,f4r3;f4r3-121,110,MP,MP,f4r3,1.6332751614369572,0.670236238680993,0.79829893996482,3.718671554562466,TRUE,saithe,FALSE,0.8039999999999999,0.607,wrasse,0.192,0.415,saithe,34.14196629376849,0,0,saithe_0
f4r3-122,f4r3,f4r3-122,f4r3;f4r3-122,110,MP,MP,f4r3,1.5947730607623436,0.6256263860256313,0.7555864528635772,3.620618373966567,TRUE,saithe,FALSE,0.98,0.7915,cod,0.143,0.6485,saithe,33.23716692791507,0,0,saithe_0
f4r3-123,f4r3,f4r3-123,f4r3;f4r3-123,110,MP,MP,f4r3,1.3899303154160665,0.6358321905106509,0.711092041065274,3.330366337297083,TRUE,saithe,TRUE,0.519,0.4145,lesser_sand_eel,0.2765,0.13799999999999996,gadoids_unknown,NA,NA,NA,gadoids_unknown
f4r3-124,f4r3,f4r3-124,f4r3;f4r3-124,110,MP,MP,f4r3,1.4964333680923243,0.5747553834320952,0.6661364108457577,3.411305816030772,TRUE,saithe,FALSE,0.944,0.6875,cod,0.2135,0.474,saithe,30.926184150169618,0,0,saithe_0
f4r3-125,f4r3,f4r3-125,f4r3;f4r3-125,110,MP,MP,f4r3,1.6140286007230369,0.6830095794770128,0.8521706485655719,3.740277027070535,TRUE,saithe,FALSE,0.878,0.6505,cod,0.142,0.5085,saithe,33.68967211699137,0,0,saithe_0
f4r3-126,f4r3,f4r3-126,f4r3;f4r3-126,110,MP,MP,f4r3,1.4994437452706826,0.6290297988275659,0.7192594774078436,3.471178359553751,TRUE,saithe,FALSE,0.962,0.7575,cod,0.1565,0.601,saithe,30.996928013861037,0,0,saithe_0
f4r3-127,f4r3,f4r3-127,f4r3;f4r3-127,110,MP,MP,f4r3,1.6643017231659931,0.7254526389393829,0.9004513421739054,3.840152273388059,TRUE,saithe,FALSE,0.8795,0.6645,cod,0.135,0.5295,saithe,34.87109049440084,0,0,saithe_0
f4r3-128,f4r3,f4r3-128,f4r3;f4r3-128,110,MP,MP,f4r3,1.6436687403346044,0.6951064007399339,0.8548370858715164,3.7901951866171335,TRUE,saithe,FALSE,0.955,0.746,cod,0.156,0.59,saithe,34.386215397863204,0,0,saithe_0
f4r3-129,f4r3,f4r3-129,f4r3;f4r3-129,110,MP,MP,f4r3,1.5102226293556182,0.6139995550851495,0.7035065741757096,3.4560523790815387,TRUE,saithe,FALSE,0.974,0.7625,cod,0.1635,0.599,saithe,31.250231789857025,0,0,saithe_0
f4r3-13,f4r3,f4r3-13,f4r3;f4r3-13,110,MP,MP,f4r3,2.295556971840602,0.8977839039041726,1.541686204312501,5.212713685362929,TRUE,saithe,FALSE,0.974,0.739,cod,0.1535,0.5855,saithe,49.70558883825415,0,0,saithe_0
f4r3-130,f4r3,f4r3-130,f4r3;f4r3-130,110,MP,MP,f4r3,1.4677008341522342,0.5895066520843288,0.6630612375466886,3.3652502939456705,TRUE,saithe,FALSE,0.969,0.736,cod,0.1905,0.5455,saithe,30.2509696025775,0,0,saithe_0
f4r3-131,f4r3,f4r3-131,f4r3;f4r3-131,110,MP,MP,f4r3,1.508903477298517,0.6758649311594861,0.7739480347586103,3.5391159720199714,TRUE,saithe,FALSE,0.7725,0.5585,wrasse,0.1655,0.393,saithe,31.219231716515147,0,0,saithe_0
f4r3-132,f4r3,f4r3-132,f4r3;f4r3-132,110,MP,MP,f4r3,1.4894468951324598,0.6601237052631808,0.7502292083535186,3.4740245792718403,TRUE,saithe,FALSE,0.7995,0.606,wrasse,0.143,0.463,saithe,30.762002035612802,0,0,saithe_0
f4r3-133,f4r3,f4r3-133,f4r3;f4r3-133,110,MP,MP,f4r3,1.40542383751972,0.6031767044850767,0.6467263732137101,3.2616041548213333,TRUE,saithe,FALSE,0.9175,0.746,cod,0.1155,0.6305,saithe,28.78746018171342,0,0,saithe_0
f4r3-135,f4r3,f4r3-135,f4r3;f4r3-135,110,MP,MP,f4r3,1.4458180025742235,0.6556626023684451,0.6940931961242423,3.3652570600085316,TRUE,saithe,TRUE,0.6935,0.4965,wrasse,0.2615,0.235,gadoids_unknown,NA,NA,NA,gadoids_unknown
f4r3-136,f4r3,f4r3-136,f4r3;f4r3-136,110,MP,MP,f4r3,1.8359246207652,0.7754750529510974,1.023223814122392,4.213518024643904,TRUE,saithe,FALSE,0.964,0.7405,cod,0.1625,0.5780000000000001,saithe,38.904228587982196,0,0,saithe_0
f4r3-137,f4r3,f4r3-137,f4r3;f4r3-137,110,MP,MP,f4r3,1.6453266796505102,0.6679943650082382,0.8260111438740725,3.752782644470543,TRUE,saithe,FALSE,0.9305,0.7065,cod,0.178,0.5285,saithe,34.42517697178699,0,0,saithe_0
f4r3-138,f4r3,f4r3-138,f4r3;f4r3-138,110,MP,MP,f4r3,1.8062800482139467,0.7179987727245175,0.9804567014428656,4.115144234378426,TRUE,saithe,FALSE,0.9815,0.76,cod,0.1855,0.5745,saithe,38.207581133027745,0,0,saithe_0
f4r3-139,f4r3,f4r3-139,f4r3;f4r3-139,110,MP,MP,f4r3,1.2216972720188106,0.5263188384091346,0.4992698292064034,2.8466031642609573,TRUE,saithe,FALSE,0.833,0.632,wrasse,0.1065,0.5255,saithe,24.46988589244205,0,0,saithe_0
f4r3-14,f4r3,f4r3-14,f4r3;f4r3-14,110,MP,MP,f4r3,2.278335942095986,0.8977110050372314,1.583530848866328,5.271673048016401,TRUE,saithe,FALSE,0.9585,0.778,cod,0.1445,0.6335000000000001,saithe,49.30089463925567,0,0,saithe_0
f4r3-140,f4r3,f4r3-140,f4r3;f4r3-140,110,MP,MP,f4r3,1.8397086125340345,0.7504985006411077,1.0525791013090646,4.214162619671197,TRUE,saithe,FALSE,0.9585,0.676,cod,0.232,0.44400000000000006,saithe,38.99315239454981,0,0,saithe_0
f4r3-141,f4r3,f4r3-141,f4r3;f4r3-141,110,MP,MP,f4r3,1.680307307209614,0.646716231068682,0.7976464788091262,3.7717968965193673,TRUE,saithe,FALSE,0.854,0.6575,wrasse,0.142,0.5155,saithe,35.24722171942592,0,0,saithe_0
f4r3-142,f4r3,f4r3-142,f4r3;f4r3-142,110,MP,MP,f4r3,1.1695696371915687,0.4991618016298079,0.4630113310701092,2.734321211118748,TRUE,saithe,FALSE,0.7615000000000001,0.5895,wrasse,0.12,0.4695,saithe,23.244886474001866,0,0,saithe_0
f4r3-143,f4r3,f4r3-143,f4r3;f4r3-143,110,MP,MP,f4r3,1.6117085969981717,0.7102084050246524,0.8531251265467642,3.740914010980897,TRUE,saithe,FALSE,0.8270000000000001,0.656,wrasse,0.129,0.527,saithe,33.63515202945703,0,0,saithe_0
f4r3-144,f4r3,f4r3-144,f4r3;f4r3-144,110,MP,MP,f4r3,1.4951416208219184,0.5887575544697463,0.6712916735038617,3.4056229111075615,TRUE,saithe,FALSE,0.978,0.7575,cod,0.1795,0.578,saithe,30.89582808931508,0,0,saithe_0
f4r3-145,f4r3,f4r3-145,f4r3;f4r3-145,110,MP,MP,f4r3,1.433651251823019,0.58119788414542,0.6462682783843124,3.3016914255878507,TRUE,saithe,FALSE,0.9645,0.7345,cod,0.192,0.5425,saithe,29.450804417840942,0,0,saithe_0
f4r3-146,f4r3,f4r3-146,f4r3;f4r3-146,110,MP,MP,f4r3,1.2976912157603848,0.5791742587193685,0.5731721894583974,3.0281760826717936,TRUE,saithe,FALSE,0.8140000000000001,0.6205,wrasse,0.123,0.49750000000000005,saithe,26.25574357036904,0,0,saithe_0
f4r3-148,f4r3,f4r3-148,f4r3;f4r3-148,110,MP,MP,f4r3,1.398021328610601,0.6243331262946392,0.6556164211630978,3.330424284775602,TRUE,saithe,TRUE,0.624,0.3375,wrasse,0.299,0.03850000000000003,gadoids_unknown,NA,NA,NA,gadoids_unknown
f4r3-149,f4r3,f4r3-149,f4r3;f4r3-149,110,MP,MP,f4r3,1.6482093452537037,0.6607838050579651,0.8083021724651074,3.7357003592824745,TRUE,saithe,FALSE,0.885,0.5845,cod,0.252,0.3325,saithe,34.492919613462035,0,0,saithe_0
f4r3-15,f4r3,f4r3-15,f4r3;f4r3-15,110,MP,MP,f4r3,2.0350268908317037,0.899286755295353,1.359265302843489,4.729492569744327,TRUE,saithe,FALSE,0.7040000000000001,0.542,wrasse,0.2645,0.2775,saithe,43.58313193454504,0,0,saithe_0
f4r3-150,f4r3,f4r3-150,f4r3;f4r3-150,110,MP,MP,f4r3,1.7921968425240866,0.7267653579355293,1.006907221581079,4.132861593346312,TRUE,saithe,FALSE,0.9645,0.728,cod,0.2045,0.5235,saithe,37.87662579931603,0,0,saithe_0
f4r3-151,f4r3,f4r3-151,f4r3;f4r3-151,110,MP,MP,f4r3,1.2926773553827946,0.5942883335332236,0.5987151609533913,3.0666233962791845,TRUE,saithe,FALSE,0.7250000000000001,0.557,wrasse,0.187,0.3700000000000001,saithe,26.137917851495672,0,0,saithe_0
f4r3-152,f4r3,f4r3-152,f4r3;f4r3-152,110,MP,MP,f4r3,1.0269067608905866,0.451406654903513,0.3551092443383037,2.406651158345228,TRUE,saithe,FALSE,0.846,0.692,wrasse,0.093,0.599,saithe,19.892308880928788,0,0,saithe_0
f4r3-153,f4r3,f4r3-153,f4r3;f4r3-153,110,MP,MP,f4r3,1.5771372941204131,0.6814031500089744,0.8164899794534022,3.6568800090229177,TRUE,saithe,FALSE,0.8765000000000001,0.7105,cod,0.09,0.6205,saithe,32.822726411829706,0,0,saithe_0
f4r3-154,f4r3,f4r3-154,f4r3;f4r3-154,110,MP,MP,f4r3,1.9842006716173377,0.8040036939981767,1.2000022669677008,4.532141327269198,TRUE,saithe,FALSE,0.951,0.6905,cod,0.197,0.4935,saithe,42.388715783007434,0,0,saithe_0
f4r3-155,f4r3,f4r3-155,f4r3;f4r3-155,110,MP,MP,f4r3,1.556059927943819,0.6416337704151085,0.7456172572528881,3.568180789421856,TRUE,saithe,FALSE,0.848,0.6385,cod,0.1475,0.491,saithe,32.32740830667974,0,0,saithe_0
f4r3-156,f4r3,f4r3-156,f4r3;f4r3-156,110,MP,MP,f4r3,1.5330342460294952,0.6868640389159757,0.8023009031479951,3.577635642054597,TRUE,saithe,FALSE,0.7965,0.5905,wrasse,0.144,0.4465,saithe,31.786304781693133,0,0,saithe_0
f4r3-157,f4r3,f4r3-157,f4r3;f4r3-157,110,MP,MP,f4r3,1.630809368376451,0.7146993546631636,0.8655438886323837,3.765026115188002,TRUE,saithe,FALSE,0.727,0.5385,wrasse,0.2425,0.296,saithe,34.0840201568466,0,0,saithe_0
f4r3-158,f4r3,f4r3-158,f4r3;f4r3-158,110,MP,MP,f4r3,1.7004919561310368,0.7356070531653901,0.9275892579546372,3.930707356036916,TRUE,saithe,FALSE,0.864,0.6825,cod,0.111,0.5715,saithe,35.72156096907936,0,0,saithe_0
f4r3-159,f4r3,f4r3-159,f4r3;f4r3-159,110,MP,MP,f4r3,1.4425345194744037,0.6223128717934525,0.6705751414276999,3.3400594433954134,TRUE,saithe,FALSE,0.914,0.7315,cod,0.1185,0.613,saithe,29.659561207648487,0,0,saithe_0
f4r3-16,f4r3,f4r3-16,f4r3;f4r3-16,110,MP,MP,f4r3,1.840143747857523,0.7075098892192273,0.994192755126576,4.16538734721459,TRUE,saithe,FALSE,0.968,0.725,cod,0.185,0.54,saithe,39.00337807465179,0,0,saithe_0
f4r3-160,f4r3,f4r3-160,f4r3;f4r3-160,110,MP,MP,f4r3,1.5135178236282485,0.6025003302866315,0.6700042569765934,3.414845853909492,TRUE,saithe,FALSE,0.8119999999999999,0.573,wrasse,0.185,0.388,saithe,31.327668855263838,0,0,saithe_0
f4r3-161,f4r3,f4r3-161,f4r3;f4r3-161,110,MP,MP,f4r3,1.2933905958503435,0.5960851781911298,0.5920573765422976,3.0543208699984636,TRUE,saithe,FALSE,0.777,0.6,wrasse,0.1535,0.4465,saithe,26.15467900248307,0,0,saithe_0
f4r3-162,f4r3,f4r3-162,f4r3;f4r3-162,110,MP,MP,f4r3,1.249739311451338,0.5884341786597702,0.5904306739347431,3.032944672457371,TRUE,saithe,TRUE,0.483,0.4055,lesser_sand_eel,0.2895,0.11600000000000003,gadoids_unknown,NA,NA,NA,gadoids_unknown
f4r3-163,f4r3,f4r3-163,f4r3;f4r3-163,110,MP,MP,f4r3,1.1782731431907791,0.5082610539112972,0.4594328294832316,2.7336259677962347,TRUE,saithe,FALSE,0.851,0.6395,cod,0.1075,0.5319999999999999,saithe,23.449418864983308,0,0,saithe_0
f4r3-164,f4r3,f4r3-164,f4r3;f4r3-164,110,MP,MP,f4r3,1.4240537909145825,0.6139182628229326,0.6448166108357484,3.290638510770679,TRUE,saithe,FALSE,0.924,0.7085,cod,0.156,0.5525,saithe,29.225264086492686,0,0,saithe_0
f4r3-165,f4r3,f4r3-165,f4r3;f4r3-165,110,MP,MP,f4r3,1.4418626246451522,0.5813545060318791,0.6409255967928211,3.2978145474471026,TRUE,saithe,FALSE,0.9515,0.7135,cod,0.1555,0.558,saithe,29.643771679161077,0,0,saithe_0
f4r3-166,f4r3,f4r3-166,f4r3;f4r3-166,110,MP,MP,f4r3,1.622660845032409,0.6725394362752891,0.833612083317254,3.747693516978584,TRUE,saithe,FALSE,0.961,0.772,cod,0.1335,0.6385000000000001,saithe,33.89252985826161,0,0,saithe_0
f4r3-167,f4r3,f4r3-167,f4r3;f4r3-167,110,MP,MP,f4r3,1.4928996762024551,0.652882904989446,0.7567369804605152,3.497935122049452,TRUE,saithe,FALSE,0.7855,0.6,wrasse,0.134,0.466,saithe,30.84314239075769,0,0,saithe_0
f4r3-168,f4r3,f4r3-168,f4r3;f4r3-168,110,MP,MP,f4r3,1.3996059333734046,0.5646663558780078,0.6066982439941285,3.204703855990377,TRUE,saithe,FALSE,0.94,0.6795,cod,0.1875,0.492,saithe,28.650739434275003,0,0,saithe_0
f4r3-169,f4r3,f4r3-169,f4r3;f4r3-169,110,MP,MP,f4r3,1.4663561879701112,0.6388761893073707,0.7120925429376151,3.4103341706938455,TRUE,saithe,FALSE,0.8755,0.717,wrasse,0.0795,0.6375,saithe,30.21937041729761,0,0,saithe_0
f4r3-17,f4r3,f4r3-17,f4r3;f4r3-17,110,MP,MP,f4r3,1.6073889459113793,0.6706131301766252,0.8042887294541531,3.6788994210861303,TRUE,saithe,FALSE,0.8734999999999999,0.6705,cod,0.1485,0.522,saithe,33.53364022891741,0,0,saithe_0
f4r3-170,f4r3,f4r3-170,f4r3;f4r3-170,110,MP,MP,f4r3,1.6081852302613242,0.7181829267741756,0.8754134412685632,3.75828037425966,TRUE,saithe,FALSE,0.8065,0.62,wrasse,0.1305,0.4895,saithe,33.552352911141114,0,0,saithe_0
f4r3-171,f4r3,f4r3-171,f4r3;f4r3-171,110,MP,MP,f4r3,1.5905937198110514,0.6977457303275887,0.8365961002473284,3.695024216487538,TRUE,saithe,FALSE,0.8175,0.6025,wrasse,0.135,0.4675,saithe,33.13895241555971,0,0,saithe_0
f4r3-172,f4r3,f4r3-172,f4r3;f4r3-172,110,MP,MP,f4r3,1.971927148966406,0.8294884791281106,1.2324564241098468,4.544201885509392,TRUE,saithe,FALSE,0.952,0.7635,cod,0.1405,0.623,saithe,42.10028800071054,0,0,saithe_0
f4r3-173,f4r3,f4r3-173,f4r3;f4r3-173,110,MP,MP,f4r3,1.6990666709391948,0.6591435709039801,0.8106696688701972,3.82081105723096,TRUE,saithe,FALSE,0.8564999999999999,0.6665,wrasse,0.138,0.5285,saithe,35.68806676707108,0,0,saithe_0
f4r3-174,f4r3,f4r3-174,f4r3;f4r3-174,110,MP,MP,f4r3,1.6647677666886476,0.7041165231744231,0.8890021197253373,3.8440133119134337,TRUE,saithe,FALSE,0.936,0.74,cod,0.1295,0.6105,saithe,34.882042517183216,0,0,saithe_0
f4r3-175,f4r3,f4r3-175,f4r3;f4r3-175,110,MP,MP,f4r3,1.6304642181707456,0.7379134281856347,0.8954005456979988,3.800351783480679,TRUE,saithe,FALSE,0.807,0.6185,wrasse,0.1335,0.485,saithe,34.07590912701252,0,0,saithe_0
f4r3-176,f4r3,f4r3-176,f4r3;f4r3-176,110,MP,MP,f4r3,1.58659234356527,0.6615907443700497,0.7864338647722439,3.6367941535706754,TRUE,saithe,FALSE,0.941,0.71,cod,0.178,0.532,saithe,33.04492007378384,0,0,saithe_0
f4r3-177,f4r3,f4r3-177,f4r3;f4r3-177,110,MP,MP,f4r3,1.535555493922404,0.6370150138759134,0.7085284734439461,3.487538332953328,TRUE,saithe,FALSE,0.7979999999999999,0.597,wrasse,0.196,0.401,saithe,31.845554107176497,0,0,saithe_0
f4r3-178,f4r3,f4r3-178,f4r3;f4r3-178,110,MP,MP,f4r3,1.6379924356150304,0.6751394159047622,0.8412288303277429,3.763615117691441,TRUE,saithe,FALSE,0.9485,0.6885,cod,0.1965,0.492,saithe,34.252822236953214,0,0,saithe_0
f4r3-179,f4r3,f4r3-179,f4r3;f4r3-179,110,MP,MP,f4r3,1.427263314162666,0.5956362295699953,0.6365470980265275,3.2847840216109647,TRUE,saithe,FALSE,0.9735,0.778,cod,0.1575,0.6205,saithe,29.30068788282265,0,0,saithe_0
f4r3-18,f4r3,f4r3-18,f4r3;f4r3-18,110,MP,MP,f4r3,2.209763474494454,0.8526163850496371,1.4326194769314764,5.037401364613526,TRUE,saithe,FALSE,0.9825,0.833,cod,0.113,0.72,saithe,47.68944165061967,0,0,saithe_0
f4r3-180,f4r3,f4r3-180,f4r3;f4r3-180,110,MP,MP,f4r3,1.8338374412973395,0.7174761152228443,1.0113791444492328,4.187220418077127,TRUE,saithe,FALSE,0.959,0.701,cod,0.2,0.5009999999999999,saithe,38.855179870487476,0,0,saithe_0
f4r3-181,f4r3,f4r3-181,f4r3;f4r3-181,110,MP,MP,f4r3,2.0715297098519105,0.7858160563240558,1.2340394389552105,4.677689505823537,TRUE,saithe,FALSE,0.9685,0.742,cod,0.163,0.579,saithe,44.44094818151989,0,0,saithe_0
f4r3-182,f4r3,f4r3-182,f4r3;f4r3-182,110,MP,MP,f4r3,1.634774016758458,0.6878128593790042,0.8257705552102886,3.732992249787483,TRUE,saithe,FALSE,0.8325,0.612,cod,0.161,0.451,saithe,34.17718939382376,0,0,saithe_0
f4r3-183,f4r3,f4r3-183,f4r3;f4r3-183,110,MP,MP,f4r3,1.823040134653668,0.7746197952814317,1.0497706096938728,4.1829392512442185,TRUE,saithe,FALSE,0.8445,0.6625,wrasse,0.127,0.5355,saithe,38.60144316436119,0,0,saithe_0
f4r3-184,f4r3,f4r3-184,f4r3;f4r3-184,110,MP,MP,f4r3,1.8973692166712184,0.8140381830415446,1.1561070404224578,4.378127959622673,TRUE,saithe,FALSE,0.9005,0.7025,cod,0.1145,0.588,saithe,40.34817659177363,0,0,saithe_0
f4r3-185,f4r3,f4r3-185,f4r3;f4r3-185,110,MP,MP,f4r3,1.7535225965876036,0.7425797943506712,0.9651180334510392,4.033227735345645,TRUE,saithe,FALSE,0.8445,0.6165,cod,0.1755,0.44100000000000006,saithe,36.96778101980868,0,0,saithe_0
f4r3-186,f4r3,f4r3-186,f4r3;f4r3-186,110,MP,MP,f4r3,1.7211189180887088,0.7370275952109441,0.9646874390397402,3.984300767449987,TRUE,saithe,FALSE,0.9185,0.74,cod,0.1195,0.6205,saithe,36.206294575084655,0,0,saithe_0
f4r3-187,f4r3,f4r3-187,f4r3;f4r3-187,110,MP,MP,f4r3,1.3961321346315283,0.5523558053670637,0.598301763777456,3.2016044662154717,TRUE,saithe,FALSE,0.9765,0.8115,cod,0.1285,0.683,saithe,28.569105163840916,0,0,saithe_0
f4r3-188,f4r3,f4r3-188,f4r3;f4r3-188,110,MP,MP,f4r3,1.7535505275937258,0.7352997153234799,0.9830239102816428,4.046572321110168,TRUE,saithe,FALSE,0.945,0.7415,cod,0.145,0.5965,saithe,36.96843739845255,0,0,saithe_0
f4r3-189,f4r3,f4r3-189,f4r3;f4r3-189,110,MP,MP,f4r3,2.015425736414815,0.8029444108017432,1.2226137238918269,4.599189624885754,TRUE,saithe,FALSE,0.9535,0.7325,cod,0.161,0.5715,saithe,43.12250480574815,0,0,saithe_0
f4r3-190,f4r3,f4r3-190,f4r3;f4r3-190,110,MP,MP,f4r3,1.6445010362105428,0.7136338354413045,0.8867673828227643,3.81881072957193,TRUE,saithe,FALSE,0.917,0.778,cod,0.0765,0.7015,saithe,34.40577435094775,0,0,saithe_0
f4r3-191,f4r3,f4r3-191,f4r3;f4r3-191,110,MP,MP,f4r3,1.5442740944775044,0.6180097735429326,0.7215184981219904,3.5111437967560923,TRUE,saithe,FALSE,0.879,0.62,cod,0.197,0.423,saithe,32.05044122022135,0,0,saithe_0
f4r3-192,f4r3,f4r3-192,f4r3;f4r3-192,110,MP,MP,f4r3,1.3035269934766966,0.5442228965081974,0.5552279771976861,3.035049237753868,TRUE,saithe,FALSE,0.9335,0.7865,cod,0.1005,0.6859999999999999,saithe,26.392884346702374,0,0,saithe_0
f4r3-193,f4r3,f4r3-193,f4r3;f4r3-193,110,MP,MP,f4r3,1.0505134848553066,0.49582823329146986,0.40520253217057534,2.518578266081234,TRUE,saithe,FALSE,0.677,0.502,wrasse,0.2285,0.27349999999999997,saithe,20.447066894099706,0,0,saithe_0
f4r3-194,f4r3,f4r3-194,f4r3;f4r3-194,110,MP,MP,f4r3,0.9188704185309772,0.4777062922466753,0.33272234981713156,2.247804455852767,TRUE,saithe,TRUE,0.5355,0.363,wrasse,0.344,0.01900000000000001,gadoids_unknown,NA,NA,NA,gadoids_unknown
f4r3-195,f4r3,f4r3-195,f4r3;f4r3-195,110,MP,MP,f4r3,1.2003097830681606,0.5804292333718639,0.5306057566767057,2.863818631308229,TRUE,saithe,TRUE,0.584,0.391,wrasse,0.346,0.04500000000000004,gadoids_unknown,NA,NA,NA,gadoids_unknown
f4r3-2,f4r3,f4r3-2,f4r3;f4r3-2,110,MP,MP,f4r3,2.372608090288012,0.9388535160811976,1.7236780870633917,5.458287277073689,TRUE,saithe,FALSE,0.9515,0.7695,cod,0.144,0.6255,saithe,51.51629012176827,0,0,saithe_0
f4r3-20,f4r3,f4r3-20,f4r3;f4r3-20,110,MP,MP,f4r3,1.8721461912626831,0.7873433344100605,1.1062308211278464,4.30880280844764,TRUE,saithe,FALSE,0.897,0.6775,cod,0.161,0.5165,saithe,39.75543549467305,0,0,saithe_0
f4r3-21,f4r3,f4r3-21,f4r3;f4r3-21,110,MP,MP,f4r3,1.448600640808942,0.6074494016111368,0.6451649205538964,3.303373448157484,TRUE,saithe,FALSE,0.8095,0.55,cod,0.1895,0.3605,saithe,29.802115059010134,0,0,saithe_0
f4r3-22,f4r3,f4r3-22,f4r3;f4r3-22,110,MP,MP,f4r3,2.2701895333210524,0.9149124200594304,1.541820307499244,5.165751336665601,TRUE,saithe,FALSE,0.8965,0.6805,cod,0.17,0.5105,saithe,49.10945403304473,0,0,saithe_0
f4r3-23,f4r3,f4r3-23,f4r3;f4r3-23,110,MP,MP,f4r3,2.010359973532959,0.8112481100542968,1.26120387938203,4.643809515231027,TRUE,saithe,FALSE,0.9715,0.7955,cod,0.1475,0.648,saithe,43.00345937802453,0,0,saithe_0
f4r3-24,f4r3,f4r3-24,f4r3;f4r3-24,110,MP,MP,f4r3,2.3323698222975735,0.9176298745636616,1.615239219395901,5.302850883852664,TRUE,saithe,FALSE,0.945,0.713,cod,0.1775,0.5355,saithe,50.570690823992976,0,0,saithe_0
f4r3-25,f4r3,f4r3-25,f4r3;f4r3-25,110,MP,MP,f4r3,2.0236039664173195,0.7887451045527211,1.23670123516449,4.624608512748988,TRUE,saithe,FALSE,0.9735,0.78,cod,0.1605,0.6195,saithe,43.31469321080701,0,0,saithe_0
f4r3-26,f4r3,f4r3-26,f4r3;f4r3-26,110,MP,MP,f4r3,2.193833212832362,0.8684689256909559,1.409205087168336,4.961950553706258,TRUE,saithe,FALSE,0.8340000000000001,0.6005,cod,0.161,0.4395,saithe,47.31508050156051,0,0,saithe_0
f4r3-27,f4r3,f4r3-27,f4r3;f4r3-27,110,MP,MP,f4r3,2.1355139343701013,0.8900509118603969,1.414425286246194,4.900803023856796,TRUE,saithe,FALSE,0.9645,0.702,cod,0.222,0.48,saithe,45.94457745769738,0,0,saithe_0
f4r3-28,f4r3,f4r3-28,f4r3;f4r3-28,110,MP,MP,f4r3,2.0505429639291255,0.8389941084162698,1.2693356441828625,4.674786195184943,TRUE,saithe,FALSE,0.8315,0.616,wrasse,0.16,0.456,saithe,43.94775965233445,0,0,saithe_0
f4r3-29,f4r3,f4r3-29,f4r3;f4r3-29,110,MP,MP,f4r3,1.7563209506748958,1.2002277823003458,1.4231609342391065,4.759420656097891,TRUE,wrasse,FALSE,0.0395,0.942,saithe,0.022,0.92,wrasse,NA,NA,NA,wrasse
f4r3-3,f4r3,f4r3-3,f4r3;f4r3-3,110,MP,MP,f4r3,1.6497839108112378,1.184809582656824,1.3509559270857523,4.6192115680062225,TRUE,wrasse,FALSE,0.104,0.862,saithe,0.0645,0.7975,wrasse,NA,NA,NA,wrasse
f4r3-30,f4r3,f4r3-30,f4r3;f4r3-30,110,MP,MP,f4r3,2.250643518420892,0.8405667472382897,1.5275799722906662,5.176991031145708,TRUE,saithe,FALSE,0.8935,0.718,cod,0.123,0.595,saithe,48.65012268289097,0,0,saithe_0
f4r3-31,f4r3,f4r3-31,f4r3;f4r3-31,110,MP,MP,f4r3,2.1117279563552342,0.8570372382838483,1.348486796250634,4.827022423776727,TRUE,saithe,FALSE,0.907,0.7065,cod,0.1515,0.555,saithe,45.385606974348,0,0,saithe_0
f4r3-32,f4r3,f4r3-32,f4r3;f4r3-32,110,MP,MP,f4r3,1.7280879350661755,0.7126612059502474,0.9088592412532632,3.9320970108001463,TRUE,saithe,FALSE,0.8015000000000001,0.559,wrasse,0.194,0.3650000000000001,saithe,36.37006647405512,0,0,saithe_0
f4r3-33,f4r3,f4r3-33,f4r3;f4r3-33,110,MP,MP,f4r3,1.934350014286464,0.744931584490837,1.1335102833110222,4.447289608349357,TRUE,saithe,FALSE,0.9215,0.665,cod,0.1895,0.4755,saithe,41.217225335731904,0,0,saithe_0
f4r3-34,f4r3,f4r3-34,f4r3;f4r3-34,110,MP,MP,f4r3,2.044097036150415,0.8453264712281897,1.353471890884106,4.744194128798446,TRUE,saithe,FALSE,0.9495,0.7815,cod,0.12,0.6615,saithe,43.79628034953475,0,0,saithe_0
f4r3-35,f4r3,f4r3-35,f4r3;f4r3-35,110,MP,MP,f4r3,1.9593081362218217,0.8114926949079198,1.20521050410565,4.515100441919084,TRUE,saithe,FALSE,0.975,0.762,cod,0.1745,0.5875,saithe,41.80374120121281,0,0,saithe_0
f4r3-36,f4r3,f4r3-36,f4r3;f4r3-36,110,MP,MP,f4r3,2.111455638205387,0.8994207759146693,1.365443525736909,4.84570091198035,TRUE,saithe,FALSE,0.8334999999999999,0.564,cod,0.194,0.36999999999999994,saithe,45.37920749782659,0,0,saithe_0
f4r3-37,f4r3,f4r3-37,f4r3;f4r3-37,110,MP,MP,f4r3,1.91338498946203,0.7563881180355932,1.0673358210756143,4.343809704259914,TRUE,saithe,FALSE,0.8815000000000001,0.671,cod,0.1635,0.5075000000000001,saithe,40.7245472523577,0,0,saithe_0
f4r3-38,f4r3,f4r3-38,f4r3;f4r3-38,110,MP,MP,f4r3,2.2578736845751637,0.8354789993968852,1.461704326132363,5.114310701732561,TRUE,saithe,FALSE,0.9805,0.8295,cod,0.1055,0.724,saithe,48.82003158751635,0,0,saithe_0
f4r3-39,f4r3,f4r3-39,f4r3;f4r3-39,110,MP,MP,f4r3,2.3794511208340428,0.9385604417580627,1.7070232404138597,5.433869954217622,TRUE,saithe,FALSE,0.971,0.768,cod,0.1575,0.6105,saithe,51.6771013396,0,0,saithe_0
f4r3-4,f4r3,f4r3-4,f4r3;f4r3-4,110,MP,MP,f4r3,2.071640492399144,0.8330634569299739,1.318664549858164,4.756203712450008,TRUE,saithe,FALSE,0.957,0.7105,cod,0.2015,0.509,saithe,44.443551571379885,0,0,saithe_0
f4r3-40,f4r3,f4r3-40,f4r3;f4r3-40,110,MP,MP,f4r3,1.9810307859286571,0.826754428106144,1.1574668246249196,4.520427267287739,TRUE,saithe,FALSE,0.744,0.5625,wrasse,0.2475,0.315,saithe,42.31422346932344,0,0,saithe_0
f4r3-41,f4r3,f4r3-41,f4r3;f4r3-41,110,MP,MP,f4r3,1.653928345830868,0.6975071724611455,0.8891934732640222,3.8345235695075024,TRUE,saithe,FALSE,0.931,0.7075,cod,0.169,0.5385,saithe,34.627316127025395,0,0,saithe_0
f4r3-43,f4r3,f4r3-43,f4r3;f4r3-43,110,MP,MP,f4r3,2.301992879667336,1.0173361623119666,1.8161207481216024,5.483922566892837,TRUE,saithe,FALSE,0.7655,0.6295,lesser_sand_eel,0.141,0.48849999999999993,saithe,49.8568326721824,0,0,saithe_0
f4r3-44,f4r3,f4r3-44,f4r3;f4r3-44,110,MP,MP,f4r3,2.1169273773913657,0.8195674829320793,1.317427444781695,4.832188865964033,TRUE,saithe,FALSE,0.9805,0.812,cod,0.1125,0.6995,saithe,45.507793368697094,0,0,saithe_0
f4r3-45,f4r3,f4r3-45,f4r3;f4r3-45,110,MP,MP,f4r3,1.9701444072468304,0.8452222214494937,1.29833989983548,4.6115012780648454,TRUE,saithe,FALSE,0.899,0.7825,cod,0.062,0.7204999999999999,saithe,42.05839357030051,0,0,saithe_0
f4r3-46,f4r3,f4r3-46,f4r3;f4r3-46,110,MP,MP,f4r3,2.3641812782973584,0.948668842053896,1.6664306170507248,5.373131987829025,TRUE,saithe,FALSE,0.9085,0.688,cod,0.1625,0.5255,saithe,51.31826003998792,0,0,saithe_0
f4r3-47,f4r3,f4r3-47,f4r3;f4r3-47,110,MP,MP,f4r3,2.1074707920790523,0.9329441944517886,1.4461665153971683,4.904703217729596,TRUE,saithe,FALSE,0.743,0.597,wrasse,0.233,0.364,saithe,45.285563613857725,0,0,saithe_0
f4r3-48,f4r3,f4r3-48,f4r3;f4r3-48,110,MP,MP,f4r3,2.0775988303370263,0.8222904465740757,1.2614051496492384,4.750468633671579,TRUE,saithe,FALSE,0.9545,0.764,cod,0.1175,0.6465000000000001,saithe,44.583572512920114,0,0,saithe_0
f4r3-49,f4r3,f4r3-49,f4r3;f4r3-49,110,MP,MP,f4r3,1.773697192763077,0.7077868021281057,0.9447313146609728,4.0300957606862475,TRUE,saithe,FALSE,0.9645,0.738,cod,0.175,0.563,saithe,37.441884029932304,0,0,saithe_0
f4r3-5,f4r3,f4r3-5,f4r3;f4r3-5,110,MP,MP,f4r3,1.7585162169768254,0.7711899795857572,1.0593697546963616,4.164418241168219,TRUE,saithe,FALSE,0.7545000000000001,0.6075,lesser_sand_eel,0.124,0.4835,saithe,37.085131098955394,0,0,saithe_0
f4r3-50,f4r3,f4r3-50,f4r3;f4r3-50,110,MP,MP,f4r3,2.254560925166437,0.8828981208265325,1.497974358186155,5.133138098640328,TRUE,saithe,FALSE,0.974,0.7325,cod,0.1905,0.542,saithe,48.742181741411265,0,0,saithe_0
f4r3-51,f4r3,f4r3-51,f4r3;f4r3-51,110,MP,MP,f4r3,1.9532537137973125,0.7957499537400065,1.1998272568245,4.507757817079802,TRUE,saithe,FALSE,0.9625,0.766,cod,0.161,0.605,saithe,41.66146227423684,0,0,saithe_0
f4r3-52,f4r3,f4r3-52,f4r3;f4r3-52,110,MP,MP,f4r3,1.973701716139501,0.7813384396876715,1.153453959643216,4.488835980784625,TRUE,saithe,FALSE,0.9665,0.7585,cod,0.1675,0.591,saithe,42.14199032927827,0,0,saithe_0
f4r3-53,f4r3,f4r3-53,f4r3;f4r3-53,110,MP,MP,f4r3,2.228244658834908,0.86230481573157,1.473134025799551,5.096912859308034,TRUE,saithe,FALSE,0.975,0.788,cod,0.1405,0.6475,saithe,48.12374948262034,0,0,saithe_0
f4r3-54,f4r3,f4r3-54,f4r3;f4r3-54,110,MP,MP,f4r3,2.115834957600772,0.8546606683785916,1.3795500254603437,4.86964429456988,TRUE,saithe,FALSE,0.952,0.7625,cod,0.1345,0.6279999999999999,saithe,45.48212150361814,0,0,saithe_0
f4r3-55,f4r3,f4r3-55,f4r3;f4r3-55,110,MP,MP,f4r3,2.5177206148812585,0.9877279054776532,1.7948109913066654,5.650985754748995,TRUE,saithe,FALSE,0.8049999999999999,0.5345,cod,0.192,0.34249999999999997,saithe,54.926434449709575,0,0,saithe_0
f4r3-56,f4r3,f4r3-56,f4r3;f4r3-56,110,MP,MP,f4r3,1.8170254301318396,0.7411075543569863,0.9986534362799392,4.1414287328944805,TRUE,saithe,FALSE,0.9595,0.74,cod,0.169,0.571,saithe,38.46009760809823,0,0,saithe_0
f4r3-57,f4r3,f4r3-57,f4r3;f4r3-57,110,MP,MP,f4r3,1.9603601167572988,0.8335728100616243,1.2155341640368749,4.530499783682809,TRUE,saithe,FALSE,0.9225,0.7375,cod,0.1445,0.5930000000000001,saithe,41.82846274379652,0,0,saithe_0
f4r3-58,f4r3,f4r3-58,f4r3;f4r3-58,110,MP,MP,f4r3,2.4109007186788487,0.9720064953730776,1.7505288540820925,5.535251925025103,TRUE,saithe,FALSE,0.9735,0.751,cod,0.1665,0.5845,saithe,52.416166888952944,0,0,saithe_0
f4r3-59,f4r3,f4r3-59,f4r3;f4r3-59,110,MP,MP,f4r3,2.208575736415564,0.9021892686369888,1.4962896013797222,5.070502485901535,TRUE,saithe,FALSE,0.9125,0.6995,cod,0.153,0.5465,saithe,47.661529805765745,0,0,saithe_0
f4r3-6,f4r3,f4r3-6,f4r3;f4r3-6,110,MP,MP,f4r3,2.3629686893940547,0.9172051926922336,1.6260466069884605,5.368204980885184,TRUE,saithe,FALSE,0.9545,0.742,cod,0.148,0.594,saithe,51.28976420076028,0,0,saithe_0
f4r3-60,f4r3,f4r3-60,f4r3;f4r3-60,110,MP,MP,f4r3,2.055890757709211,0.8702540045169547,1.34202986573186,4.768160074798454,TRUE,saithe,FALSE,0.9485,0.742,cod,0.1705,0.5715,saithe,44.07343280616646,0,0,saithe_0
f4r3-61,f4r3,f4r3-61,f4r3;f4r3-61,110,MP,MP,f4r3,2.0478276991660707,0.8726095242181946,1.3647146943713788,4.758311920266631,TRUE,saithe,FALSE,0.8895000000000001,0.674,cod,0.142,0.532,saithe,43.883950930402655,0,0,saithe_0
f4r3-62,f4r3,f4r3-62,f4r3;f4r3-62,110,MP,MP,f4r3,1.9396413057591313,0.7586238143346856,1.1076303977659747,4.406555254245588,TRUE,saithe,FALSE,0.965,0.7645,cod,0.15,0.6144999999999999,saithe,41.34157068533958,0,0,saithe_0
f4r3-63,f4r3,f4r3-63,f4r3;f4r3-63,110,MP,MP,f4r3,2.4014903463573205,0.977441103497724,1.8447451306610148,5.612893491795672,TRUE,saithe,FALSE,0.9345,0.781,cod,0.1105,0.6705,saithe,52.19502313939703,0,0,saithe_0
f4r3-64,f4r3,f4r3-64,f4r3;f4r3-64,110,MP,MP,f4r3,1.4962089363231938,0.5851711375317243,0.6616885252175293,3.3968100999363773,TRUE,saithe,FALSE,0.97,0.756,cod,0.174,0.5820000000000001,saithe,30.920910003595054,0,0,saithe_0
f4r3-65,f4r3,f4r3-65,f4r3;f4r3-65,110,MP,MP,f4r3,1.8725176114973403,0.8010126398157571,1.119753300230207,4.316558186559544,TRUE,saithe,FALSE,0.874,0.6355,cod,0.161,0.4744999999999999,saithe,39.764163870187495,0,0,saithe_0
f4r3-66,f4r3,f4r3-66,f4r3;f4r3-66,110,MP,MP,f4r3,2.2703468861081775,0.8844257620296415,1.538201602325883,5.20533879486894,TRUE,saithe,FALSE,0.977,0.822,cod,0.112,0.71,saithe,49.11315182354217,0,0,saithe_0
f4r3-67,f4r3,f4r3-67,f4r3;f4r3-67,110,MP,MP,f4r3,2.0218981973799344,0.8033713234231429,1.2066102467025668,4.593635042000008,TRUE,saithe,FALSE,0.9675,0.761,cod,0.164,0.597,saithe,43.274607638428456,0,0,saithe_0
f4r3-68,f4r3,f4r3-68,f4r3;f4r3-68,110,MP,MP,f4r3,2.0964772603353534,0.8710718567843282,1.3921519476786783,4.821906807394513,TRUE,saithe,FALSE,0.9535,0.726,cod,0.174,0.552,saithe,45.027215617880806,0,0,saithe_0
f4r3-69,f4r3,f4r3-69,f4r3;f4r3-69,110,MP,MP,f4r3,2.604704216593698,1.016596158422472,1.9681760892182845,5.92009463869746,TRUE,saithe,FALSE,0.9725,0.788,cod,0.111,0.677,saithe,56.9705490899519,0,0,saithe_0
f4r3-7,f4r3,f4r3-7,f4r3;f4r3-7,110,MP,MP,f4r3,2.2038624587976092,0.8743096811227179,1.4630458179871169,5.046037388435339,TRUE,saithe,FALSE,0.977,0.8155,cod,0.1085,0.707,saithe,47.550767781743815,0,0,saithe_0
f4r3-70,f4r3,f4r3-70,f4r3;f4r3-70,110,MP,MP,f4r3,2.242895120494558,0.8344976054529432,1.4099995780684575,5.052710965906958,TRUE,saithe,FALSE,0.9285,0.7575,cod,0.108,0.6495,saithe,48.46803533162212,0,0,saithe_0
f4r3-71,f4r3,f4r3-71,f4r3;f4r3-71,110,MP,MP,f4r3,1.8198741126570024,0.749253641010767,1.0124714672375994,4.160204118002135,TRUE,saithe,FALSE,0.9315,0.7035,cod,0.1825,0.521,saithe,38.52704164743955,0,0,saithe_0
f4r3-72,f4r3,f4r3-72,f4r3;f4r3-72,110,MP,MP,f4r3,2.24786111097008,0.8383632954639495,1.4593518114156796,5.106276691289612,TRUE,saithe,FALSE,0.9715,0.819,cod,0.1155,0.7034999999999999,saithe,48.58473610779688,0,0,saithe_0
f4r3-73,f4r3,f4r3-73,f4r3;f4r3-73,110,MP,MP,f4r3,1.719293981475412,0.6803405834517998,0.8722165731019231,3.897833173194712,TRUE,saithe,FALSE,0.91,0.6885,cod,0.179,0.5095000000000001,saithe,36.16340856467218,0,0,saithe_0
f4r3-74,f4r3,f4r3-74,f4r3;f4r3-74,110,MP,MP,f4r3,2.100797740927791,0.8362319459382325,1.3469399032805238,4.804344094511863,TRUE,saithe,FALSE,0.9525,0.69,cod,0.211,0.479,saithe,45.12874691180309,0,0,saithe_0
f4r3-75,f4r3,f4r3-75,f4r3;f4r3-75,110,MP,MP,f4r3,1.7880352065800036,0.8732553766145801,1.234040449456154,4.434327146042191,TRUE,saithe,TRUE,0.5405,0.4115,wrasse,0.2815,0.13,gadoids_unknown,NA,NA,NA,gadoids_unknown
f4r3-76,f4r3,f4r3-76,f4r3;f4r3-76,110,MP,MP,f4r3,2.2222330387490925,0.8818203732587175,1.4554659661778353,5.053306794838021,TRUE,saithe,FALSE,0.966,0.752,cod,0.164,0.588,saithe,47.982476410603674,0,0,saithe_0
f4r3-77,f4r3,f4r3-77,f4r3;f4r3-77,110,MP,MP,f4r3,2.115755888931428,0.9056052158976104,1.4667803342989447,4.949451293865478,TRUE,saithe,FALSE,0.904,0.706,cod,0.14,0.566,saithe,45.480263389888556,0,0,saithe_0
f4r3-78,f4r3,f4r3-78,f4r3;f4r3-78,110,MP,MP,f4r3,2.2744335823627684,0.8798791108874204,1.5176209515844874,5.161108770412722,TRUE,saithe,FALSE,0.969,0.7195,cod,0.1955,0.524,saithe,49.209189185525055,0,0,saithe_0
f4r3-79,f4r3,f4r3-79,f4r3;f4r3-79,110,MP,MP,f4r3,2.130321164028909,0.870270828131907,1.4325837112582551,4.9457041787640375,TRUE,saithe,FALSE,0.967,0.8135,cod,0.128,0.6855,saithe,45.82254735467936,0,0,saithe_0
f4r3-8,f4r3,f4r3-8,f4r3;f4r3-8,110,MP,MP,f4r3,1.9585070117676495,0.8649967494964224,1.18612647870109,4.481278949256464,TRUE,saithe,FALSE,0.748,0.572,wrasse,0.243,0.32899999999999996,saithe,41.784914776539765,0,0,saithe_0
f4r3-80,f4r3,f4r3-80,f4r3;f4r3-80,110,MP,MP,f4r3,2.619021163686875,1.0181730964749978,2.0830481754318506,6.007624241307572,TRUE,saithe,FALSE,0.977,0.801,cod,0.1275,0.6735,saithe,57.306997346641566,0,0,saithe_0
f4r3-81,f4r3,f4r3-81,f4r3;f4r3-81,110,MP,MP,f4r3,2.0489758536602234,0.7695330634356966,1.2001790015114795,4.635999280779699,TRUE,saithe,FALSE,0.9605,0.7795,cod,0.123,0.6565,saithe,43.91093256101525,0,0,saithe_0
f4r3-82,f4r3,f4r3-82,f4r3;f4r3-82,110,MP,MP,f4r3,2.209093562453799,0.9163424683825404,1.5464835122729406,5.105736760223952,TRUE,saithe,FALSE,0.9565,0.761,cod,0.14,0.621,saithe,47.67369871766427,0,0,saithe_0
f4r3-83,f4r3,f4r3-83,f4r3;f4r3-83,110,MP,MP,f4r3,2.465906978108632,1.0165048798921568,1.9860174159966155,5.790599384462279,TRUE,saithe,FALSE,0.9055,0.7385,cod,0.12,0.6185,saithe,53.708813985552844,0,0,saithe_0
f4r3-84,f4r3,f4r3-84,f4r3;f4r3-84,110,MP,MP,f4r3,2.157167086175954,0.9345500516161802,1.517190039643913,5.01339041796773,TRUE,saithe,FALSE,0.9015,0.734,cod,0.1125,0.6214999999999999,saithe,46.45342652513492,0,0,saithe_0
f4r3-85,f4r3,f4r3-85,f4r3;f4r3-85,110,MP,MP,f4r3,2.118480976199187,0.8502146250103129,1.348517856714449,4.839407461623721,TRUE,saithe,FALSE,0.976,0.7735,cod,0.159,0.6144999999999999,saithe,45.5443029406809,0,0,saithe_0
f4r3-86,f4r3,f4r3-86,f4r3;f4r3-86,110,MP,MP,f4r3,2.176231754773254,0.9166398184846096,1.5110342656758364,5.034992946767434,TRUE,saithe,FALSE,0.9515,0.747,cod,0.1425,0.6045,saithe,46.90144623717147,0,0,saithe_0
f4r3-87,f4r3,f4r3-87,f4r3;f4r3-87,110,MP,MP,f4r3,6.051811692743328,2.4040669211688614,10.907945620221849,13.854431440409602,TRUE,cod,FALSE,0.993,0.571,saithe,0.369,0.20199999999999996,cod,136.21265438516028,0,0,cod_0
f4r3-88,f4r3,f4r3-88,f4r3;f4r3-88,110,MP,MP,f4r3,6.2751475445158,2.42146081479625,11.348318109304111,14.235546377349904,TRUE,cod,FALSE,0.997,0.5925,saithe,0.3725,0.22000000000000003,cod,141.22431089893456,0,0,cod_0
f4r3-89,f4r3,f4r3-89,f4r3;f4r3-89,110,MP,MP,f4r3,0.6880467398376926,0.2771811656656093,0.1328660487225061,1.5538289916353625,TRUE,saithe,FALSE,0.842,0.6295,wrasse,0.155,0.4744999999999999,saithe,11.929098386185776,0,0,saithe_0
f4r3-9,f4r3,f4r3-9,f4r3;f4r3-9,110,MP,MP,f4r3,2.06227165986393,0.8428121961715807,1.2793024735667105,4.7119405167172825,TRUE,saithe,FALSE,0.8450000000000001,0.645,wrasse,0.148,0.497,saithe,44.223384006802355,0,0,saithe_0
f4r3-90,f4r3,f4r3-90,f4r3;f4r3-90,110,MP,MP,f4r3,7.146836397638334,2.728855632943195,14.46477098826804,16.187051504822055,TRUE,cod,FALSE,0.9985,0.572,saithe,0.2695,0.30249999999999994,cod,160.7850087630042,1,1,cod_1
f4r3-91,f4r3,f4r3-91,f4r3;f4r3-91,110,MP,MP,f4r3,7.350989722736148,2.822383171268482,15.778922379047,16.843618500875092,TRUE,saithe,TRUE,0.9995,0.46,cod,0.336,0.124,gadoids_unknown,NA,NA,NA,gadoids_unknown
f4r3-92,f4r3,f4r3-92,f4r3;f4r3-92,110,MP,MP,f4r3,6.97087821002314,2.7225929340756982,14.563524375757789,16.034783563167483,TRUE,saithe,TRUE,0.994,0.4335,cod,0.4245,0.009,gadoids_unknown,NA,NA,NA,gadoids_unknown
f4r3-93,f4r3,f4r3-93,f4r3;f4r3-93,110,MP,MP,f4r3,6.9513502312686635,2.623052221115064,13.8550501792275,15.825143220042165,TRUE,saithe,FALSE,0.999,0.501,cod,0.38,0.121,saithe,174.30186987601584,1,1,saithe_1
f4r3-94,f4r3,f4r3-94,f4r3;f4r3-94,110,MP,MP,f4r3,6.401058109199876,2.4079245075703213,11.849627207369569,14.586198496273568,TRUE,saithe,FALSE,0.9945,0.574,cod,0.3345,0.2394999999999999,saithe,153.63898291441842,1,1,saithe_1
f4r3-95,f4r3,f4r3-95,f4r3;f4r3-95,110,MP,MP,f4r3,7.126444243327497,2.74469672085267,15.07648630365545,16.430304058942934,TRUE,cod,TRUE,0.995,0.4345,saithe,0.277,0.15749999999999997,gadoids_unknown,NA,NA,NA,gadoids_unknown
f4r3-96,f4r3,f4r3-96,f4r3;f4r3-96,110,MP,MP,f4r3,7.0967067377748165,2.63893976237871,14.464142728745582,16.28178304718428,TRUE,saithe,FALSE,0.9975,0.5895,cod,0.224,0.3655000000000001,saithe,179.90913269817943,1,1,saithe_1
f4r3-97,f4r3,f4r3-97,f4r3;f4r3-97,110,MP,MP,f4r3,7.0423229120036135,2.5344295999066877,13.690719586674255,15.906962166193663,TRUE,saithe,TRUE,0.9985,0.4365,cod,0.4275,0.009,gadoids_unknown,NA,NA,NA,gadoids_unknown
f4r3-98,f4r3,f4r3-98,f4r3;f4r3-98,110,MP,MP,f4r3,6.445455817058895,2.366496991604457,11.719138080563422,14.711785874054536,TRUE,saithe,FALSE,0.9935,0.565,cod,0.3035,0.26149999999999995,saithe,155.272404488638,1,1,saithe_1
f4r3-99,f4r3,f4r3-99,f4r3;f4r3-99,110,MP,MP,f4r3,6.48030983464516,2.328449060845546,11.516176302452246,14.581100437755332,TRUE,saithe,FALSE,0.996,0.547,cod,0.351,0.1960000000000001,saithe,156.55889412195341,1,1,saithe_1
r6f3-1,r6f3,r6f3-1,r6f3;r6f3-1,110,MP,MP,r6f3,6.021038938483596,2.135750237576776,9.86227386821568,13.635542680269817,TRUE,saithe,FALSE,0.9835,0.6065,haddock,0.17,0.4365,saithe,139.90508915138966,1,1,saithe_1
r6f3-10,r6f3,r6f3-10,r6f3;r6f3-10,110,MP,MP,r6f3,1.6730645092859575,1.1501384723006678,1.4426630150682718,4.6673276560051695,TRUE,wrasse,FALSE,0.0895,0.867,saithe,0.045,0.822,wrasse,NA,NA,NA,wrasse
r6f3-11,r6f3,r6f3-11,r6f3;r6f3-11,110,MP,MP,r6f3,1.451106101016413,0.965489025732406,1.028974227718227,3.91720645135797,TRUE,wrasse,FALSE,0.0325,0.943,lesser_sand_eel,0.0245,0.9185,wrasse,NA,NA,NA,wrasse
r6f3-12,r6f3,r6f3-12,r6f3;r6f3-12,110,MP,MP,r6f3,1.7483484192158234,0.6909015124606465,0.9719564845694132,4.065142210611563,TRUE,saithe,FALSE,0.961,0.79,cod,0.1215,0.6685000000000001,saithe,36.84618785157185,0,0,saithe_0
r6f3-13,r6f3,r6f3-13,r6f3;r6f3-13,110,MP,MP,r6f3,1.727794968226869,0.6818157040698142,0.92540791162032,3.9669537416378566,TRUE,saithe,FALSE,0.9495,0.7055,cod,0.195,0.5105,saithe,36.36318175333142,0,0,saithe_0
r6f3-14,r6f3,r6f3-14,r6f3;r6f3-14,110,MP,MP,r6f3,1.924736898883587,0.985981217689818,1.195686561953624,4.657432151648487,TRUE,wrasse,FALSE,0.508,0.4695,saithe,0.3365,0.13299999999999995,wrasse,NA,NA,NA,wrasse
r6f3-15,r6f3,r6f3-15,r6f3;r6f3-15,110,MP,MP,r6f3,1.4653235283260446,0.930574524901296,0.9783705050618834,3.7890127779656217,TRUE,wrasse,FALSE,0.08700000000000001,0.8755,saithe,0.0485,0.827,wrasse,NA,NA,NA,wrasse
r6f3-16,r6f3,r6f3-16,r6f3;r6f3-16,110,MP,MP,r6f3,2.591988305675102,0.9622312391805884,1.8701002194361689,5.886325637374994,TRUE,saithe,FALSE,0.971,0.764,cod,0.1255,0.6385000000000001,saithe,56.67172518336489,0,0,saithe_0
r6f3-17,r6f3,r6f3-17,r6f3;r6f3-17,110,MP,MP,r6f3,2.5547735103229403,1.044575359777033,1.9937133590036,5.875741239397326,TRUE,saithe,FALSE,0.96,0.7905,cod,0.115,0.6755,saithe,55.79717749258909,0,0,saithe_0
r6f3-18,r6f3,r6f3-18,r6f3;r6f3-18,110,MP,MP,r6f3,1.955622302453231,0.7811797897866158,1.1492038741049178,4.470525199210616,TRUE,saithe,FALSE,0.96,0.7785,cod,0.14,0.6385,saithe,41.71712410765093,0,0,saithe_0
r6f3-19,r6f3,r6f3-19,r6f3;r6f3-19,110,MP,MP,r6f3,1.9619883640983269,0.780118640559563,1.1563514581378715,4.4851134445079985,TRUE,saithe,FALSE,0.96,0.7795,cod,0.139,0.6405,saithe,41.86672655631068,0,0,saithe_0
r6f3-2,r6f3,r6f3-2,r6f3;r6f3-2,110,MP,MP,r6f3,6.258837067146624,2.2620931341744823,10.909674922106948,14.134630673323995,TRUE,saithe,TRUE,0.99,0.406,cod,0.3675,0.03850000000000003,gadoids_unknown,NA,NA,NA,gadoids_unknown
r6f3-20,r6f3,r6f3-20,r6f3;r6f3-20,110,MP,MP,r6f3,1.028742406893674,0.9580429926678552,0.7882657364914388,3.2714045209038356,TRUE,wrasse,FALSE,0.1045,0.843,saithe,0.0665,0.7765,wrasse,NA,NA,NA,wrasse
r6f3-21,r6f3,r6f3-21,r6f3;r6f3-21,110,MP,MP,r6f3,1.1150918219118011,1.0431064194305415,0.90593307608087,3.4373452415396897,TRUE,wrasse,FALSE,0.133,0.804,saithe,0.089,0.7150000000000001,wrasse,NA,NA,NA,wrasse
r6f3-22,r6f3,r6f3-22,r6f3;r6f3-22,110,MP,MP,r6f3,1.0259576899705,0.6925462665332527,0.5552250166169296,2.758872238432598,TRUE,wrasse,FALSE,0.2955,0.5635,saithe,0.215,0.34850000000000003,wrasse,NA,NA,NA,wrasse
r6f3-23,r6f3,r6f3-23,r6f3;r6f3-23,110,MP,MP,r6f3,1.056686345565014,0.6795412297801383,0.5646583400262607,2.8398698750028113,TRUE,wrasse,FALSE,0.3325,0.528,saithe,0.1985,0.3295,wrasse,NA,NA,NA,wrasse
r6f3-24,r6f3,r6f3-24,r6f3;r6f3-24,110,MP,MP,r6f3,1.6900160831182802,0.9897982000726344,1.113791020082825,4.275099275113439,TRUE,wrasse,FALSE,0.22,0.749,saithe,0.151,0.598,wrasse,NA,NA,NA,wrasse
r6f3-25,r6f3,r6f3-25,r6f3;r6f3-25,110,MP,MP,r6f3,1.2790072992519124,0.6287347208470361,0.6177927151681217,3.098354274755565,TRUE,saithe,TRUE,0.663,0.4835,wrasse,0.2505,0.233,gadoids_unknown,NA,NA,NA,gadoids_unknown
r6f3-26,r6f3,r6f3-26,r6f3;r6f3-26,110,MP,MP,r6f3,1.4391870000277125,0.614245640609243,0.6737818063037506,3.33673164926448,TRUE,saithe,FALSE,0.925,0.767,cod,0.083,0.684,saithe,29.58089450065124,0,0,saithe_0
r6f3-27,r6f3,r6f3-27,r6f3;r6f3-27,110,MP,MP,r6f3,1.7292165713493153,0.7118287548429645,0.9389905925772222,3.987196285495152,TRUE,saithe,FALSE,0.9705,0.7935,cod,0.1475,0.646,saithe,36.39658942670891,0,0,saithe_0
r6f3-28,r6f3,r6f3-28,r6f3;r6f3-28,110,MP,MP,r6f3,1.5664627402504565,0.980767449091754,1.1327418191054708,4.189899926757265,TRUE,wrasse,FALSE,0.026,0.9545,lesser_sand_eel,0.0195,0.935,wrasse,NA,NA,NA,wrasse
r6f3-29,r6f3,r6f3-29,r6f3;r6f3-29,110,MP,MP,r6f3,1.0782862810313905,0.7404045259521085,0.597976710379887,2.871448648548632,TRUE,wrasse,FALSE,0.0955,0.865,saithe,0.0685,0.7965,wrasse,NA,NA,NA,wrasse
r6f3-3,r6f3,r6f3-3,r6f3;r6f3-3,110,MP,MP,r6f3,6.85632543018029,2.8358326392317807,14.5716404260215,15.730218712158372,TRUE,cod,FALSE,0.995,0.787,saithe,0.0995,0.6875,cod,154.2659426532457,1,1,cod_1
r6f3-30,r6f3,r6f3-30,r6f3;r6f3-30,110,MP,MP,r6f3,1.4918084243278549,0.9127122361538652,1.0105756542690667,3.859214712676999,TRUE,wrasse,FALSE,0.0765,0.8875,saithe,0.0395,0.848,wrasse,NA,NA,NA,wrasse
r6f3-31,r6f3,r6f3-31,r6f3;r6f3-31,110,MP,MP,r6f3,1.7660128733546427,1.086353291409801,1.341747852240004,4.594974820696562,TRUE,wrasse,FALSE,0.055,0.9195,lesser_sand_eel,0.0255,0.894,wrasse,NA,NA,NA,wrasse
r6f3-32,r6f3,r6f3-32,r6f3;r6f3-32,110,MP,MP,r6f3,1.1287890995966212,0.7482478630254914,0.6291703959250275,2.9650668293273332,TRUE,wrasse,FALSE,0.1355,0.8255,saithe,0.077,0.7485,wrasse,NA,NA,NA,wrasse
r6f3-33,r6f3,r6f3-33,r6f3;r6f3-33,110,MP,MP,r6f3,1.2921038469646646,0.577536177061433,0.555241240593133,3.001256444167461,TRUE,saithe,FALSE,0.8245,0.6565,wrasse,0.122,0.5345,saithe,26.124440403669617,0,0,saithe_0
r6f3-34,r6f3,r6f3-34,r6f3;r6f3-34,110,MP,MP,r6f3,1.1305493972997251,0.53652160655274,0.4423523481169489,2.6989945337548713,TRUE,saithe,FALSE,0.7755000000000001,0.558,wrasse,0.161,0.397,saithe,22.327910836543538,0,0,saithe_0
r6f3-35,r6f3,r6f3-35,r6f3;r6f3-35,110,MP,MP,r6f3,1.52341457128999,0.9491051273620186,1.0309298323601654,3.8605163924546617,TRUE,wrasse,FALSE,0.1135,0.8385,saithe,0.066,0.7725,wrasse,NA,NA,NA,wrasse
r6f3-36,r6f3,r6f3-36,r6f3;r6f3-36,110,MP,MP,r6f3,1.3414069062126808,0.8036636681356821,0.721400619949666,3.399445548763736,TRUE,wrasse,FALSE,0.164,0.8005,poor_cod,0.072,0.7285,wrasse,NA,NA,NA,wrasse
r6f3-4,r6f3,r6f3-4,r6f3;r6f3-4,110,MP,MP,r6f3,6.642571495181172,2.6346822914121453,13.501982673207252,15.198946717956584,TRUE,cod,FALSE,0.992,0.7165,saithe,0.144,0.5725,cod,149.4693043518655,0,0,cod_0
r6f3-5,r6f3,r6f3-5,r6f3;r6f3-5,110,MP,MP,r6f3,1.613502637195,0.6593459647410979,0.7887049784041515,3.6754213388360086,TRUE,saithe,FALSE,0.8785,0.6665,cod,0.1675,0.499,saithe,33.6773119740825,0,0,saithe_0
r6f3-6,r6f3,r6f3-6,r6f3;r6f3-6,110,MP,MP,r6f3,1.5804098213846736,1.1044492621026187,1.285548462388445,4.416818840744904,TRUE,wrasse,FALSE,0.0575,0.917,saithe,0.026,0.891,wrasse,NA,NA,NA,wrasse
r6f3-7,r6f3,r6f3-7,r6f3;r6f3-7,110,MP,MP,r6f3,2.1440954243819283,1.2807353561922747,1.932068210634241,5.721357300804307,TRUE,wrasse,FALSE,0.062,0.908,saithe,0.031,0.877,wrasse,NA,NA,NA,wrasse
r6f3-8,r6f3,r6f3-8,r6f3;r6f3-8,110,MP,MP,r6f3,1.4180603964178289,0.9196602641311156,0.9460200035238152,3.745888222569138,TRUE,wrasse,FALSE,0.077,0.885,saithe,0.0455,0.8395,wrasse,NA,NA,NA,wrasse
r6f3-9,r6f3,r6f3-9,r6f3;r6f3-9,110,MP,MP,r6f3,2.1272910593022134,1.3512430279687713,2.00482411472533,5.721877883800164,TRUE,wrasse,FALSE,0.066,0.897,lesser_sand_eel,0.037,0.86,wrasse,NA,NA,NA,wrasse
r6f5-1,r6f5,r6f5-1,r6f5;r6f5-1,110,MP,MP,r6f5,2.476151748240427,0.9976583483370426,1.9108289124955495,5.719640353687143,TRUE,saithe,FALSE,0.9515,0.7465,cod,0.154,0.5925,saithe,53.94956608365003,0,0,saithe_0
r6f5-10,r6f5,r6f5-10,r6f5;r6f5-10,110,MP,MP,r6f5,1.539125386187216,0.7081657553174513,0.8428779779026067,3.6423534497597503,TRUE,saithe,TRUE,0.6859999999999999,0.48,wrasse,0.239,0.241,gadoids_unknown,NA,NA,NA,gadoids_unknown
r6f5-11,r6f5,r6f5-11,r6f5;r6f5-11,110,MP,MP,r6f5,2.9233720563185908,1.1840215598779391,2.7239876196740114,6.856275554537896,TRUE,saithe,FALSE,0.966,0.7915,cod,0.1155,0.6759999999999999,saithe,64.45924332348689,0,0,saithe_0
r6f5-12,r6f5,r6f5-12,r6f5;r6f5-12,110,MP,MP,r6f5,2.5850118512544484,1.1077880492803465,2.105506456766512,6.012332661138482,TRUE,saithe,FALSE,0.9545,0.7825,cod,0.116,0.6665,saithe,56.50777850447954,0,0,saithe_0
r6f5-13,r6f5,r6f5-13,r6f5;r6f5-13,110,MP,MP,r6f5,2.494823357389986,1.020354536195468,1.910417716052157,5.730986274313035,TRUE,saithe,FALSE,0.965,0.7535,cod,0.1625,0.591,saithe,54.38834889866467,0,0,saithe_0
r6f5-14,r6f5,r6f5-14,r6f5;r6f5-14,110,MP,MP,r6f5,2.3695017110594048,1.0527086639880192,1.8786375385989629,5.5936354795722565,TRUE,saithe,FALSE,0.804,0.6995,lesser_sand_eel,0.16,0.5395,saithe,51.44329020989601,0,0,saithe_0
r6f5-15,r6f5,r6f5-15,r6f5;r6f5-15,110,MP,MP,r6f5,2.816052854376401,1.0725900120526235,2.301132042170448,6.3908068383132886,TRUE,saithe,FALSE,0.9595,0.7245,cod,0.1625,0.562,saithe,61.93724207784543,0,0,saithe_0
r6f5-16,r6f5,r6f5-16,r6f5;r6f5-16,110,MP,MP,r6f5,2.3314571221546285,0.9629086592775292,1.7161691751272454,5.424028663022699,TRUE,saithe,FALSE,0.9545,0.7525,cod,0.1535,0.599,saithe,50.54924237063377,0,0,saithe_0
r6f5-17,r6f5,r6f5-17,r6f5;r6f5-17,110,MP,MP,r6f5,2.0637999792317485,1.0708075385603488,1.7153823124551089,5.403066845361902,TRUE,wrasse,FALSE,0.295,0.411,lesser_sand_eel,0.294,0.117,wrasse,NA,NA,NA,wrasse
r6f5-18,r6f5,r6f5-18,r6f5;r6f5-18,110,MP,MP,r6f5,2.145405746370745,0.8499504454196033,1.417829630176476,4.947365518274412,TRUE,saithe,FALSE,0.9665,0.782,cod,0.1435,0.6385000000000001,saithe,46.17703503971251,0,0,saithe_0
r6f5-19,r6f5,r6f5-19,r6f5;r6f5-19,110,MP,MP,r6f5,2.4275161255020974,1.006107181880173,1.88061752392936,5.6503529773388355,TRUE,saithe,FALSE,0.9535,0.801,cod,0.1055,0.6955,saithe,52.80662894929929,0,0,saithe_0
r6f5-2,r6f5,r6f5-2,r6f5;r6f5-2,110,MP,MP,r6f5,2.5218802247744345,1.0921260391663954,2.062997849854459,5.882582005707485,TRUE,saithe,FALSE,0.9225,0.7805,cod,0.081,0.6995,saithe,55.02418528219921,0,0,saithe_0
r6f5-20,r6f5,r6f5-20,r6f5;r6f5-20,110,MP,MP,r6f5,2.284564559959882,0.9281020421845736,1.629689176368566,5.276196000720418,TRUE,saithe,FALSE,0.964,0.786,cod,0.1305,0.6555,saithe,49.447267159057226,0,0,saithe_0
r6f5-21,r6f5,r6f5-21,r6f5;r6f5-21,110,MP,MP,r6f5,2.2549686422680195,0.9801508211037449,1.6458941852039906,5.284860470109015,TRUE,saithe,FALSE,0.962,0.7985,cod,0.121,0.6775,saithe,48.75176309329846,0,0,saithe_0
r6f5-22,r6f5,r6f5-22,r6f5;r6f5-22,110,MP,MP,r6f5,2.5066263093214656,1.0545389449760996,2.1007818290846476,5.89395738167784,TRUE,saithe,FALSE,0.872,0.733,cod,0.078,0.655,saithe,54.66571826905444,0,0,saithe_0
r6f5-23,r6f5,r6f5-23,r6f5;r6f5-23,110,MP,MP,r6f5,1.631127579787982,0.63582788712443,0.7864110660799967,3.710145075427666,TRUE,saithe,FALSE,0.9615,0.7595,cod,0.158,0.6014999999999999,saithe,34.09149812501758,0,0,saithe_0
r6f5-24,r6f5,r6f5-24,r6f5;r6f5-24,110,MP,MP,r6f5,1.860604956284877,0.8274574743429314,1.1533864553766215,4.339513924651621,TRUE,saithe,TRUE,0.66,0.4875,wrasse,0.3045,0.183,gadoids_unknown,NA,NA,NA,gadoids_unknown
r6f5-25,r6f5,r6f5-25,r6f5;r6f5-25,110,MP,MP,r6f5,1.5714491006025242,0.6490809492607633,0.7765091045503103,3.614617895533275,TRUE,saithe,FALSE,0.958,0.77,cod,0.138,0.632,saithe,32.68905386415932,0,0,saithe_0
r6f5-26,r6f5,r6f5-26,r6f5;r6f5-26,110,MP,MP,r6f5,1.9024058283655356,0.775865928888067,1.111656307824403,4.371392999251786,TRUE,saithe,FALSE,0.9325,0.7145,cod,0.168,0.5465,saithe,40.466536966590084,0,0,saithe_0
r6f5-27,r6f5,r6f5-27,r6f5;r6f5-27,110,MP,MP,r6f5,2.017123170870031,0.906698059467014,1.3311442237761988,4.724988732489197,TRUE,saithe,FALSE,0.7275,0.5825,wrasse,0.1995,0.383,saithe,43.16239451544572,0,0,saithe_0
r6f5-28,r6f5,r6f5-28,r6f5;r6f5-28,110,MP,MP,r6f5,1.764533575768681,0.8088191681425878,1.0733491033977525,4.179115398048229,TRUE,saithe,FALSE,0.857,0.705,wrasse,0.0885,0.6164999999999999,saithe,37.226539030564005,0,0,saithe_0
r6f5-29,r6f5,r6f5-29,r6f5;r6f5-29,110,MP,MP,r6f5,1.8704897576141215,0.7876256401378214,1.123661811402968,4.339522813131972,TRUE,saithe,FALSE,0.9165,0.735,cod,0.123,0.612,saithe,39.71650930393185,0,0,saithe_0
r6f5-3,r6f5,r6f5-3,r6f5;r6f5-3,110,MP,MP,r6f5,2.7411078054476827,1.035508393576664,2.228060091416105,6.282790650146354,TRUE,saithe,FALSE,0.978,0.7945,cod,0.1225,0.6719999999999999,saithe,60.17603342802054,0,0,saithe_0
r6f5-30,r6f5,r6f5-30,r6f5;r6f5-30,110,MP,MP,r6f5,1.7112205339399895,0.7347215979773419,0.931101892474116,3.960647018679899,TRUE,saithe,FALSE,0.964,0.788,cod,0.1185,0.6695,saithe,35.97368254758975,0,0,saithe_0
r6f5-31,r6f5,r6f5-31,r6f5;r6f5-31,110,MP,MP,r6f5,1.5077565143148686,0.6714728050871754,0.7587031691640096,3.528890544839395,TRUE,saithe,FALSE,0.874,0.719,wrasse,0.0865,0.6325,saithe,31.192278086399412,0,0,saithe_0
r6f5-32,r6f5,r6f5-32,r6f5;r6f5-32,110,MP,MP,r6f5,1.3601007611331408,0.672457561735531,0.7104522668921043,3.304156095494373,TRUE,saithe,TRUE,0.5955,0.436,wrasse,0.2865,0.14950000000000002,gadoids_unknown,NA,NA,NA,gadoids_unknown
r6f5-33,r6f5,r6f5-33,r6f5;r6f5-33,110,MP,MP,r6f5,2.552576123163962,1.0522385987561993,1.9713141997298624,5.843789752056639,TRUE,saithe,FALSE,0.9705,0.752,cod,0.179,0.573,saithe,55.7455388943531,0,0,saithe_0
r6f5-34,r6f5,r6f5-34,r6f5;r6f5-34,110,MP,MP,r6f5,0.9602573796629053,0.49058109937545336,0.3688400701187052,2.3446216160931423,TRUE,saithe,TRUE,0.524,0.406,wrasse,0.3315,0.07450000000000001,gadoids_unknown,NA,NA,NA,gadoids_unknown
r6f5-35,r6f5,r6f5-35,r6f5;r6f5-35,110,MP,MP,r6f5,1.7671000628280435,0.7519374445515108,0.9471344331347976,4.041296621363265,TRUE,saithe,FALSE,0.9615,0.7495,cod,0.1605,0.5890000000000001,saithe,37.28685147645902,0,0,saithe_0
r6f5-36,r6f5,r6f5-36,r6f5;r6f5-36,110,MP,MP,r6f5,1.667220844675289,0.7351516627051353,0.933045802534318,3.930334116454269,TRUE,saithe,FALSE,0.899,0.7465,cod,0.066,0.6805000000000001,saithe,34.93968984986929,0,0,saithe_0
r6f5-37,r6f5,r6f5-37,r6f5;r6f5-37,110,MP,MP,r6f5,1.8247743054404697,0.7786084391802242,1.0317897981997692,4.192505321897028,TRUE,saithe,FALSE,0.8325,0.582,cod,0.187,0.395,saithe,38.642196177851034,0,0,saithe_0
r6f5-38,r6f5,r6f5-38,r6f5;r6f5-38,110,MP,MP,r6f5,1.862703414798988,0.7701752228036639,1.1032844223188176,4.335555882568167,TRUE,saithe,FALSE,0.948,0.7085,norway_pout,0.089,0.6195,saithe,39.53353024777622,0,0,saithe_0
r6f5-39,r6f5,r6f5-39,r6f5;r6f5-39,110,MP,MP,r6f5,1.7375865834257938,0.7082868983455776,0.9202737757411176,3.978591056792613,TRUE,saithe,FALSE,0.8075,0.5925,wrasse,0.1855,0.407,saithe,36.593284710506154,0,0,saithe_0
r6f5-4,r6f5,r6f5-4,r6f5;r6f5-4,110,MP,MP,r6f5,2.3309867270145954,0.952625604448848,1.6862978986275037,5.389655957023896,TRUE,saithe,FALSE,0.967,0.814,cod,0.1045,0.7094999999999999,saithe,50.53818808484299,0,0,saithe_0
r6f5-41,r6f5,r6f5-41,r6f5;r6f5-41,110,MP,MP,r6f5,1.656914178201346,0.7513563618679282,0.9107027717324662,3.8600746379745168,TRUE,saithe,FALSE,0.7725000000000001,0.6165,wrasse,0.182,0.43450000000000005,saithe,34.69748318773163,0,0,saithe_0
r6f5-42,r6f5,r6f5-42,r6f5;r6f5-42,110,MP,MP,r6f5,1.39001569755812,0.6379867172605838,0.6706581301793737,3.2676561547315774,TRUE,saithe,FALSE,0.779,0.5825,wrasse,0.152,0.4305,saithe,28.425368892615815,0,0,saithe_0
r6f5-44,r6f5,r6f5-44,r6f5;r6f5-44,110,MP,MP,r6f5,1.5557948277452274,0.9261101400157068,1.0907143062430702,4.070938602827576,TRUE,wrasse,FALSE,0.234,0.6665,saithe,0.113,0.5535,wrasse,NA,NA,NA,wrasse
r6f5-45,r6f5,r6f5-45,r6f5;r6f5-45,110,MP,MP,r6f5,1.3394928072155814,0.8955941467166089,0.9120324097757836,3.622440488754755,TRUE,wrasse,FALSE,0.1235,0.82,saithe,0.0645,0.7555,wrasse,NA,NA,NA,wrasse
r6f5-46,r6f5,r6f5-46,r6f5;r6f5-46,110,MP,MP,r6f5,1.5960904272340195,0.6640083018041247,0.8096677699308042,3.704213960041274,TRUE,saithe,FALSE,0.9575,0.7315,cod,0.1755,0.556,saithe,33.268125039999454,0,0,saithe_0
r6f5-47,r6f5,r6f5-47,r6f5;r6f5-47,110,MP,MP,r6f5,1.4993782383965832,0.6805480195188063,0.739694064354712,3.510629850852508,TRUE,saithe,FALSE,0.915,0.777,cod,0.074,0.7030000000000001,saithe,30.995388602319707,0,0,saithe_0
r6f5-48,r6f5,r6f5-48,r6f5;r6f5-48,110,MP,MP,r6f5,2.0525503313901687,0.8897952191814139,1.325108164997023,4.761190658700199,TRUE,saithe,FALSE,0.9585,0.8145,cod,0.1055,0.709,saithe,43.994932787668965,0,0,saithe_0
r6f5-5,r6f5,r6f5-5,r6f5;r6f5-5,110,MP,MP,r6f5,2.1293444455213892,0.8921571262393989,1.453430935078544,4.935406018463363,TRUE,saithe,FALSE,0.947,0.7485,cod,0.1545,0.5940000000000001,saithe,45.79959446975265,0,0,saithe_0
r6f5-50,r6f5,r6f5-50,r6f5;r6f5-50,110,MP,MP,r6f5,2.1733764976431043,0.8089079983917218,1.3492291485433097,4.923568120947751,TRUE,saithe,FALSE,0.966,0.7925,cod,0.136,0.6565,saithe,46.83434769461295,0,0,saithe_0
r6f5-51,r6f5,r6f5-51,r6f5;r6f5-51,110,MP,MP,r6f5,1.0919266552580522,0.524211843380099,0.4160709287279889,2.591561794451525,TRUE,saithe,FALSE,0.7030000000000001,0.527,wrasse,0.234,0.29300000000000004,saithe,21.420276398564226,0,0,saithe_0
r6f5-52,r6f5,r6f5-52,r6f5;r6f5-52,110,MP,MP,r6f5,1.8182888065772,0.7241981255751202,1.005713126312409,4.163796786826022,TRUE,saithe,FALSE,0.982,0.8015,cod,0.1325,0.669,saithe,38.4897869545642,0,0,saithe_0
r6f5-53,r6f5,r6f5-53,r6f5;r6f5-53,110,MP,MP,r6f5,1.8602101476253592,0.7996351014128823,1.1168579171220094,4.314164167949891,TRUE,saithe,FALSE,0.958,0.7655,cod,0.1395,0.6259999999999999,saithe,39.47493846919594,0,0,saithe_0
r6f5-54,r6f5,r6f5-54,r6f5;r6f5-54,110,MP,MP,r6f5,1.649934895382793,0.7233415622114344,0.901457843727047,3.847159960834473,TRUE,saithe,FALSE,0.8425,0.662,wrasse,0.118,0.544,saithe,34.53347004149563,0,0,saithe_0
r6f5-55,r6f5,r6f5-55,r6f5;r6f5-55,110,MP,MP,r6f5,1.3273142853248143,0.654581681756317,0.632269810609937,3.1973085743135043,TRUE,saithe,FALSE,0.6325,0.5385,lesser_sand_eel,0.239,0.2995,saithe,26.951885705133137,0,0,saithe_0
r6f5-56,r6f5,r6f5-56,r6f5;r6f5-56,110,MP,MP,r6f5,1.3116642302960786,0.590641704263545,0.5817728179830635,3.081641092496751,TRUE,saithe,FALSE,0.8605,0.684,wrasse,0.0875,0.5965,saithe,26.584109411957847,0,0,saithe_0
r6f5-58,r6f5,r6f5-58,r6f5;r6f5-58,110,MP,MP,r6f5,1.5964432756144178,0.6610785854474247,0.797832316674038,3.6689389421824448,TRUE,saithe,FALSE,0.9455,0.7235,cod,0.1705,0.553,saithe,33.27641697693882,0,0,saithe_0
r6f5-59,r6f5,r6f5-59,r6f5;r6f5-59,110,MP,MP,r6f5,1.418040253521443,0.5768603523770015,0.6115030214901679,3.2423670150957036,TRUE,saithe,FALSE,0.93,0.715,cod,0.169,0.5459999999999999,saithe,29.083945957753905,0,0,saithe_0
r6f5-6,r6f5,r6f5-6,r6f5;r6f5-6,110,MP,MP,r6f5,1.9266785058958855,0.8519572735369236,1.2343720893047687,4.484758397416313,TRUE,saithe,FALSE,0.8075,0.634,wrasse,0.1345,0.4995,saithe,41.03694488855331,0,0,saithe_0
r6f5-61,r6f5,r6f5-61,r6f5;r6f5-61,110,MP,MP,r6f5,1.2797778022444648,0.589900985162192,0.5798119844308376,3.0226154606927267,TRUE,saithe,FALSE,0.74,0.5255,wrasse,0.1925,0.33299999999999996,saithe,25.83477835274492,0,0,saithe_0
r6f5-62,r6f5,r6f5-62,r6f5;r6f5-62,110,MP,MP,r6f5,1.5694979459721738,0.6761746120530182,0.798193307883035,3.667803482752886,TRUE,saithe,FALSE,0.952,0.794,cod,0.129,0.665,saithe,32.643201730346085,0,0,saithe_0
r6f5-63,r6f5,r6f5-63,r6f5;r6f5-63,110,MP,MP,r6f5,7.450987712852842,2.820062651038636,15.217306241339312,16.828208142356377,TRUE,cod,TRUE,0.9995,0.4735,saithe,0.2945,0.179,gadoids_unknown,NA,NA,NA,gadoids_unknown
r6f5-64,r6f5,r6f5-64,r6f5;r6f5-64,110,MP,MP,r6f5,7.242474997472596,3.3287640305070636,17.392559206157475,17.243749405983017,TRUE,poor_cod,FALSE,0.943,0.678,norway_pout,0.127,0.551,poor_cod,153.54836515400268,1,1,poor_cod_1
r6f5-65,r6f5,r6f5-65,r6f5;r6f5-65,110,MP,MP,r6f5,5.710070544659579,2.707625338718541,10.986765295509189,13.75725400607703,TRUE,poor_cod,TRUE,0.885,0.4825,norway_pout,0.238,0.2445,gadoids_unknown,NA,NA,NA,gadoids_unknown
r6f5-66,r6f5,r6f5-66,r6f5;r6f5-66,110,MP,MP,r6f5,8.00041641399718,2.990567498220258,18.040789719463913,18.329813230954407,TRUE,cod,TRUE,0.9985,0.3825,saithe,0.382,5.000000000000004e-4,gadoids_unknown,NA,NA,NA,gadoids_unknown
r6f5-67,r6f5,r6f5-67,r6f5;r6f5-67,110,MP,MP,r6f5,6.96796399980114,3.445760770688153,16.77382248351567,16.69988788844423,TRUE,poor_cod,FALSE,0.98,0.8965,norway_pout,0.066,0.8305,poor_cod,145.8370767184138,1,1,poor_cod_1
r6f5-68,r6f5,r6f5-68,r6f5;r6f5-68,110,MP,MP,r6f5,7.333986729493344,2.825823142553112,15.158645287063688,16.77316917974525,TRUE,cod,TRUE,0.9995,0.3775,haddock,0.3215,0.05599999999999999,gadoids_unknown,NA,NA,NA,gadoids_unknown
r6f5-69,r6f5,r6f5-69,r6f5;r6f5-69,110,MP,MP,r6f5,7.86033552405871,3.0176437263679383,17.89349699485336,18.255546161900128,TRUE,saithe,FALSE,0.999,0.583,cod,0.327,0.25599999999999995,saithe,210.35898914307063,1,1,saithe_1
r6f5-7,r6f5,r6f5-7,r6f5;r6f5-7,110,MP,MP,r6f5,2.47592227635756,0.9695747700304956,1.8454053103808772,5.6733184922468,TRUE,saithe,FALSE,0.9745,0.783,cod,0.1545,0.6285000000000001,saithe,53.94417349440266,0,0,saithe_0
r6f5-70,r6f5,r6f5-70,r6f5;r6f5-70,110,MP,MP,r6f5,5.739343585594555,2.6454076417480263,11.04399370660606,13.632043053696467,TRUE,poor_cod,FALSE,0.8350000000000001,0.6185,lesser_sand_eel,0.1605,0.4580000000000001,poor_cod,111.32390066293664,1,1,poor_cod_1
r6f5-8,r6f5,r6f5-8,r6f5;r6f5-8,110,MP,MP,r6f5,2.631969493779249,1.0181536008960408,2.1519346656430804,6.081792058298453,TRUE,saithe,FALSE,0.966,0.786,cod,0.1265,0.6595,saithe,57.61128310381235,0,0,saithe_0
r6f5-9,r6f5,r6f5-9,r6f5;r6f5-9,110,MP,MP,r6f5,3.0496511850118364,1.1918775657977976,2.692215799553888,6.899116236647431,TRUE,saithe,FALSE,0.9815,0.76,cod,0.1605,0.5995,saithe,67.42680284777816,0,0,saithe_0
r8f4-1,r8f4,r8f4-1,r8f4;r8f4-1,110,MP,MP,r8f4,7.3473613011259324,2.6454923224519105,14.808912485053176,16.510969990383416,TRUE,saithe,FALSE,0.997,0.5125,cod,0.3005,0.21199999999999997,saithe,189.72180697329196,1,1,saithe_1
r8f4-2,r8f4,r8f4-2,r8f4;r8f4-2,110,MP,MP,r8f4,6.80754761036824,2.526724245786433,13.159974183801292,15.391243131767002,TRUE,saithe,TRUE,0.9975,0.494,cod,0.302,0.192,gadoids_unknown,NA,NA,NA,gadoids_unknown
r8f4-3,r8f4,r8f4-3,r8f4;r8f4-3,110,MP,MP,r8f4,5.42651234039203,1.988701164530502,7.831395021993911,12.20593708163046,TRUE,saithe,TRUE,0.874,0.4415,cod,0.1805,0.261,gadoids_unknown,NA,NA,NA,gadoids_unknown
r8f4-4,r8f4,r8f4-4,r8f4;r8f4-4,110,MP,MP,r8f4,5.6709675236597645,2.1472292484571023,8.555001295242176,12.700729829932245,TRUE,saithe,TRUE,0.8684999999999999,0.4155,cod,0.177,0.2385,gadoids_unknown,NA,NA,NA,gadoids_unknown
r8f5-16,r8f5,r8f5-16,r8f5;r8f5-16,110,MP,MP,r8f5,2.3092686688931994,0.9498854163537628,1.709899196379504,5.34506025895037,TRUE,saithe,FALSE,0.92,0.7355,cod,0.135,0.6005,saithe,50.02781371899018,0,0,saithe_0
r8f5-25,r8f5,r8f5-25,r8f5;r8f5-25,110,MP,MP,r8f5,2.9491824047415767,1.1667295619378917,2.716281956773498,6.889960038078426,TRUE,saithe,FALSE,0.848,0.713,lesser_sand_eel,0.12,0.593,saithe,65.06578651142706,0,0,saithe_0
r8f5-26,r8f5,r8f5-26,r8f5;r8f5-26,110,MP,MP,r8f5,2.5455080295592385,0.9788638119269308,1.8805216756782153,5.838779984238544,TRUE,saithe,FALSE,0.9805,0.861,cod,0.08,0.781,saithe,55.5794386946421,0,0,saithe_0
r8f5-27,r8f5,r8f5-27,r8f5;r8f5-27,110,MP,MP,r8f5,2.7985209425533535,1.134686925426236,2.459246913084445,6.499194301745969,TRUE,saithe,FALSE,0.924,0.739,cod,0.136,0.603,saithe,61.5252421500038,0,0,saithe_0
r8f5-28,r8f5,r8f5-28,r8f5;r8f5-28,110,MP,MP,r8f5,2.5600000604702515,1.005309178501443,1.958743579295356,5.868922868104503,TRUE,saithe,FALSE,0.9745,0.7825,cod,0.1255,0.657,saithe,55.920001421050905,0,0,saithe_0
r8f5-29,r8f5,r8f5-29,r8f5;r8f5-29,110,MP,MP,r8f5,2.5975603589778355,1.0513097750142533,2.1328216736152155,6.053785201901126,TRUE,saithe,FALSE,0.9665,0.8095,cod,0.103,0.7065,saithe,56.802668435979136,0,0,saithe_0
r8f5-30,r8f5,r8f5-30,r8f5;r8f5-30,110,MP,MP,r8f5,2.5946004626583763,1.0635433284663909,2.1225032733886415,6.02939051901132,TRUE,saithe,FALSE,0.9695,0.8045,cod,0.1175,0.687,saithe,56.73311087247184,0,0,saithe_0
r8f5-31,r8f5,r8f5-31,r8f5;r8f5-31,110,MP,MP,r8f5,2.7379323216042537,1.0712993985183878,2.3100299358555536,6.34277936894197,TRUE,saithe,FALSE,0.9735,0.793,cod,0.106,0.687,saithe,60.10140955769996,0,0,saithe_0
r8f5-32,r8f5,r8f5-32,r8f5;r8f5-32,110,MP,MP,r8f5,2.866822927996418,1.1532815348675935,2.557601240399801,6.629107307801369,TRUE,saithe,FALSE,0.9645,0.7705,cod,0.1485,0.622,saithe,63.13033880791581,0,0,saithe_0
r8f5-33,r8f5,r8f5-33,r8f5;r8f5-33,110,MP,MP,r8f5,2.3018511856858854,0.981554331312388,1.7338775083022109,5.417274801459695,TRUE,saithe,FALSE,0.8865000000000001,0.7135,cod,0.135,0.5785,saithe,49.8535028636183,0,0,saithe_0
r8f5-34,r8f5,r8f5-34,r8f5;r8f5-34,110,MP,MP,r8f5,1.5714370444687875,0.933308632571802,1.0249241246464909,3.986134783027202,TRUE,wrasse,FALSE,0.0435,0.9355,saithe,0.023,0.9125,wrasse,NA,NA,NA,wrasse
r8f5-35,r8f5,r8f5-35,r8f5;r8f5-35,110,MP,MP,r8f5,1.6482570994052337,0.8936568939854541,1.0209667016476456,4.099860382311275,TRUE,wrasse,FALSE,0.216,0.7505,saithe,0.1105,0.6399999999999999,wrasse,NA,NA,NA,wrasse
r8f5-36,r8f5,r8f5-36,r8f5;r8f5-36,110,MP,MP,r8f5,2.7400773345741443,1.2177824232870715,2.6010271882861726,6.5150193940057175,TRUE,saithe,FALSE,0.8310000000000001,0.681,lesser_sand_eel,0.085,0.5960000000000001,saithe,60.15181736249239,0,0,saithe_0
r8f5-37,r8f5,r8f5-37,r8f5;r8f5-37,110,MP,MP,r8f5,2.41059259041737,0.9081751315748088,1.7284342925176457,5.513231504074723,TRUE,saithe,FALSE,0.9705,0.7755,cod,0.1495,0.626,saithe,52.40892587480819,0,0,saithe_0
r8f5-38,r8f5,r8f5-38,r8f5;r8f5-38,110,MP,MP,r8f5,2.5487983627337782,1.0247581819292366,1.9632046382912831,5.869392965571253,TRUE,saithe,FALSE,0.9705,0.7805,cod,0.118,0.6625,saithe,55.656761524243784,0,0,saithe_0
r8f5-39,r8f5,r8f5-39,r8f5;r8f5-39,110,MP,MP,r8f5,3.096963595960665,1.3399913411929911,3.3429564063325428,7.592012267351102,TRUE,saithe,TRUE,0.5335,0.435,lesser_sand_eel,0.3205,0.1145,gadoids_unknown,NA,NA,NA,gadoids_unknown
r8f5-40,r8f5,r8f5-40,r8f5;r8f5-40,110,MP,MP,r8f5,2.5440219997743396,0.9943328020602612,1.951517167888415,5.864289498415882,TRUE,saithe,FALSE,0.9695,0.798,cod,0.1235,0.6745000000000001,saithe,55.54451699469698,0,0,saithe_0
r8f5-41,r8f5,r8f5-41,r8f5;r8f5-41,110,MP,MP,r8f5,2.0233377348576296,1.191170422416335,1.7618404896557147,5.392234573571201,TRUE,wrasse,FALSE,0.067,0.898,lesser_sand_eel,0.035,0.863,wrasse,NA,NA,NA,wrasse
r8f5-42,r8f5,r8f5-42,r8f5;r8f5-42,110,MP,MP,r8f5,2.070569052679377,0.9110201515287032,1.451297016199486,4.858789231733366,TRUE,saithe,FALSE,0.8,0.62,wrasse,0.1385,0.4815,saithe,44.41837273796536,0,0,saithe_0
r8f5-43,r8f5,r8f5-43,r8f5;r8f5-43,110,MP,MP,r8f5,2.473111460360356,1.1177879619882478,2.1714276746733145,5.930799417189109,TRUE,saithe,TRUE,0.648,0.476,wrasse,0.195,0.28099999999999997,gadoids_unknown,NA,NA,NA,gadoids_unknown
r8f5-44,r8f5,r8f5-44,r8f5;r8f5-44,110,MP,MP,r8f5,2.6838806035157425,1.1390247315388784,2.3072798689260297,6.2852843160071945,TRUE,saithe,FALSE,0.9395,0.743,cod,0.1295,0.6134999999999999,saithe,58.831194182619946,0,0,saithe_0
r8f5-45,r8f5,r8f5-45,r8f5;r8f5-45,110,MP,MP,r8f5,2.0353800707994973,0.9073662520550064,1.4760230309375566,4.8720429983876645,TRUE,saithe,TRUE,0.648,0.498,wrasse,0.1955,0.3025,gadoids_unknown,NA,NA,NA,gadoids_unknown
r8f5-46,r8f5,r8f5-46,r8f5;r8f5-46,110,MP,MP,r8f5,2.284071911946911,0.9235988298409996,1.563481935679837,5.272527247651155,TRUE,saithe,FALSE,0.97,0.6215,haddock,0.1535,0.4680000000000001,saithe,49.4356899307524,0,0,saithe_0
r8f5-47,r8f5,r8f5-47,r8f5;r8f5-47,110,MP,MP,r8f5,1.5753667470448012,0.9984705194676472,1.1339147546235542,4.2108644938671835,TRUE,wrasse,FALSE,0.054,0.9165,lesser_sand_eel,0.0295,0.887,wrasse,NA,NA,NA,wrasse
r8f5-48,r8f5,r8f5-48,r8f5;r8f5-48,110,MP,MP,r8f5,2.4428976424167588,0.9983964913124654,1.8038126955784153,5.626888158093346,TRUE,saithe,FALSE,0.9125,0.6905,cod,0.171,0.5195,saithe,53.16809459679383,0,0,saithe_0
r8f5-49,r8f5,r8f5-49,r8f5;r8f5-49,110,MP,MP,r8f5,2.0059467228046826,1.14368939021917,1.613280828442474,5.2603957606726865,TRUE,wrasse,FALSE,0.1025,0.86,saithe,0.0555,0.8045,wrasse,NA,NA,NA,wrasse
r8f5-50,r8f5,r8f5-50,r8f5;r8f5-50,110,MP,MP,r8f5,2.203684909880546,0.9653918927648228,1.595389038645706,5.137076830080111,TRUE,saithe,FALSE,0.8939999999999999,0.7555,cod,0.084,0.6715,saithe,47.54659538219283,0,0,saithe_0
r8f5-52,r8f5,r8f5-52,r8f5;r8f5-52,110,MP,MP,r8f5,1.7254780715011158,0.7129195136736205,0.9297899282335602,3.974860074727347,TRUE,saithe,FALSE,0.9375,0.671,cod,0.1835,0.4875,saithe,36.30873468027622,0,0,saithe_0
r8f5-53,r8f5,r8f5-53,r8f5;r8f5-53,110,MP,MP,r8f5,2.399829606865505,0.9637237924287536,1.76501734632999,5.558695660554741,TRUE,saithe,FALSE,0.961,0.812,cod,0.116,0.6960000000000001,saithe,52.15599576133936,0,0,saithe_0
r8f5-54,r8f5,r8f5-54,r8f5;r8f5-54,110,MP,MP,r8f5,2.059218674392484,0.916944073250612,1.420036167000299,4.85224924491196,TRUE,saithe,FALSE,0.747,0.5865,wrasse,0.1835,0.403,saithe,44.15163884822337,0,0,saithe_0
r8f5-55,r8f5,r8f5-55,r8f5;r8f5-55,110,MP,MP,r8f5,2.1311097050495444,0.917911437497475,1.503190400039772,5.006796670872885,TRUE,saithe,FALSE,0.8135,0.6885,lesser_sand_eel,0.105,0.5835,saithe,45.841078068664295,0,0,saithe_0
r8f5-56,r8f5,r8f5-56,r8f5;r8f5-56,110,MP,MP,r8f5,2.559321288686438,1.0229842557915112,2.0386223575629416,5.9488736580288455,TRUE,saithe,FALSE,0.96,0.7925,cod,0.1145,0.6779999999999999,saithe,55.904050284131294,0,0,saithe_0
r8f5-57,r8f5,r8f5-57,r8f5;r8f5-57,110,MP,MP,r8f5,2.433888860100354,0.917772257545286,1.716828619310345,5.541405242481301,TRUE,saithe,FALSE,0.965,0.804,cod,0.117,0.687,saithe,52.95638821235832,0,0,saithe_0
r8f5-58,r8f5,r8f5-58,r8f5;r8f5-58,110,MP,MP,r8f5,2.608264527483026,1.0736993851594667,2.1779561593059102,6.086485484103512,TRUE,saithe,FALSE,0.9385,0.7615,cod,0.118,0.6435,saithe,57.05421639585111,0,0,saithe_0
r8f5-59,r8f5,r8f5-59,r8f5;r8f5-59,110,MP,MP,r8f5,1.5723733766140289,0.8589263827935228,0.920163932414818,3.8613815539157814,TRUE,wrasse,FALSE,0.243,0.721,saithe,0.107,0.614,wrasse,NA,NA,NA,wrasse
r8f5-60,r8f5,r8f5-60,r8f5;r8f5-60,110,MP,MP,r8f5,2.5056099154842015,0.99099932134508,1.9440341120468747,5.82061933226212,TRUE,saithe,FALSE,0.917,0.7675,cod,0.103,0.6645,saithe,54.64183301387873,0,0,saithe_0
r8f5-61,r8f5,r8f5-61,r8f5;r8f5-61,110,MP,MP,r8f5,1.9973071950984311,0.8227616982942989,1.1998809598789195,4.57638900989843,TRUE,saithe,FALSE,0.956,0.733,cod,0.1755,0.5575,saithe,42.69671908481313,0,0,saithe_0
r8f5-62,r8f5,r8f5-62,r8f5;r8f5-62,110,MP,MP,r8f5,1.4126254741888695,0.6733955898551864,0.7367151001625908,3.3755571708424754,TRUE,saithe,TRUE,0.6495,0.47,wrasse,0.263,0.20699999999999996,gadoids_unknown,NA,NA,NA,gadoids_unknown
r8f5-63,r8f5,r8f5-63,r8f5;r8f5-63,110,MP,MP,r8f5,2.0732922703731775,0.8302506488407821,1.3612663138344867,4.8752151885322315,TRUE,saithe,FALSE,0.9245,0.7655,cod,0.111,0.6545,saithe,44.48236835376967,0,0,saithe_0
r8f5-64,r8f5,r8f5-64,r8f5;r8f5-64,110,MP,MP,r8f5,1.841909200066456,0.7975018367824589,1.1331901415881367,4.309544402120761,TRUE,saithe,FALSE,0.8530000000000001,0.685,wrasse,0.093,0.5920000000000001,saithe,39.04486620156172,0,0,saithe_0
r8f5-65,r8f5,r8f5-65,r8f5;r8f5-65,110,MP,MP,r8f5,1.8398291199099537,0.8140971389606783,1.121961788324693,4.300464388519644,TRUE,saithe,FALSE,0.8470000000000001,0.686,wrasse,0.1025,0.5835,saithe,38.99598431788391,0,0,saithe_0
r8f5-66,r8f5,r8f5-66,r8f5;r8f5-66,110,MP,MP,r8f5,1.8706213042503093,0.8245715128269394,1.177344341333427,4.437408723506471,TRUE,saithe,FALSE,0.657,0.511,wrasse,0.181,0.33,saithe,39.71960064988227,0,0,saithe_0
r8f5-67,r8f5,r8f5-67,r8f5;r8f5-67,110,MP,MP,r8f5,2.3565952146821103,0.8817963437488867,1.6267610121218006,5.368962602866788,TRUE,saithe,FALSE,0.962,0.774,cod,0.1475,0.6265000000000001,saithe,51.13998754502959,0,0,saithe_0
r8f5-68,r8f5,r8f5-68,r8f5;r8f5-68,110,MP,MP,r8f5,1.1879335857955415,0.6382360674563828,0.6066315250424843,3.0113703710145425,TRUE,wrasse,FALSE,0.3355,0.362,lesser_sand_eel,0.3025,0.0595,wrasse,NA,NA,NA,wrasse
r8f5-69,r8f5,r8f5-69,r8f5;r8f5-69,110,MP,MP,r8f5,2.261226674689937,0.8287997075201696,1.4452258905449762,5.121745370829244,TRUE,saithe,FALSE,0.9735,0.815,cod,0.1005,0.7144999999999999,saithe,48.898826855213514,0,0,saithe_0
r8f5-70,r8f5,r8f5-70,r8f5;r8f5-70,110,MP,MP,r8f5,2.36120026362493,0.9923430564234444,1.8132826797570585,5.518463848094311,TRUE,saithe,FALSE,0.934,0.758,cod,0.133,0.625,saithe,51.24820619518585,0,0,saithe_0
r8f5-71,r8f5,r8f5-71,r8f5;r8f5-71,110,MP,MP,r8f5,2.2394713060576517,0.8885561497357649,1.5681649164212483,5.20205681657747,TRUE,saithe,FALSE,0.932,0.769,cod,0.117,0.652,saithe,48.387575692354815,0,0,saithe_0
r8f5-72,r8f5,r8f5-72,r8f5;r8f5-72,110,MP,MP,r8f5,2.0425583468946114,0.872291233863388,1.3195377933180206,4.77167426582137,TRUE,saithe,FALSE,0.948,0.706,cod,0.1375,0.5685,saithe,43.760121152023366,0,0,saithe_0
r8f5-73,r8f5,r8f5-73,r8f5;r8f5-73,110,MP,MP,r8f5,1.5659807491117652,0.943161303570388,1.0444141865000964,4.096101546551169,TRUE,wrasse,FALSE,0.0545,0.915,lesser_sand_eel,0.0305,0.8845000000000001,wrasse,NA,NA,NA,wrasse
r8f5-75,r8f5,r8f5-75,r8f5;r8f5-75,110,MP,MP,r8f5,1.5995631873616163,0.7874961660094739,0.9619776619021904,3.8576001504989472,TRUE,saithe,TRUE,0.5345,0.4125,wrasse,0.238,0.1745,gadoids_unknown,NA,NA,NA,gadoids_unknown
r8f5-76,r8f5,r8f5-76,r8f5;r8f5-76,110,MP,MP,r8f5,1.7720943583746032,0.7818238904067636,0.9982038580454328,4.109841424315864,TRUE,saithe,FALSE,0.7745,0.588,wrasse,0.21,0.378,saithe,37.404217421803175,0,0,saithe_0
r8f5-77,r8f5,r8f5-77,r8f5;r8f5-77,110,MP,MP,r8f5,1.8519690149890928,0.8054982136214319,1.1337564651001282,4.356187489957838,TRUE,saithe,FALSE,0.8975,0.7705,lesser_sand_eel,0.056,0.7144999999999999,saithe,39.28127185224368,0,0,saithe_0
r8f5-78,r8f5,r8f5-78,r8f5;r8f5-78,110,MP,MP,r8f5,1.6691745883368765,0.6899489081623317,0.8787855480131035,3.844056618495943,TRUE,saithe,FALSE,0.969,0.7735,cod,0.15,0.6234999999999999,saithe,34.985602825916594,0,0,saithe_0
r8f5-80,r8f5,r8f5-80,r8f5;r8f5-80,110,MP,MP,r8f5,2.2463157455208673,1.2206560289704564,2.087397654486637,5.704431500781032,TRUE,wrasse,FALSE,0.3685,0.3305,lesser_sand_eel,0.301,0.02950000000000002,wrasse,NA,NA,NA,wrasse
r8f5-81,r8f5,r8f5-81,r8f5;r8f5-81,110,MP,MP,r8f5,2.054737381067019,0.872638938459546,1.3863704861076531,4.825171208108053,TRUE,saithe,FALSE,0.812,0.676,wrasse,0.112,0.5640000000000001,saithe,44.04632845507495,0,0,saithe_0
r8f5-82,r8f5,r8f5-82,r8f5;r8f5-82,110,MP,MP,r8f5,2.074814663180527,0.8727030343090952,1.4424804352811007,4.877207974156738,TRUE,saithe,FALSE,0.876,0.738,cod,0.0885,0.6495,saithe,44.51814458474238,0,0,saithe_0
r8f5-83,r8f5,r8f5-83,r8f5;r8f5-83,110,MP,MP,r8f5,2.0349055212061766,0.7719004709428139,1.2282953205773084,4.684072476175327,TRUE,saithe,FALSE,0.9615,0.8055,cod,0.1245,0.681,saithe,43.58027974834515,0,0,saithe_0
r8f5-84,r8f5,r8f5-84,r8f5;r8f5-84,110,MP,MP,r8f5,1.5896559960722998,0.7060411278346759,0.8361533464453773,3.726664536167956,TRUE,saithe,FALSE,0.8945,0.7075,cod,0.0735,0.634,saithe,33.116915907699045,0,0,saithe_0
r8f5-85,r8f5,r8f5-85,r8f5;r8f5-85,110,MP,MP,r8f5,2.0875717364316095,0.9086609530945432,1.4728930978546024,4.926682864164893,TRUE,saithe,FALSE,0.7705000000000001,0.559,wrasse,0.148,0.411,saithe,44.81793580614282,0,0,saithe_0
r8f5-86,r8f5,r8f5-86,r8f5;r8f5-86,110,MP,MP,r8f5,1.4070624567425822,0.6714924298006995,0.7065490453685774,3.3691503010521036,TRUE,saithe,FALSE,0.7345,0.545,wrasse,0.192,0.35300000000000004,saithe,28.825967733450682,0,0,saithe_0
r8f5-87,r8f5,r8f5-87,r8f5;r8f5-87,110,MP,MP,r8f5,1.8988885567307947,0.8194745411236076,1.1079762990489588,4.382597104951387,TRUE,saithe,FALSE,0.896,0.656,cod,0.0995,0.5565,saithe,40.38388108317368,0,0,saithe_0
r8f5-88,r8f5,r8f5-88,r8f5;r8f5-88,110,MP,MP,r8f5,1.3259540469596611,0.7818760915572842,0.7337104448850038,3.374917731378365,TRUE,wrasse,FALSE,0.07500000000000001,0.904,saithe,0.0495,0.8545,wrasse,NA,NA,NA,wrasse
r8f5-89,r8f5,r8f5-89,r8f5;r8f5-89,110,MP,MP,r8f5,1.6690722818452015,0.7522232310974826,0.9582470195750796,3.92789285169528,TRUE,saithe,FALSE,0.784,0.611,wrasse,0.147,0.464,saithe,34.983198623362235,0,0,saithe_0
r8f5-90,r8f5,r8f5-90,r8f5;r8f5-90,110,MP,MP,r8f5,1.3369424635588292,0.6350414604303886,0.6497256850664971,3.191105278321507,TRUE,saithe,TRUE,0.6829999999999999,0.495,wrasse,0.2355,0.2595,gadoids_unknown,NA,NA,NA,gadoids_unknown
r8f5-91,r8f5,r8f5-91,r8f5;r8f5-91,110,MP,MP,r8f5,1.4065063308130303,0.6643285460126714,0.7244467407711627,3.3958992561441996,TRUE,saithe,FALSE,0.7255,0.552,wrasse,0.186,0.3660000000000001,saithe,28.81289877410621,0,0,saithe_0
r8f5-93,r8f5,r8f5-93,r8f5;r8f5-93,110,MP,MP,r8f5,5.878385467405213,2.7303916420823646,11.38439488883702,14.133932787283468,TRUE,poor_cod,TRUE,0.8845,0.489,norway_pout,0.206,0.28300000000000003,gadoids_unknown,NA,NA,NA,gadoids_unknown
r8f5-94,r8f5,r8f5-94,r8f5;r8f5-94,110,MP,MP,r8f5,6.904810601415974,2.7662940467282495,14.318407305319738,15.79235688373759,TRUE,cod,FALSE,0.9975,0.569,haddock,0.2695,0.29949999999999993,cod,155.35394989577446,1,1,cod_1
r8f5-95,r8f5,r8f5-95,r8f5;r8f5-95,110,MP,MP,r8f5,5.646258628669426,2.696000026920284,10.765707756478289,13.432073761987972,TRUE,poor_cod,FALSE,0.8,0.6145,lesser_sand_eel,0.195,0.4195,poor_cod,108.70905113795286,1,1,poor_cod_1
r8f5-97,r8f5,r8f5-97,r8f5;r8f5-97,110,MP,MP,r8f5,1.450185976702498,0.6522332422018766,0.722386048370837,3.403461932774153,TRUE,saithe,FALSE,0.788,0.605,wrasse,0.146,0.459,saithe,29.839370452508703,0,0,saithe_0
r8f5-98,r8f5,r8f5-98,r8f5;r8f5-98,110,MP,MP,r8f5,2.493886449045107,1.0170733396160183,2.0172708600152536,5.880531473498721,TRUE,saithe,FALSE,0.939,0.787,cod,0.0785,0.7085,saithe,54.36633155256001,0,0,saithe_0
r8f5-99,r8f5,r8f5-99,r8f5;r8f5-99,110,MP,MP,r8f5,6.811644965094249,2.6430214708688853,13.316909897878135,15.40593744925108,TRUE,cod,FALSE,0.999,0.715,saithe,0.1675,0.5475,cod,153.26331301671496,1,1,cod_1
r9f5-1,r9f5,r9f5-1,r9f5;r9f5-1,110,MP,MP,r9f5,3.631614214551971,1.6908241731870828,4.877426957198966,8.803825128225354,TRUE,lesser_sand_eel,FALSE,0.587,0.2905,norway_pout,0.2155,0.07499999999999998,lesser_sand_eel,193.65165113544336,NA,NA,lesser_sand_eel
r9f5-10,r9f5,r9f5-10,r9f5;r9f5-10,110,MP,MP,r9f5,1.3525152148326294,0.5789107111004796,0.6107072568668881,3.1625915153173296,TRUE,saithe,FALSE,0.8975,0.7565,cod,0.0865,0.6699999999999999,saithe,27.544107548566792,0,0,saithe_0
r9f5-11,r9f5,r9f5-11,r9f5;r9f5-11,110,MP,MP,r9f5,1.7347634523179056,0.7348785689806835,0.947236768447828,3.99467942149198,TRUE,saithe,FALSE,0.8065,0.6045,wrasse,0.1785,0.4260000000000001,saithe,36.52694112947078,0,0,saithe_0
r9f5-12,r9f5,r9f5-12,r9f5;r9f5-12,110,MP,MP,r9f5,1.3121167848616675,0.5974383491745833,0.5926441182710227,3.0757648608664856,TRUE,saithe,FALSE,0.7939999999999999,0.575,wrasse,0.1425,0.4325,saithe,26.594744444249187,0,0,saithe_0
r9f5-13,r9f5,r9f5-13,r9f5;r9f5-13,110,MP,MP,r9f5,1.4202260018558572,0.5956853118836399,0.6234494675335888,3.2576649832138793,TRUE,saithe,FALSE,0.963,0.687,cod,0.2265,0.4605,saithe,29.135311043612646,0,0,saithe_0
r9f5-14,r9f5,r9f5-14,r9f5;r9f5-14,110,MP,MP,r9f5,1.0200029460865752,0.4658006241237507,0.3729421763527601,2.4154025896819484,TRUE,saithe,FALSE,0.701,0.5065,wrasse,0.207,0.2995,saithe,19.730069233034513,0,0,saithe_0
r9f5-15,r9f5,r9f5-15,r9f5;r9f5-15,110,MP,MP,r9f5,2.9490076610480203,1.3692169152602331,3.231544495295078,7.136829138250475,TRUE,lesser_sand_eel,FALSE,0.4775,0.301,saithe,0.286,0.01500000000000001,lesser_sand_eel,158.6373479734582,NA,NA,lesser_sand_eel
r9f5-16,r9f5,r9f5-16,r9f5;r9f5-16,110,MP,MP,r9f5,7.039739056026692,2.577252685006437,13.910474289881808,15.931481418313629,TRUE,cod,TRUE,0.9965,0.3695,saithe,0.358,0.01150000000000001,gadoids_unknown,NA,NA,NA,gadoids_unknown
r9f5-17,r9f5,r9f5-17,r9f5;r9f5-17,110,MP,MP,r9f5,6.28883842991116,2.674639574059886,12.534445210229295,14.670402281221662,TRUE,haddock,TRUE,0.9915,0.494,cod,0.2475,0.2465,gadoids_unknown,NA,NA,NA,gadoids_unknown
r9f5-18,r9f5,r9f5-18,r9f5;r9f5-18,110,MP,MP,r9f5,6.457992352297394,2.732968195241267,13.093046092775465,15.081622682668238,TRUE,haddock,FALSE,0.9955,0.6125,cod,0.214,0.3985000000000001,haddock,115.25939940794528,NA,NA,haddock
r9f5-19,r9f5,r9f5-19,r9f5;r9f5-19,110,MP,MP,r9f5,1.4612786950897296,0.5980546029566395,0.6410474069281681,3.333401340468072,TRUE,saithe,FALSE,0.8395,0.63,cod,0.1545,0.4755,saithe,30.10004933460864,0,0,saithe_0
r9f5-2,r9f5,r9f5-2,r9f5;r9f5-2,110,MP,MP,r9f5,3.443220431863884,1.6422353548195454,4.291544592290485,8.286381621499945,TRUE,saithe,TRUE,0.667,0.2195,poor_cod,0.2065,0.01300000000000001,gadoids_unknown,NA,NA,NA,gadoids_unknown
r9f5-20,r9f5,r9f5-20,r9f5;r9f5-20,110,MP,MP,r9f5,1.4170149317596816,0.5548794755721081,0.5857577628665039,3.203951570757043,TRUE,saithe,FALSE,0.925,0.675,cod,0.195,0.48,saithe,29.059850896352515,0,0,saithe_0
r9f5-21,r9f5,r9f5-21,r9f5;r9f5-21,110,MP,MP,r9f5,1.1395419879869038,0.5435786437597027,0.4711175178617818,2.6994315599814698,TRUE,saithe,FALSE,0.703,0.521,wrasse,0.22,0.30100000000000005,saithe,22.53923671769224,0,0,saithe_0
r9f5-22,r9f5,r9f5-22,r9f5;r9f5-22,110,MP,MP,r9f5,1.299611715745674,0.5934968923085927,0.5874567459912516,3.0766681827967743,TRUE,saithe,FALSE,0.7344999999999999,0.5405,wrasse,0.192,0.3485,saithe,26.300875320023337,0,0,saithe_0
r9f5-23,r9f5,r9f5-23,r9f5;r9f5-23,110,MP,MP,r9f5,1.3022514305142645,0.5436038688549026,0.5388812910637145,3.003916872402328,TRUE,saithe,FALSE,0.962,0.77,cod,0.148,0.622,saithe,26.362908617085218,0,0,saithe_0
r9f5-24,r9f5,r9f5-24,r9f5;r9f5-24,110,MP,MP,r9f5,1.3647204440876397,0.6211747584124107,0.640219806170254,3.199598979936949,TRUE,saithe,FALSE,0.7895,0.5715,wrasse,0.147,0.4245,saithe,27.830930436059532,0,0,saithe_0
r9f5-25,r9f5,r9f5-25,r9f5;r9f5-25,110,MP,MP,r9f5,1.138463364584308,0.5761935259742235,0.5123820021370128,2.827102200677445,TRUE,lesser_sand_eel,FALSE,0.3585,0.3585,saithe,0.3175,0.04099999999999998,lesser_sand_eel,65.76547828635208,NA,NA,lesser_sand_eel
r9f5-26,r9f5,r9f5-26,r9f5;r9f5-26,110,MP,MP,r9f5,1.4408376063562145,0.5885537813686421,0.6409724170027697,3.30287702613244,TRUE,saithe,FALSE,0.953,0.7345,cod,0.181,0.5535000000000001,saithe,29.619683749371042,0,0,saithe_0
r9f5-27,r9f5,r9f5-27,r9f5;r9f5-27,110,MP,MP,r9f5,1.1347367287444534,0.5402854862505406,0.48705174833661963,2.730975383921339,TRUE,saithe,TRUE,0.5255,0.3935,wrasse,0.2625,0.131,gadoids_unknown,NA,NA,NA,gadoids_unknown
r9f5-28,r9f5,r9f5-28,r9f5;r9f5-28,110,MP,MP,r9f5,7.68730468620147,2.797093202061154,16.5161687844061,17.510744050543085,TRUE,saithe,FALSE,0.998,0.572,haddock,0.2225,0.3494999999999999,saithe,203.31554294053387,1,1,saithe_1
r9f5-29,r9f5,r9f5-29,r9f5;r9f5-29,110,MP,MP,r9f5,7.61215661943981,2.8491710485685227,16.290760721145837,17.258880998969104,TRUE,saithe,TRUE,0.9975,0.436,cod,0.3435,0.09249999999999996,gadoids_unknown,NA,NA,NA,gadoids_unknown
r9f5-3,r9f5,r9f5-3,r9f5;r9f5-3,110,MP,MP,r9f5,3.485239468529649,1.5710566579641632,4.2931445937523876,8.292353737139242,TRUE,saithe,TRUE,0.7015,0.3005,poor_cod,0.168,0.13249999999999998,gadoids_unknown,NA,NA,NA,gadoids_unknown
r9f5-30,r9f5,r9f5-30,r9f5;r9f5-30,110,MP,MP,r9f5,6.899965162511625,2.5437514658097187,13.4411133773538,15.613312407733025,TRUE,saithe,TRUE,0.9975,0.4885,cod,0.3045,0.184,gadoids_unknown,NA,NA,NA,gadoids_unknown
r9f5-31,r9f5,r9f5-31,r9f5;r9f5-31,110,MP,MP,r9f5,3.631126933298368,1.7772513275830275,5.005690168986991,8.7818646609459865,TRUE,lesser_sand_eel,FALSE,0.582,0.281,norway_pout,0.2065,0.07450000000000004,lesser_sand_eel,193.62665604353978,NA,NA,lesser_sand_eel
r9f5-4,r9f5,r9f5-4,r9f5;r9f5-4,110,MP,MP,r9f5,2.8434229382335614,1.3418116415377643,3.027708406294515,6.863452308438138,TRUE,lesser_sand_eel,FALSE,0.4545,0.298,saithe,0.287,0.01100000000000001,lesser_sand_eel,153.2213796166905,NA,NA,lesser_sand_eel
r9f5-5,r9f5,r9f5-5,r9f5;r9f5-5,110,MP,MP,r9f5,1.7715063968757507,0.7709309247223215,1.0155685963765295,4.108162816480464,TRUE,saithe,FALSE,0.872,0.705,cod,0.1,0.605,saithe,37.39040032658014,0,0,saithe_0
r9f5-6,r9f5,r9f5-6,r9f5;r9f5-6,110,MP,MP,r9f5,1.9687332638227637,0.7776622385580492,1.188360754277406,4.51472945643476,TRUE,saithe,FALSE,0.971,0.7395,cod,0.193,0.5465,saithe,42.02523169983495,0,0,saithe_0
r9f5-7,r9f5,r9f5-7,r9f5;r9f5-7,110,MP,MP,r9f5,1.2450975647838938,0.5796437647289415,0.5718777003792842,2.977019820800475,TRUE,saithe,TRUE,0.643,0.4665,wrasse,0.2355,0.23100000000000004,gadoids_unknown,NA,NA,NA,gadoids_unknown
r9f5-8,r9f5,r9f5-8,r9f5;r9f5-8,110,MP,MP,r9f5,1.840601265421617,0.7668159743679739,1.0384275507463627,4.205275336231914,TRUE,saithe,FALSE,0.8430000000000001,0.6245,cod,0.1615,0.4630000000000001,saithe,39.014129737408,0,0,saithe_0
r9f5-9,r9f5,r9f5-9,r9f5;r9f5-9,110,MP,MP,r9f5,1.5018891471815932,0.6706803957297562,0.7902003907101653,3.5545113754279054,TRUE,saithe,FALSE,0.7465,0.5795,wrasse,0.1695,0.41,saithe,31.05439495876744,0,0,saithe_0
f1r1-1,f1r1,f1r1-1,f1r1;f1r1-1,110,No_MP_1,No_MP,f1r1,5.07025422320655,1.8346741760504464,6.958673824747612,11.406107011581332,TRUE,saithe,FALSE,0.976,0.563,norway_pout,0.2265,0.3364999999999999,saithe,114.91097424535394,0,0,saithe_0
f1r1-10,f1r1,f1r1-10,f1r1;f1r1-10,110,No_MP_1,No_MP,f1r1,0.9706214106801152,0.6482544954151308,0.4530551743001702,2.588703633098804,TRUE,wrasse,FALSE,0.2795,0.6885,norway_pout,0.1335,0.5549999999999999,wrasse,NA,NA,NA,wrasse
f1r1-11,f1r1,f1r1-11,f1r1;f1r1-11,110,No_MP_1,No_MP,f1r1,0.8566057059866508,0.3755059259809441,0.2492047915238271,2.005805829929319,TRUE,saithe,FALSE,0.8115,0.656,wrasse,0.117,0.539,saithe,15.890234090686294,0,0,saithe_0
f1r1-12,f1r1,f1r1-12,f1r1;f1r1-12,110,No_MP_1,No_MP,f1r1,0.7552645112413374,0.3417780217581046,0.20054441021340724,1.781924851831689,TRUE,saithe,FALSE,0.7655,0.591,wrasse,0.1575,0.4335,saithe,13.508716014171428,0,0,saithe_0
f1r1-13,f1r1,f1r1-13,f1r1;f1r1-13,110,No_MP_1,No_MP,f1r1,0.6702687352031386,0.41681421752257186,0.2237171427990537,1.7696197325997491,TRUE,wrasse,FALSE,0.367,0.5245,saithe,0.1975,0.32699999999999996,wrasse,NA,NA,NA,wrasse
f1r1-14,f1r1,f1r1-14,f1r1;f1r1-14,110,No_MP_1,No_MP,f1r1,5.067793876540641,1.857259049772273,7.252026923283557,11.4747711203821,TRUE,saithe,FALSE,0.9565,0.574,norway_pout,0.183,0.391,saithe,114.85315609870507,0,0,saithe_0
f1r1-15,f1r1,f1r1-15,f1r1;f1r1-15,110,No_MP_1,No_MP,f1r1,4.93757018674223,1.894045835802433,7.157109037184143,11.232464466111466,TRUE,saithe,TRUE,0.962,0.495,norway_pout,0.2025,0.2925,gadoids_unknown,NA,NA,NA,gadoids_unknown
f1r1-16,f1r1,f1r1-16,f1r1;f1r1-16,110,No_MP_1,No_MP,f1r1,4.7033823723505686,1.6728047212761588,5.775359077169621,10.460670614524894,TRUE,saithe,FALSE,0.979,0.5515,norway_pout,0.242,0.3095,saithe,106.28948575023837,0,0,saithe_0
f1r1-17,f1r1,f1r1-17,f1r1;f1r1-17,110,No_MP_1,No_MP,f1r1,4.811453415940817,1.783703664091849,6.839634651713521,11.037462600812322,TRUE,saithe,TRUE,0.8985,0.489,norway_pout,0.248,0.241,gadoids_unknown,NA,NA,NA,gadoids_unknown
f1r1-18,f1r1,f1r1-18,f1r1;f1r1-18,110,No_MP_1,No_MP,f1r1,5.244335474783024,1.7455080589272771,7.113745287274345,11.740472413356995,TRUE,saithe,FALSE,0.9335,0.575,norway_pout,0.1985,0.37649999999999995,saithe,119.00188365740107,0,0,saithe_0
f1r1-19,f1r1,f1r1-19,f1r1;f1r1-19,110,No_MP_1,No_MP,f1r1,4.588461159644613,1.6361684565807888,5.6819071263720415,10.324303784304144,TRUE,saithe,FALSE,0.981,0.619,norway_pout,0.2485,0.3705,saithe,103.5888372516484,0,0,saithe_0
f1r1-2,f1r1,f1r1-2,f1r1;f1r1-2,110,No_MP_1,No_MP,f1r1,5.001165906576567,1.6522405676439131,6.419216612388569,11.165904650045224,TRUE,saithe,FALSE,0.9665,0.6185,norway_pout,0.1945,0.424,saithe,113.28739880454933,0,0,saithe_0
f1r1-20,f1r1,f1r1-20,f1r1;f1r1-20,110,No_MP_1,No_MP,f1r1,4.868425015480687,2.0243087666845203,7.149051591634501,11.092760947557847,TRUE,cod,TRUE,0.9065,0.2855,saithe,0.2795,0.00599999999999995,gadoids_unknown,NA,NA,NA,gadoids_unknown
f1r1-21,f1r1,f1r1-21,f1r1;f1r1-21,110,No_MP_1,No_MP,f1r1,5.204803653413685,1.856385534258556,7.420307891655338,11.78543165330594,TRUE,saithe,TRUE,0.9555,0.471,haddock,0.1925,0.27849999999999997,gadoids_unknown,NA,NA,NA,gadoids_unknown
f1r1-22,f1r1,f1r1-22,f1r1;f1r1-22,110,No_MP_1,No_MP,f1r1,5.040326264732331,1.7741083993272866,6.819070930685044,11.382157415917629,TRUE,saithe,FALSE,0.972,0.578,norway_pout,0.2275,0.3504999999999999,saithe,114.20766722120977,0,0,saithe_0
f1r1-23,f1r1,f1r1-23,f1r1;f1r1-23,110,No_MP_1,No_MP,f1r1,4.300609149840067,2.06117736048945,6.5954218922301315,10.257842196279055,TRUE,poor_cod,TRUE,0.785,0.3755,norway_pout,0.3005,0.07500000000000001,gadoids_unknown,NA,NA,NA,gadoids_unknown
f1r1-24,f1r1,f1r1-24,f1r1;f1r1-24,110,No_MP_1,No_MP,f1r1,4.683706338272343,1.8993024140303671,6.4976196112867,10.668285142843615,TRUE,saithe,TRUE,0.9295,0.309,norway_pout,0.2915,0.01750000000000001,gadoids_unknown,NA,NA,NA,gadoids_unknown
f1r1-3,f1r1,f1r1-3,f1r1;f1r1-3,110,No_MP_1,No_MP,f1r1,4.797199990826706,1.7610190911669028,6.498110635246796,10.873245148421748,TRUE,saithe,FALSE,0.9735,0.515,norway_pout,0.284,0.23100000000000004,saithe,108.4941997844276,0,0,saithe_0
f1r1-4,f1r1,f1r1-4,f1r1;f1r1-4,110,No_MP_1,No_MP,f1r1,0.4202513410860671,0.2795679674473211,0.09115501253861484,1.1290485372204535,TRUE,wrasse,FALSE,0.184,0.7635,saithe,0.121,0.6425,wrasse,NA,NA,NA,wrasse
f1r1-5,f1r1,f1r1-5,f1r1;f1r1-5,110,No_MP_1,No_MP,f1r1,4.274557248308573,2.044094790384023,6.461462691186929,10.190969800084506,TRUE,poor_cod,TRUE,0.7995,0.391,norway_pout,0.3075,0.08350000000000002,gadoids_unknown,NA,NA,NA,gadoids_unknown
f1r1-6,f1r1,f1r1-6,f1r1;f1r1-6,110,No_MP_1,No_MP,f1r1,4.833534429531245,1.7814309326399076,6.6061248515347275,10.900493286004387,TRUE,saithe,TRUE,0.978,0.4975,norway_pout,0.272,0.2255,gadoids_unknown,NA,NA,NA,gadoids_unknown
f1r1-7,f1r1,f1r1-7,f1r1;f1r1-7,110,No_MP_1,No_MP,f1r1,3.535688236903009,1.6476329736632211,4.234649205491449,8.381813490076567,TRUE,norway_pout,TRUE,0.781,0.297,poor_cod,0.276,0.02099999999999996,gadoids_unknown,NA,NA,NA,gadoids_unknown
f1r9-1,f1r9,f1r9-1,f1r9;f1r9-1,77,No_MP_1,No_MP,f1r9,2.363875817108835,0.9088039415910332,1.672551486645124,5.426605004226788,TRUE,saithe,FALSE,0.9675,0.787,cod,0.132,0.655,saithe,51.31108170205762,0,0,saithe_0
f1r9-10,f1r9,f1r9-10,f1r9;f1r9-10,77,No_MP_1,No_MP,f1r9,2.373841575031911,1.1502058952891594,1.9521207155648967,5.648353005420979,TRUE,wrasse,FALSE,0.483,0.4675,saithe,0.339,0.1285,wrasse,NA,NA,NA,wrasse
f1r9-11,f1r9,f1r9-11,f1r9;f1r9-11,77,No_MP_1,No_MP,f1r9,2.042343461748434,0.8859451458977721,1.3495979507420288,4.75380563352827,TRUE,saithe,FALSE,0.9285,0.78,cod,0.08,0.7000000000000001,saithe,43.7550713510882,0,0,saithe_0
f1r9-12,f1r9,f1r9-12,f1r9;f1r9-12,77,No_MP_1,No_MP,f1r9,1.099828111913117,0.5505900164952992,0.4627064288658939,2.6590539103011164,TRUE,saithe,TRUE,0.5995,0.424,wrasse,0.2985,0.1255,gadoids_unknown,NA,NA,NA,gadoids_unknown
f1r9-13,f1r9,f1r9-13,f1r9;f1r9-13,77,No_MP_1,No_MP,f1r9,2.568817788442169,1.074178958905887,2.1943919372546077,6.007017786783419,TRUE,saithe,FALSE,0.853,0.713,lesser_sand_eel,0.097,0.616,saithe,56.12721802839097,0,0,saithe_0
f1r9-14,f1r9,f1r9-14,f1r9;f1r9-14,77,No_MP_1,No_MP,f1r9,2.1534244634415156,0.9190179382086368,1.4974756497156547,5.002901187099733,TRUE,saithe,FALSE,0.9545,0.787,cod,0.1125,0.6745,saithe,46.36547489087562,0,0,saithe_0
f1r9-15,f1r9,f1r9-15,f1r9;f1r9-15,77,No_MP_1,No_MP,f1r9,2.1983627861260477,0.8973492409691409,1.4926474063688009,5.046253679264623,TRUE,saithe,FALSE,0.9365,0.734,cod,0.155,0.579,saithe,47.42152547396212,0,0,saithe_0
f1r9-16,f1r9,f1r9-16,f1r9;f1r9-16,77,No_MP_1,No_MP,f1r9,2.156299265984748,0.9683078405013736,1.508118010512752,5.05019064725979,TRUE,saithe,TRUE,0.654,0.497,wrasse,0.3255,0.1715,gadoids_unknown,NA,NA,NA,gadoids_unknown
f1r9-17,f1r9,f1r9-17,f1r9;f1r9-17,77,No_MP_1,No_MP,f1r9,3.0352528539314743,1.2070491462467177,2.8878127791674704,7.0765298093558835,TRUE,saithe,FALSE,0.9635,0.8095,cod,0.1025,0.707,saithe,67.08844206738965,0,0,saithe_0
f1r9-18,f1r9,f1r9-18,f1r9;f1r9-18,77,No_MP_1,No_MP,f1r9,3.089479691869657,1.2337459197286391,3.081075785330001,7.254088360782897,TRUE,saithe,FALSE,0.926,0.716,cod,0.149,0.567,saithe,68.36277275893694,0,0,saithe_0
f1r9-19,f1r9,f1r9-19,f1r9;f1r9-19,77,No_MP_1,No_MP,f1r9,2.6056730257639997,1.0907088075164475,2.1965160207461905,6.0563007482207905,TRUE,saithe,FALSE,0.9425,0.7405,cod,0.132,0.6085,saithe,56.99331610545399,0,0,saithe_0
f1r9-2,f1r9,f1r9-2,f1r9;f1r9-2,77,No_MP_1,No_MP,f1r9,2.5090953576548456,1.0498828239335771,1.9547186188121748,5.877256641147708,TRUE,saithe,FALSE,0.9425,0.756,cod,0.0715,0.6845,saithe,54.72374090488887,0,0,saithe_0
f1r9-20,f1r9,f1r9-20,f1r9;f1r9-20,77,No_MP_1,No_MP,f1r9,2.970841368252102,1.0979370416026413,2.6010860638839683,6.788828777015455,TRUE,saithe,FALSE,0.9245,0.788,cod,0.0765,0.7115,saithe,65.57477215392441,0,0,saithe_0
f1r9-21,f1r9,f1r9-21,f1r9;f1r9-21,77,No_MP_1,No_MP,f1r9,2.098921323249302,0.7771456678801976,1.27749903472781,4.774886145901401,TRUE,saithe,FALSE,0.9735,0.8145,cod,0.1235,0.6910000000000001,saithe,45.08465109635859,0,0,saithe_0
f1r9-22,f1r9,f1r9-22,f1r9;f1r9-22,77,No_MP_1,No_MP,f1r9,2.467451744033318,1.018018737180449,1.9618241195831716,5.795153178154145,TRUE,saithe,FALSE,0.945,0.775,cod,0.112,0.663,saithe,53.74511598478298,0,0,saithe_0
f1r9-23,f1r9,f1r9-23,f1r9;f1r9-23,77,No_MP_1,No_MP,f1r9,2.3101399536361136,0.9917144636853602,1.7953214641560369,5.450343207724399,TRUE,saithe,FALSE,0.8474999999999999,0.699,cod,0.088,0.611,saithe,50.04828891044867,0,0,saithe_0
f1r9-24,f1r9,f1r9-24,f1r9;f1r9-24,77,No_MP_1,No_MP,f1r9,2.2112382777785196,0.9342777858118062,1.6225937743939831,5.152170432327411,TRUE,saithe,FALSE,0.8925,0.745,cod,0.0865,0.6585,saithe,47.72409952779521,0,0,saithe_0
f1r9-25,f1r9,f1r9-25,f1r9;f1r9-25,77,No_MP_1,No_MP,f1r9,2.486388183035925,1.033959260987479,1.960829646790008,5.737188628053216,TRUE,saithe,FALSE,0.961,0.759,cod,0.1455,0.6135,saithe,54.19012230134423,0,0,saithe_0
f1r9-26,f1r9,f1r9-26,f1r9;f1r9-26,77,No_MP_1,No_MP,f1r9,2.3954070280656388,1.0102460472745582,1.7811925092496084,5.536661663043177,TRUE,saithe,FALSE,0.889,0.687,cod,0.155,0.532,saithe,52.05206515954251,0,0,saithe_0
f1r9-27,f1r9,f1r9-27,f1r9;f1r9-27,77,No_MP_1,No_MP,f1r9,1.7014521890283067,0.8148036787200711,1.0239722774852338,4.044516283419569,TRUE,saithe,TRUE,0.5785,0.4065,wrasse,0.37,0.03649999999999998,gadoids_unknown,NA,NA,NA,gadoids_unknown
f1r9-28,f1r9,f1r9-28,f1r9;f1r9-28,77,No_MP_1,No_MP,f1r9,2.3016705666113477,1.0503311878471622,1.8262743591342123,5.411333424027,TRUE,saithe,FALSE,0.7945000000000001,0.6035,wrasse,0.1355,0.468,saithe,49.84925831536667,0,0,saithe_0
f1r9-29,f1r9,f1r9-29,f1r9;f1r9-29,77,No_MP_1,No_MP,f1r9,3.1200028565230338,1.1831988928012298,2.8805371385382204,7.138296366737546,TRUE,saithe,FALSE,0.9545,0.768,cod,0.1205,0.6475,saithe,69.0800671282913,0,0,saithe_0
f1r9-3,f1r9,f1r9-3,f1r9;f1r9-3,77,No_MP_1,No_MP,f1r9,2.2882554730339972,0.8775522933414006,1.5550115760867624,5.213574934142759,TRUE,saithe,FALSE,0.979,0.7775,cod,0.1635,0.614,saithe,49.53400361629893,0,0,saithe_0
f1r9-30,f1r9,f1r9-30,f1r9;f1r9-30,77,No_MP_1,No_MP,f1r9,3.0498697497444236,1.1817453700080718,2.819656861804541,7.053651526344795,TRUE,saithe,FALSE,0.962,0.7655,cod,0.144,0.6214999999999999,saithe,67.43193911899397,0,0,saithe_0
f1r9-31,f1r9,f1r9-31,f1r9;f1r9-31,77,No_MP_1,No_MP,f1r9,3.507683072887765,1.2880827067105876,3.46636599317381,7.950582539962163,TRUE,saithe,FALSE,0.979,0.781,cod,0.0915,0.6895,saithe,78.19055221286249,0,0,saithe_0
f1r9-32,f1r9,f1r9-32,f1r9;f1r9-32,77,No_MP_1,No_MP,f1r9,2.9694595110921345,1.150257684936834,2.48110197036815,6.745833346871116,TRUE,saithe,FALSE,0.9085,0.683,cod,0.112,0.5710000000000001,saithe,65.54229851066516,0,0,saithe_0
f1r9-33,f1r9,f1r9-33,f1r9;f1r9-33,77,No_MP_1,No_MP,f1r9,2.695006633450694,1.1318763131133376,2.3162630304774323,6.256207636541266,TRUE,saithe,FALSE,0.966,0.773,cod,0.145,0.628,saithe,59.09265588609131,0,0,saithe_0
f1r9-34,f1r9,f1r9-34,f1r9;f1r9-34,77,No_MP_1,No_MP,f1r9,3.1078972036820716,1.2065321418215418,3.0061288773678534,7.174550383581014,TRUE,saithe,FALSE,0.902,0.731,cod,0.1185,0.6125,saithe,68.7955842865287,0,0,saithe_0
f1r9-35,f1r9,f1r9-35,f1r9;f1r9-35,77,No_MP_1,No_MP,f1r9,2.9368407365689535,1.0899574272951158,2.339789741238284,6.597167550701207,TRUE,saithe,FALSE,0.967,0.7625,cod,0.1175,0.645,saithe,64.7757573093704,0,0,saithe_0
f1r9-36,f1r9,f1r9-36,f1r9;f1r9-36,77,No_MP_1,No_MP,f1r9,1.9203616501577223,0.7851762940650416,1.1677840211667971,4.458735004536107,TRUE,saithe,FALSE,0.945,0.7805,cod,0.1275,0.653,saithe,40.88849877870647,0,0,saithe_0
f1r9-37,f1r9,f1r9-37,f1r9;f1r9-37,77,No_MP_1,No_MP,f1r9,1.73650228476338,0.7533832332910533,1.0100052657847387,4.065253701068006,TRUE,saithe,FALSE,0.8275,0.6675,wrasse,0.114,0.5535,saithe,36.567803691939424,0,0,saithe_0
f1r9-38,f1r9,f1r9-38,f1r9;f1r9-38,77,No_MP_1,No_MP,f1r9,1.9434542517946072,0.7846395004448358,1.1335853937180165,4.43463898362092,TRUE,saithe,FALSE,0.951,0.6815,cod,0.209,0.4725,saithe,41.431174917173266,0,0,saithe_0
f1r9-39,f1r9,f1r9-39,f1r9;f1r9-39,77,No_MP_1,No_MP,f1r9,3.0684430254459985,1.1943915298857846,2.828384917051891,7.028835453335827,TRUE,saithe,FALSE,0.979,0.7695,cod,0.1545,0.615,saithe,67.86841109798097,0,0,saithe_0
f1r9-4,f1r9,f1r9-4,f1r9;f1r9-4,77,No_MP_1,No_MP,f1r9,1.9759549356274064,0.7598028195566553,1.1259622640587077,4.479383333554956,TRUE,saithe,FALSE,0.9465,0.753,cod,0.1445,0.6085,saithe,42.194940987244046,0,0,saithe_0
f1r9-40,f1r9,f1r9-40,f1r9;f1r9-40,77,No_MP_1,No_MP,f1r9,3.113793978325592,1.2475869752824305,2.970654589848067,7.141642108299036,TRUE,saithe,FALSE,0.9635,0.7345,cod,0.1605,0.5740000000000001,saithe,68.93415849065141,0,0,saithe_0
f1r9-41,f1r9,f1r9-41,f1r9;f1r9-41,77,No_MP_1,No_MP,f1r9,3.1358439690341777,1.2675833799807683,2.9821549522466055,7.213300393912221,TRUE,saithe,FALSE,0.968,0.743,cod,0.1425,0.6005,saithe,69.45233327230318,0,0,saithe_0
f1r9-42,f1r9,f1r9-42,f1r9;f1r9-42,77,No_MP_1,No_MP,f1r9,3.2878707229747515,1.2836137500085334,3.341198137201029,7.5971556734952435,TRUE,saithe,FALSE,0.906,0.7165,cod,0.117,0.5995,saithe,73.02496198990667,0,0,saithe_0
f1r9-43,f1r9,f1r9-43,f1r9;f1r9-43,77,No_MP_1,No_MP,f1r9,1.6850156757607828,0.6978125532723514,0.9187698129704426,3.9044150936609,TRUE,saithe,FALSE,0.9125,0.68,cod,0.164,0.516,saithe,35.35786838037839,0,0,saithe_0
f1r9-44,f1r9,f1r9-44,f1r9;f1r9-44,77,No_MP_1,No_MP,f1r9,1.7638722221485172,0.7556671198286811,1.0201743512355723,4.109697911123802,TRUE,saithe,FALSE,0.9065,0.7615,cod,0.0725,0.689,saithe,37.21099722049016,0,0,saithe_0
f1r9-45,f1r9,f1r9-45,f1r9;f1r9-45,77,No_MP_1,No_MP,f1r9,1.5378529951192288,0.6738197288367799,0.775967526706189,3.573401365664782,TRUE,saithe,FALSE,0.8945000000000001,0.7485,cod,0.0845,0.664,saithe,31.899545385301877,0,0,saithe_0
f1r9-46,f1r9,f1r9-46,f1r9;f1r9-46,77,No_MP_1,No_MP,f1r9,1.7947994001887655,0.7096836489691423,0.9785997818683436,4.100195928630458,TRUE,saithe,FALSE,0.9695,0.775,cod,0.1525,0.6225,saithe,37.937785904435984,0,0,saithe_0
f1r9-47,f1r9,f1r9-47,f1r9;f1r9-47,77,No_MP_1,No_MP,f1r9,1.8462008248815576,0.8174022772411319,1.1421557798170765,4.352257381935233,TRUE,saithe,FALSE,0.8325,0.6705,wrasse,0.1265,0.544,saithe,39.1457193847166,0,0,saithe_0
f1r9-48,f1r9,f1r9-48,f1r9;f1r9-48,77,No_MP_1,No_MP,f1r9,2.098354115393683,0.8631423661327446,1.4329456942380037,4.892118514872671,TRUE,saithe,FALSE,0.9315,0.777,cod,0.1175,0.6595,saithe,45.07132171175155,0,0,saithe_0
f1r9-49,f1r9,f1r9-49,f1r9;f1r9-49,77,No_MP_1,No_MP,f1r9,1.8995836713500631,0.773125897496085,1.0617532739683844,4.327950666376007,TRUE,saithe,FALSE,0.7775,0.592,wrasse,0.2125,0.3794999999999999,saithe,40.40021627672648,0,0,saithe_0
f1r9-5,f1r9,f1r9-5,f1r9;f1r9-5,77,No_MP_1,No_MP,f1r9,1.6083843900685564,0.6577586523895209,0.8120325242968802,3.72097440244069,TRUE,saithe,FALSE,0.9635,0.7765,cod,0.155,0.6214999999999999,saithe,33.55703316661107,0,0,saithe_0
f1r9-50,f1r9,f1r9-50,f1r9;f1r9-50,77,No_MP_1,No_MP,f1r9,1.295583756853821,0.6056367697525842,0.57387925201334955,3.03939722101933,TRUE,saithe,TRUE,0.631,0.471,wrasse,0.3305,0.14049999999999996,gadoids_unknown,NA,NA,NA,gadoids_unknown
f1r9-51,f1r9,f1r9-51,f1r9;f1r9-51,77,No_MP_1,No_MP,f1r9,1.3256466430754106,0.6040008249478238,0.6236435736998595,3.150762328388361,TRUE,saithe,FALSE,0.7244999999999999,0.5435,wrasse,0.1875,0.356,saithe,26.91269611227215,0,0,saithe_0
f1r9-52,f1r9,f1r9-52,f1r9;f1r9-52,77,No_MP_1,No_MP,f1r9,1.893704744669677,0.7491407803445519,1.0780241165475866,4.346904693209705,TRUE,saithe,FALSE,0.973,0.817,cod,0.1135,0.7034999999999999,saithe,40.262061499737406,0,0,saithe_0
f1r9-53,f1r9,f1r9-53,f1r9;f1r9-53,77,No_MP_1,No_MP,f1r9,2.8295314954308957,1.1531629356675537,2.576079526988254,6.6806861689614045,TRUE,saithe,FALSE,0.921,0.7035,cod,0.166,0.5375,saithe,62.253990142626044,0,0,saithe_0
f1r9-54,f1r9,f1r9-54,f1r9;f1r9-54,77,No_MP_1,No_MP,f1r9,3.1950146543958877,1.2489749298004695,3.166840257522255,7.435785785253605,TRUE,saithe,FALSE,0.8799999999999999,0.688,cod,0.1265,0.5614999999999999,saithe,70.84284437830337,0,0,saithe_0
f1r9-55,f1r9,f1r9-55,f1r9;f1r9-55,77,No_MP_1,No_MP,f1r9,3.5384123605537954,1.3505255581551838,3.759134426126709,8.125889220273136,TRUE,saithe,FALSE,0.9645,0.721,norway_pout,0.1155,0.6054999999999999,saithe,78.9126904730142,0,0,saithe_0
f1r9-56,f1r9,f1r9-56,f1r9;f1r9-56,77,No_MP_1,No_MP,f1r9,2.302926448675685,0.9197937895056966,1.6350461958853488,5.305385457979472,TRUE,saithe,FALSE,0.9615,0.779,cod,0.1405,0.6385000000000001,saithe,49.87877154387859,0,0,saithe_0
f1r9-57,f1r9,f1r9-57,f1r9;f1r9-57,77,No_MP_1,No_MP,f1r9,2.719830748945397,1.1858637611290994,2.5746677570204297,6.498702848697124,TRUE,saithe,FALSE,0.5994999999999999,0.5055,lesser_sand_eel,0.297,0.20849999999999996,saithe,59.676022600216825,0,0,saithe_0
f1r9-58,f1r9,f1r9-58,f1r9;f1r9-58,77,No_MP_1,No_MP,f1r9,2.4782528596084177,1.054225358825656,1.9527108819052423,5.764206269550422,TRUE,saithe,FALSE,0.951,0.7295,cod,0.1675,0.562,saithe,53.99894220079781,0,0,saithe_0
f1r9-59,f1r9,f1r9-59,f1r9;f1r9-59,77,No_MP_1,No_MP,f1r9,1.998972870895463,0.9477834045793602,1.540169949253111,4.904019877774974,TRUE,lesser_sand_eel,FALSE,0.408,0.3085,wrasse,0.2835,0.02500000000000002,lesser_sand_eel,109.90531341258279,NA,NA,lesser_sand_eel
f1r9-6,f1r9,f1r9-6,f1r9;f1r9-6,77,No_MP_1,No_MP,f1r9,2.124236414504857,0.846525634981982,1.359355066587583,4.855914597833752,TRUE,saithe,FALSE,0.9655,0.756,cod,0.1695,0.5865,saithe,45.67955574086414,0,0,saithe_0
f1r9-60,f1r9,f1r9-60,f1r9;f1r9-60,77,No_MP_1,No_MP,f1r9,3.823347676944417,1.504307152742157,4.121621477239877,8.779124945701486,TRUE,saithe,TRUE,0.782,0.2995,norway_pout,0.2395,0.06,gadoids_unknown,NA,NA,NA,gadoids_unknown
f1r9-61,f1r9,f1r9-61,f1r9;f1r9-61,77,No_MP_1,No_MP,f1r9,3.2693306847052113,1.3427054358389243,3.584109068294726,7.806546575966201,TRUE,saithe,FALSE,0.7494999999999999,0.613,lesser_sand_eel,0.1885,0.4245,saithe,72.58927109057247,0,0,saithe_0
f1r9-62,f1r9,f1r9-62,f1r9;f1r9-62,77,No_MP_1,No_MP,f1r9,3.681918017244662,1.4019429458904262,4.032600812900504,8.457093588973358,TRUE,saithe,FALSE,0.972,0.6875,norway_pout,0.1505,0.537,saithe,82.28507340524956,0,0,saithe_0
f1r9-63,f1r9,f1r9-63,f1r9;f1r9-63,77,No_MP_1,No_MP,f1r9,1.3979264449114552,0.6203816632141368,0.7177557884120609,3.3673386966791052,TRUE,saithe,TRUE,0.498,0.3885,lesser_sand_eel,0.2705,0.118,gadoids_unknown,NA,NA,NA,gadoids_unknown
f1r9-64,f1r9,f1r9-64,f1r9;f1r9-64,77,No_MP_1,No_MP,f1r9,9.448589202475214,3.4010523026506423,23.950776685267968,21.418124527079858,TRUE,saithe,TRUE,0.997,0.35,cod,0.3315,0.01849999999999996,gadoids_unknown,NA,NA,NA,gadoids_unknown
f1r9-65,f1r9,f1r9-65,f1r9;f1r9-65,77,No_MP_1,No_MP,f1r9,8.41859221564753,3.287257568494512,20.877011220508972,19.380763821691392,TRUE,cod,TRUE,0.9955,0.461,saithe,0.318,0.14300000000000002,gadoids_unknown,NA,NA,NA,gadoids_unknown
f1r9-66,f1r9,f1r9-66,f1r9;f1r9-66,77,No_MP_1,No_MP,f1r9,2.917999453807648,1.144752399542816,2.622518090679219,6.720930635242439,TRUE,saithe,FALSE,0.8995,0.701,cod,0.152,0.5489999999999999,saithe,64.33298716447973,0,0,saithe_0
f1r9-67,f1r9,f1r9-67,f1r9;f1r9-67,77,No_MP_1,No_MP,f1r9,3.4197295285167892,1.2304458688661135,3.343211169622253,7.761625443041504,TRUE,saithe,FALSE,0.9695,0.78,cod,0.083,0.6970000000000001,saithe,76.12364392014456,0,0,saithe_0
f1r9-68,f1r9,f1r9-68,f1r9;f1r9-68,77,No_MP_1,No_MP,f1r9,3.48200320177863,1.387719938442671,3.7232272517859393,8.059297650046211,TRUE,saithe,FALSE,0.9635,0.693,cod,0.1375,0.5554999999999999,saithe,77.5870752417978,0,0,saithe_0
f1r9-7,f1r9,f1r9-7,f1r9;f1r9-7,77,No_MP_1,No_MP,f1r9,2.0888434978221286,0.8603119258111673,1.331934570661512,4.801167291499555,TRUE,saithe,FALSE,0.973,0.787,cod,0.142,0.645,saithe,44.84782219882002,0,0,saithe_0
f1r9-8,f1r9,f1r9-8,f1r9;f1r9-8,77,No_MP_1,No_MP,f1r9,2.519550836394891,1.0212227863766263,1.982502391447329,5.814888988024933,TRUE,saithe,FALSE,0.9655,0.7755,cod,0.15,0.6255,saithe,54.969444655279936,0,0,saithe_0
f1r9-9,f1r9,f1r9-9,f1r9;f1r9-9,77,No_MP_1,No_MP,f1r9,2.053352778829723,0.7761894628929337,1.2267231039842632,4.671449823176293,TRUE,saithe,FALSE,0.9695,0.803,cod,0.134,0.669,saithe,44.013790302498485,0,0,saithe_0
f2r3-1,f2r3,f2r3-1,f2r3;f2r3-1,110,No_MP_1,No_MP,f2r3,3.0552270680010483,1.4665816695074092,3.259342869457818,7.220663505890964,TRUE,saithe,TRUE,0.648,0.286,wrasse,0.2765,0.00949999999999995,gadoids_unknown,NA,NA,NA,gadoids_unknown
f2r3-10,f2r3,f2r3-10,f2r3;f2r3-10,110,No_MP_1,No_MP,f2r3,1.2281285576553709,0.8078781800691724,0.7338199714233857,3.3361605738145115,TRUE,wrasse,FALSE,0.048,0.926,saithe,0.029,0.897,wrasse,NA,NA,NA,wrasse
f2r3-11,f2r3,f2r3-11,f2r3;f2r3-11,110,No_MP_1,No_MP,f2r3,1.323707858588934,0.7411855100403542,0.7029440448638734,3.336018161413736,TRUE,wrasse,FALSE,0.0975,0.8665,saithe,0.0525,0.8140000000000001,wrasse,NA,NA,NA,wrasse
f2r3-12,f2r3,f2r3-12,f2r3;f2r3-12,110,No_MP_1,No_MP,f2r3,1.2408314225698642,0.7355843307750909,0.6827828199898448,3.204724009106499,TRUE,wrasse,FALSE,0.0915,0.8775,saithe,0.0565,0.821,wrasse,NA,NA,NA,wrasse
f2r3-13,f2r3,f2r3-13,f2r3;f2r3-13,110,No_MP_1,No_MP,f2r3,1.1096285796685459,0.7739707643932016,0.6277247820507057,3.0093425951314705,TRUE,wrasse,FALSE,0.251,0.637,saithe,0.139,0.498,wrasse,NA,NA,NA,wrasse
f2r3-14,f2r3,f2r3-14,f2r3;f2r3-14,110,No_MP_1,No_MP,f2r3,4.5126925699142,1.754196746105045,5.724412453173854,10.164168429014008,TRUE,saithe,TRUE,0.8945000000000001,0.2925,norway_pout,0.279,0.01349999999999995,gadoids_unknown,NA,NA,NA,gadoids_unknown
f2r3-15,f2r3,f2r3-15,f2r3;f2r3-15,110,No_MP_1,No_MP,f2r3,1.4467216331241193,0.6070802048015873,0.6736001263080591,3.3437047929941364,TRUE,saithe,FALSE,0.928,0.687,cod,0.167,0.52,saithe,29.757958378416802,0,0,saithe_0
f2r3-16,f2r3,f2r3-16,f2r3;f2r3-16,110,No_MP_1,No_MP,f2r3,5.076435399343706,1.8252447670277925,7.076759742212694,11.454418283996729,TRUE,saithe,TRUE,0.967,0.428,norway_pout,0.2495,0.1785,gadoids_unknown,NA,NA,NA,gadoids_unknown
f2r3-17,f2r3,f2r3-17,f2r3;f2r3-17,110,No_MP_1,No_MP,f2r3,5.3391531699911665,1.8526432082602613,7.585329343972143,11.97569893431718,TRUE,saithe,FALSE,0.951,0.564,norway_pout,0.164,0.3999999999999999,saithe,121.23009949479241,1,1,saithe_1
f2r3-18,f2r3,f2r3-18,f2r3;f2r3-18,110,No_MP_1,No_MP,f2r3,2.9571103442726696,1.5091314112680825,3.2463702525010407,7.102568211946928,TRUE,saithe,TRUE,0.6775,0.295,poor_cod,0.2465,0.04849999999999999,gadoids_unknown,NA,NA,NA,gadoids_unknown
f2r3-19,f2r3,f2r3-19,f2r3;f2r3-19,110,No_MP_1,No_MP,f2r3,5.193847283596413,1.8639761998592703,7.290533396309153,11.675263154760655,TRUE,saithe,FALSE,0.957,0.583,norway_pout,0.179,0.404,saithe,117.81541116451571,0,0,saithe_0
f2r3-2,f2r3,f2r3-2,f2r3;f2r3-2,110,No_MP_1,No_MP,f2r3,2.8322155965549314,1.4144958989275878,2.955433085758398,6.77402882592592,TRUE,saithe,TRUE,0.667,0.271,poor_cod,0.256,0.01500000000000001,gadoids_unknown,NA,NA,NA,gadoids_unknown
f2r3-20,f2r3,f2r3-20,f2r3;f2r3-20,110,No_MP_1,No_MP,f2r3,0.9035655664068042,0.5309669364535683,0.3848639097361536,2.3192572325393424,TRUE,wrasse,FALSE,0.381,0.4525,saithe,0.3025,0.15000000000000002,wrasse,NA,NA,NA,wrasse
f2r3-21,f2r3,f2r3-21,f2r3;f2r3-21,110,No_MP_1,No_MP,f2r3,0.8764130624267058,0.5268724565943795,0.372370017782668,2.274577323156568,TRUE,wrasse,FALSE,0.3665,0.456,saithe,0.2995,0.15650000000000003,wrasse,NA,NA,NA,wrasse
f2r3-22,f2r3,f2r3-22,f2r3;f2r3-22,110,No_MP_1,No_MP,f2r3,1.4612824124074388,0.6265057408859186,0.6999773223061022,3.409617631041994,TRUE,saithe,FALSE,0.9075,0.7375,cod,0.117,0.6205,saithe,30.10013669157481,0,0,saithe_0
f2r3-23,f2r3,f2r3-23,f2r3;f2r3-23,110,No_MP_1,No_MP,f2r3,5.048330973947296,1.8056648973598153,6.9725571916333555,11.419975017038087,TRUE,saithe,TRUE,0.974,0.442,norway_pout,0.2485,0.1935,gadoids_unknown,NA,NA,NA,gadoids_unknown
f2r3-24,f2r3,f2r3-24,f2r3;f2r3-24,110,No_MP_1,No_MP,f2r3,4.857082749593258,1.7986818199994563,6.742561832941615,11.004331284082436,TRUE,saithe,FALSE,0.98,0.5385,norway_pout,0.2785,0.25999999999999995,saithe,109.90144461544156,0,0,saithe_0
f2r3-25,f2r3,f2r3-25,f2r3;f2r3-25,110,No_MP_1,No_MP,f2r3,4.49703357135341,1.4905060018264986,5.190080784864682,10.040318802838984,TRUE,saithe,FALSE,0.9745,0.62,norway_pout,0.2175,0.4025,saithe,101.44028892680514,0,0,saithe_0
f2r3-26,f2r3,f2r3-26,f2r3;f2r3-26,110,No_MP_1,No_MP,f2r3,5.256581640366957,1.86191794057066,7.60023640068009,11.892367487253283,TRUE,saithe,FALSE,0.9445,0.601,norway_pout,0.1585,0.4425,saithe,119.28966854862351,0,0,saithe_0
f2r3-3,f2r3,f2r3-3,f2r3;f2r3-3,110,No_MP_1,No_MP,f2r3,4.326048350965058,1.7169632240895127,5.547834633239036,9.838126136472129,TRUE,saithe,TRUE,0.975,0.3865,norway_pout,0.2945,0.09200000000000004,gadoids_unknown,NA,NA,NA,gadoids_unknown
f2r3-4,f2r3,f2r3-4,f2r3;f2r3-4,110,No_MP_1,No_MP,f2r3,4.900947066256412,1.7914430443834084,6.875241906558659,11.131152965114971,TRUE,saithe,FALSE,0.9555,0.5465,norway_pout,0.2235,0.32299999999999995,saithe,110.9322560570257,0,0,saithe_0
f2r3-5,f2r3,f2r3-5,f2r3;f2r3-5,110,No_MP_1,No_MP,f2r3,4.95519149247298,1.762260866039269,6.846281712905457,11.20998070809933,TRUE,saithe,FALSE,0.968,0.6085,norway_pout,0.2225,0.386,saithe,112.20700007311503,0,0,saithe_0
f2r3-6,f2r3,f2r3-6,f2r3;f2r3-6,110,No_MP_1,No_MP,f2r3,5.24909842568523,1.7818153567325876,7.433512970638259,11.895787661584688,TRUE,saithe,FALSE,0.93,0.598,norway_pout,0.162,0.43599999999999994,saithe,119.11381300360291,0,0,saithe_0
f2r3-7,f2r3,f2r3-7,f2r3;f2r3-7,110,No_MP_1,No_MP,f2r3,4.626330074873458,1.5636297676898658,5.486812565091725,10.3202597889112,TRUE,saithe,FALSE,0.981,0.616,norway_pout,0.222,0.394,saithe,104.47875675952626,0,0,saithe_0
f2r3-8,f2r3,f2r3-8,f2r3;f2r3-8,110,No_MP_1,No_MP,f2r3,4.872784026791605,1.8337433449972531,6.703679929627475,10.994201340513928,TRUE,saithe,TRUE,0.977,0.3935,norway_pout,0.284,0.10950000000000004,gadoids_unknown,NA,NA,NA,gadoids_unknown
f2r3-9,f2r3,f2r3-9,f2r3;f2r3-9,110,No_MP_1,No_MP,f2r3,2.889358614351735,1.3816165462643146,2.941490144838935,6.82735645019477,TRUE,saithe,TRUE,0.7015,0.3585,wrasse,0.225,0.13349999999999998,gadoids_unknown,NA,NA,NA,gadoids_unknown
f3r1-1,f3r1,f3r1-1,f3r1;f3r1-1,77,No_MP_1,No_MP,f3r1,2.473613188427707,1.0360441211843254,1.9523388863076216,5.766315588140045,TRUE,saithe,FALSE,0.914,0.7465,cod,0.1095,0.637,saithe,53.88990992805111,0,0,saithe_0
f3r1-10,f3r1,f3r1-10,f3r1;f3r1-10,77,No_MP_1,No_MP,f3r1,2.059994981255494,0.9608324697670269,1.524558660982891,4.947090762091345,TRUE,saithe,FALSE,0.706,0.5165,wrasse,0.215,0.3015,saithe,44.169882059504104,0,0,saithe_0
f3r1-11,f3r1,f3r1-11,f3r1;f3r1-11,77,No_MP_1,No_MP,f3r1,2.222921288971756,1.0129616351412,1.7654416855033848,5.341788968713058,TRUE,saithe,TRUE,0.6665,0.327,wrasse,0.209,0.11800000000000002,gadoids_unknown,NA,NA,NA,gadoids_unknown
f3r1-12,f3r1,f3r1-12,f3r1;f3r1-12,77,No_MP_1,No_MP,f3r1,2.5645154361265443,1.050005461005341,2.121678018693743,5.992723318780926,TRUE,saithe,FALSE,0.965,0.8065,cod,0.0935,0.713,saithe,56.02611274897379,0,0,saithe_0
f3r1-13,f3r1,f3r1-13,f3r1;f3r1-13,77,No_MP_1,No_MP,f3r1,3.291377912153974,1.2580973668036943,3.246710324286941,7.560735653768892,TRUE,saithe,FALSE,0.8985000000000001,0.7225,lesser_sand_eel,0.086,0.6365000000000001,saithe,73.1073809356184,0,0,saithe_0
f3r1-14,f3r1,f3r1-14,f3r1;f3r1-14,77,No_MP_1,No_MP,f3r1,3.778355086472393,1.2680100907919676,3.75703385253112,8.466050789312732,TRUE,saithe,FALSE,0.971,0.7085,norway_pout,0.135,0.5735,saithe,84.55134453210124,0,0,saithe_0
f3r1-15,f3r1,f3r1-15,f3r1;f3r1-15,77,No_MP_1,No_MP,f3r1,2.861000321806884,1.1555638385322675,2.609000758708788,6.673593366822174,TRUE,saithe,FALSE,0.8685,0.681,cod,0.1435,0.5375000000000001,saithe,62.993507562461765,0,0,saithe_0
f3r1-16,f3r1,f3r1-16,f3r1;f3r1-16,77,No_MP_1,No_MP,f3r1,2.2124422557600605,0.9780876541716864,1.673289918331706,5.288852199560985,TRUE,saithe,TRUE,0.743,0.401,wrasse,0.1665,0.2345,gadoids_unknown,NA,NA,NA,gadoids_unknown
f3r1-17,f3r1,f3r1-17,f3r1;f3r1-17,77,No_MP_1,No_MP,f3r1,2.5679823166346445,1.0337846247700575,2.0342562875382217,5.946064606795632,TRUE,saithe,FALSE,0.9565,0.7555,cod,0.1325,0.623,saithe,56.107584440914145,0,0,saithe_0
f3r1-18,f3r1,f3r1-18,f3r1;f3r1-18,77,No_MP_1,No_MP,f3r1,2.5158513454768667,1.0773044484255223,2.1189147711115583,5.920952909521742,TRUE,saithe,FALSE,0.816,0.6445,wrasse,0.1005,0.5439999999999999,saithe,54.882506618706365,0,0,saithe_0
f3r1-19,f3r1,f3r1-19,f3r1;f3r1-19,77,No_MP_1,No_MP,f3r1,1.6967474453603373,0.7448117969460262,0.9336570276515378,3.945516747087216,TRUE,saithe,FALSE,0.8415,0.6635,wrasse,0.129,0.5345,saithe,35.63356496596793,0,0,saithe_0
f3r1-2,f3r1,f3r1-2,f3r1;f3r1-2,77,No_MP_1,No_MP,f3r1,2.418937374967626,1.0691822518350864,1.9960461099794609,5.733242469900281,TRUE,saithe,FALSE,0.762,0.616,lesser_sand_eel,0.153,0.463,saithe,52.60502831173921,0,0,saithe_0
f3r1-20,f3r1,f3r1-20,f3r1;f3r1-20,77,No_MP_1,No_MP,f3r1,5.621673405155605,2.6465476878700307,10.603972749690646,13.361832934806555,TRUE,poor_cod,FALSE,0.8045,0.5085,lesser_sand_eel,0.1895,0.31899999999999995,poor_cod,108.01842762422612,1,1,poor_cod_1
f3r1-21,f3r1,f3r1-21,f3r1;f3r1-21,77,No_MP_1,No_MP,f3r1,1.642763719604501,0.7371179150049701,0.9081318978565834,3.86767838619141,TRUE,saithe,FALSE,0.8069999999999999,0.6345,wrasse,0.13,0.5045,saithe,34.364947410705774,0,0,saithe_0
f3r1-22,f3r1,f3r1-22,f3r1;f3r1-22,77,No_MP_1,No_MP,f3r1,5.310944966316409,2.3822142128677273,9.4320963805772209,12.526465831482763,TRUE,poor_cod,TRUE,0.7225,0.4895,lesser_sand_eel,0.265,0.2245,gadoids_unknown,NA,NA,NA,gadoids_unknown
f3r1-23,f3r1,f3r1-23,f3r1;f3r1-23,77,No_MP_1,No_MP,f3r1,6.280526455116101,2.734627132834246,12.289685486419206,14.756130934140405,TRUE,norway_pout,TRUE,0.9825,0.313,haddock,0.301,0.01200000000000001,gadoids_unknown,NA,NA,NA,gadoids_unknown
f3r1-24,f3r1,f3r1-24,f3r1;f3r1-24,77,No_MP_1,No_MP,f3r1,2.2049917958165666,0.9737757090760318,1.6546121141929373,5.228059516655492,TRUE,saithe,FALSE,0.7725000000000001,0.6155,wrasse,0.142,0.4735,saithe,47.577307201689315,0,0,saithe_0
f3r1-25,f3r1,f3r1-25,f3r1;f3r1-25,77,No_MP_1,No_MP,f3r1,5.2770311874300315,2.4418830825530695,9.240539388818508,12.490717946415206,TRUE,poor_cod,TRUE,0.7805,0.438,norway_pout,0.226,0.212,gadoids_unknown,NA,NA,NA,gadoids_unknown
f3r1-26,f3r1,f3r1-26,f3r1;f3r1-26,77,No_MP_1,No_MP,f3r1,5.540400212665794,2.5152639770585044,10.043717998376756,13.061964733081888,TRUE,poor_cod,TRUE,0.813,0.3585,norway_pout,0.3095,0.04899999999999999,gadoids_unknown,NA,NA,NA,gadoids_unknown
f3r1-27,f3r1,f3r1-27,f3r1;f3r1-27,77,No_MP_1,No_MP,f3r1,5.634360356586592,2.4916122529924056,10.257164013869971,13.289994830820415,TRUE,haddock,TRUE,0.9105,0.3235,norway_pout,0.2075,0.11600000000000002,gadoids_unknown,NA,NA,NA,gadoids_unknown
f3r1-28,f3r1,f3r1-28,f3r1;f3r1-28,77,No_MP_1,No_MP,f3r1,4.739868167804319,2.3361727718188656,8.049172191766528,11.337877911851557,TRUE,poor_cod,FALSE,0.759,0.622,lesser_sand_eel,0.2225,0.3995,poor_cod,83.24763670179112,1,1,poor_cod_1
f3r1-29,f3r1,f3r1-29,f3r1;f3r1-29,77,No_MP_1,No_MP,f3r1,2.4820832240669053,1.0470767098029568,2.1321434190704593,5.960541580827106,TRUE,saithe,FALSE,0.6675000000000001,0.554,lesser_sand_eel,0.223,0.33100000000000007,saithe,54.08895576557227,0,0,saithe_0
f3r1-3,f3r1,f3r1-3,f3r1;f3r1-3,77,No_MP_1,No_MP,f3r1,2.233688378063331,0.908741223037976,1.617946708573212,5.241569685114702,TRUE,saithe,FALSE,0.9415,0.7835,cod,0.1275,0.6559999999999999,saithe,48.25167688448828,0,0,saithe_0
f3r1-30,f3r1,f3r1-30,f3r1;f3r1-30,77,No_MP_1,No_MP,f3r1,5.612192523018254,2.556088376505137,10.516001746582956,13.362146192448945,TRUE,poor_cod,TRUE,0.8310000000000001,0.4575,norway_pout,0.196,0.2615,gadoids_unknown,NA,NA,NA,gadoids_unknown
f3r1-31,f3r1,f3r1-31,f3r1;f3r1-31,77,No_MP_1,No_MP,f3r1,5.530509730308377,2.5646283560649983,10.234956601651737,13.14785875205512,TRUE,poor_cod,TRUE,0.7645,0.4565,lesser_sand_eel,0.229,0.2275,gadoids_unknown,NA,NA,NA,gadoids_unknown
f3r1-32,f3r1,f3r1-32,f3r1;f3r1-32,77,No_MP_1,No_MP,f3r1,5.327147293159955,2.478479528190872,9.66465387608363,12.61163280856126,TRUE,poor_cod,FALSE,0.7075,0.5445,lesser_sand_eel,0.2845,0.26,poor_cod,99.74489461215629,1,1,poor_cod_1
f3r1-33,f3r1,f3r1-33,f3r1;f3r1-33,77,No_MP_1,No_MP,f3r1,5.112644383650006,2.374937871653548,8.761030349888673,12.0696614680977,TRUE,poor_cod,TRUE,0.77,0.4715,norway_pout,0.22,0.25149999999999995,gadoids_unknown,NA,NA,NA,gadoids_unknown
f3r1-34,f3r1,f3r1-34,f3r1;f3r1-34,77,No_MP_1,No_MP,f3r1,5.619245020404795,2.5518397259853645,10.32630600296816,13.227507838677557,TRUE,poor_cod,TRUE,0.8555,0.399,norway_pout,0.239,0.16000000000000003,gadoids_unknown,NA,NA,NA,gadoids_unknown
f3r1-35,f3r1,f3r1-35,f3r1;f3r1-35,77,No_MP_1,No_MP,f3r1,7.403472674087956,3.5964204150553556,19.301220621808255,17.699777613866065,TRUE,poor_cod,FALSE,0.9655,0.941,lesser_sand_eel,0.033,0.908,poor_cod,158.07095088780477,1,1,poor_cod_1
f3r1-36,f3r1,f3r1-36,f3r1;f3r1-36,77,No_MP_1,No_MP,f3r1,5.774736914687655,2.7176618153765832,11.128014285783117,13.742974362674628,TRUE,poor_cod,FALSE,0.874,0.5585,norway_pout,0.1805,0.378,poor_cod,112.31813467049093,1,1,poor_cod_1
f3r1-37,f3r1,f3r1-37,f3r1;f3r1-37,77,No_MP_1,No_MP,f3r1,6.984856840707774,3.4647989607162546,18.10530811940573,16.84778252731072,TRUE,poor_cod,FALSE,0.977,0.951,lesser_sand_eel,0.019,0.932,poor_cod,146.31161351232208,1,1,poor_cod_1
f3r1-38,f3r1,f3r1-38,f3r1;f3r1-38,77,No_MP_1,No_MP,f3r1,4.69659859361064,2.3497307227658957,7.924450792585703,11.230455517758717,TRUE,poor_cod,FALSE,0.731,0.5525,lesser_sand_eel,0.1815,0.371,poor_cod,82.03215109311648,1,1,poor_cod_1
f3r1-39,f3r1,f3r1-39,f3r1;f3r1-39,77,No_MP_1,No_MP,f3r1,7.748056009617478,3.5580592042451813,20.611641005752517,18.392105952201614,TRUE,poor_cod,FALSE,0.9895,0.8725,haddock,0.0515,0.8210000000000001,poor_cod,167.7506413661646,1,1,poor_cod_1
f3r1-4,f3r1,f3r1-4,f3r1;f3r1-4,77,No_MP_1,No_MP,f3r1,1.804646885505504,0.7862420127587425,1.1240590087546525,4.287442954308937,TRUE,saithe,FALSE,0.7295,0.5845,wrasse,0.162,0.4225,saithe,38.169201809379345,0,0,saithe_0
f3r1-40,f3r1,f3r1-40,f3r1;f3r1-40,77,No_MP_1,No_MP,f3r1,5.623436039812681,2.522543973489953,10.246997390258578,13.286713325357024,TRUE,norway_pout,TRUE,0.9235,0.4045,haddock,0.2175,0.18700000000000003,gadoids_unknown,NA,NA,NA,gadoids_unknown
f3r1-41,f3r1,f3r1-41,f3r1;f3r1-41,77,No_MP_1,No_MP,f3r1,6.1392930700584865,2.681937400382252,11.95184579354784,14.524621362024842,TRUE,norway_pout,TRUE,0.978,0.2955,haddock,0.2915,0.004,gadoids_unknown,NA,NA,NA,gadoids_unknown
f3r1-42,f3r1,f3r1-42,f3r1;f3r1-42,77,No_MP_1,No_MP,f3r1,5.565452541898982,2.571401647345638,10.634525218859624,13.300617124124862,TRUE,poor_cod,TRUE,0.7735,0.4865,lesser_sand_eel,0.2175,0.269,gadoids_unknown,NA,NA,NA,gadoids_unknown
f3r1-43,f3r1,f3r1-43,f3r1;f3r1-43,77,No_MP_1,No_MP,f3r1,5.142668410329562,2.550791083875513,9.418054428582812,12.327241461127006,TRUE,poor_cod,FALSE,0.742,0.5305,lesser_sand_eel,0.251,0.27949999999999997,poor_cod,94.56269831456771,1,1,poor_cod_1
f3r1-5,f3r1,f3r1-5,f3r1;f3r1-5,77,No_MP_1,No_MP,f3r1,2.058501660343699,0.8808783256943286,1.354664615079654,4.805021893314181,TRUE,saithe,FALSE,0.9205,0.7155,cod,0.1585,0.557,saithe,44.13478901807692,0,0,saithe_0
f3r1-6,f3r1,f3r1-6,f3r1;f3r1-6,77,No_MP_1,No_MP,f3r1,1.927291545152857,0.8580426221034732,1.266836333949496,4.57343343556211,TRUE,saithe,FALSE,0.7204999999999999,0.5245,wrasse,0.2135,0.31099999999999994,saithe,41.051351311092134,0,0,saithe_0
f3r1-7,f3r1,f3r1-7,f3r1;f3r1-7,77,No_MP_1,No_MP,f3r1,1.5933731789820884,0.6325373749755183,0.7594083518498594,3.624281214551035,TRUE,saithe,FALSE,0.971,0.7425,cod,0.1835,0.559,saithe,33.204269706079074,0,0,saithe_0
f3r1-8,f3r1,f3r1-8,f3r1;f3r1-8,77,No_MP_1,No_MP,f3r1,1.41427600317445,0.6554919710330872,0.730793446643219,3.412392989540776,TRUE,saithe,TRUE,0.619,0.4355,wrasse,0.2215,0.214,gadoids_unknown,NA,NA,NA,gadoids_unknown
f3r1-9,f3r1,f3r1-9,f3r1;f3r1-9,77,No_MP_1,No_MP,f3r1,1.7881860618776335,0.8340675012644335,1.1564391760667958,4.336071102846609,TRUE,saithe,TRUE,0.5375,0.3925,lesser_sand_eel,0.259,0.1335,gadoids_unknown,NA,NA,NA,gadoids_unknown
f3r3-20,f3r3,f3r3-20,f3r3;f3r3-20,77,No_MP_1,No_MP,f3r3,2.539113394058159,1.031085927151712,2.0527116783404424,5.9200731352146345,TRUE,saithe,FALSE,0.9665,0.8185,cod,0.104,0.7145,saithe,55.42916476036673,0,0,saithe_0
f3r3-21,f3r3,f3r3-21,f3r3;f3r3-21,77,No_MP_1,No_MP,f3r3,2.5474171212045884,1.1052638288042766,2.193917505252508,6.055622831122585,TRUE,saithe,FALSE,0.8355,0.7075,lesser_sand_eel,0.1005,0.607,saithe,55.62430234830783,0,0,saithe_0
f3r3-22,f3r3,f3r3-22,f3r3;f3r3-22,77,No_MP_1,No_MP,f3r3,2.3243717611037216,0.9218590297913928,1.7277212715122228,5.424683061415266,TRUE,saithe,FALSE,0.8915,0.749,cod,0.1,0.649,saithe,50.382736385937456,0,0,saithe_0
f3r3-23,f3r3,f3r3-23,f3r3;f3r3-23,77,No_MP_1,No_MP,f3r3,2.0123493289456125,0.851217540281225,1.3005960350940011,4.675683174321865,TRUE,saithe,FALSE,0.9445,0.757,cod,0.1315,0.6255,saithe,43.05020923022189,0,0,saithe_0
f3r3-24,f3r3,f3r3-24,f3r3;f3r3-24,77,No_MP_1,No_MP,f3r3,2.719823970732836,1.1487962755501435,2.3945079148640507,6.3769886708115555,TRUE,saithe,FALSE,0.913,0.7485,cod,0.1155,0.633,saithe,59.67586331222165,0,0,saithe_0
f3r3-25,f3r3,f3r3-25,f3r3;f3r3-25,77,No_MP_1,No_MP,f3r3,2.5245556948189805,1.0172896743155244,2.027431426320065,5.900285900689148,TRUE,saithe,FALSE,0.9445,0.7965,cod,0.081,0.7155,saithe,55.087058828246036,0,0,saithe_0
f3r3-26,f3r3,f3r3-26,f3r3;f3r3-26,77,No_MP_1,No_MP,f3r3,2.187086049511924,0.8921824287645379,1.4972636342944536,5.047630599991347,TRUE,saithe,FALSE,0.976,0.8305,cod,0.1075,0.723,saithe,47.15652216353022,0,0,saithe_0
f3r3-27,f3r3,f3r3-27,f3r3;f3r3-27,77,No_MP_1,No_MP,f3r3,2.9090203597949733,1.1873076845746555,2.637978882652982,6.718423887393558,TRUE,saithe,FALSE,0.9655,0.7435,cod,0.1655,0.5780000000000001,saithe,64.12197845518187,0,0,saithe_0
f3r3-28,f3r3,f3r3-28,f3r3;f3r3-28,77,No_MP_1,No_MP,f3r3,3.1649274304693984,1.3270360040120723,3.0906823914362067,7.300861410422746,TRUE,saithe,FALSE,0.9305,0.6775,cod,0.1945,0.483,saithe,70.13579461603086,0,0,saithe_0
f3r3-29,f3r3,f3r3-29,f3r3;f3r3-29,77,No_MP_1,No_MP,f3r3,2.744246125475626,1.1232833395878628,2.462577094821997,6.434336438065506,TRUE,saithe,FALSE,0.8410000000000001,0.7175,lesser_sand_eel,0.1295,0.5880000000000001,saithe,60.24978394867721,0,0,saithe_0
f3r3-3,f3r3,f3r3-3,f3r3;f3r3-3,77,No_MP_1,No_MP,f3r3,2.2644266162024618,0.9386272647355935,1.6524225926885383,5.278702077993118,TRUE,saithe,FALSE,0.8969999999999999,0.6475,haddock,0.0915,0.5559999999999999,saithe,48.97402548075785,0,0,saithe_0
f3r3-30,f3r3,f3r3-30,f3r3;f3r3-30,77,No_MP_1,No_MP,f3r3,2.687972171000536,1.01053364276464,2.101460113955812,6.098398634007886,TRUE,saithe,FALSE,0.9725,0.7835,cod,0.123,0.6605,saithe,58.9273460185126,0,0,saithe_0
f3r3-31,f3r3,f3r3-31,f3r3;f3r3-31,77,No_MP_1,No_MP,f3r3,2.412731295788858,0.9033414759085308,1.6764702628977877,5.482048818361999,TRUE,saithe,FALSE,0.967,0.767,cod,0.148,0.619,saithe,52.45918545103816,0,0,saithe_0
f3r3-32,f3r3,f3r3-32,f3r3;f3r3-32,77,No_MP_1,No_MP,f3r3,2.721674860613386,1.098185489071284,2.348544615780197,6.335091857821163,TRUE,saithe,FALSE,0.965,0.8065,cod,0.1085,0.698,saithe,59.71935922441457,0,0,saithe_0
f3r3-33,f3r3,f3r3-33,f3r3;f3r3-33,77,No_MP_1,No_MP,f3r3,2.5187034506617834,1.0099586718106632,1.9576540173272992,5.8048781119665485,TRUE,saithe,FALSE,0.9675,0.804,cod,0.1185,0.6855,saithe,54.94953109055191,0,0,saithe_0
f3r3-34,f3r3,f3r3-34,f3r3;f3r3-34,77,No_MP_1,No_MP,f3r3,2.468289376933449,0.970427624654576,1.84325263930295,5.6668253275779445,TRUE,saithe,FALSE,0.9715,0.7855,cod,0.145,0.6405,saithe,53.764800357936046,0,0,saithe_0
f3r3-35,f3r3,f3r3-35,f3r3;f3r3-35,77,No_MP_1,No_MP,f3r3,2.682374609712656,1.1100370320131565,2.3062292203253536,6.221116131352803,TRUE,saithe,FALSE,0.9545,0.7925,cod,0.1105,0.6819999999999999,saithe,58.795803328247416,0,0,saithe_0
f3r3-36,f3r3,f3r3-36,f3r3;f3r3-36,77,No_MP_1,No_MP,f3r3,2.9298348371637455,1.161095913820886,2.5195773235687553,6.652609861584396,TRUE,saithe,FALSE,0.9665,0.684,cod,0.1855,0.49850000000000005,saithe,64.61111867334803,0,0,saithe_0
f3r3-37,f3r3,f3r3-37,f3r3;f3r3-37,77,No_MP_1,No_MP,f3r3,2.8739919873246538,1.2191772379426784,2.718975804818365,6.719860280886807,TRUE,saithe,FALSE,0.894,0.7255,cod,0.1055,0.62,saithe,63.29881170212936,0,0,saithe_0
f3r3-38,f3r3,f3r3-38,f3r3;f3r3-38,77,No_MP_1,No_MP,f3r3,2.534218826710425,1.0070303986551372,2.007674285202076,5.853035354963011,TRUE,saithe,FALSE,0.9565,0.762,cod,0.1425,0.6195,saithe,55.31414242769499,0,0,saithe_0
f3r3-39,f3r3,f3r3-39,f3r3;f3r3-39,77,No_MP_1,No_MP,f3r3,3.0436946006135295,1.1090195087177304,2.54436005016598,6.864199352489596,TRUE,saithe,FALSE,0.977,0.8185,cod,0.068,0.7505,saithe,67.28682311441794,0,0,saithe_0
f3r3-4,f3r3,f3r3-4,f3r3;f3r3-4,77,No_MP_1,No_MP,f3r3,1.9406063293512423,0.8374822501554183,1.1603055315421087,4.488138098646722,TRUE,saithe,FALSE,0.9685,0.79,cod,0.1435,0.6465000000000001,saithe,41.364248739754196,0,0,saithe_0
f3r3-40,f3r3,f3r3-40,f3r3;f3r3-40,77,No_MP_1,No_MP,f3r3,1.9649743648103568,0.7492330409133956,1.1389969264325763,4.4727200273945895,TRUE,saithe,FALSE,0.9455,0.7165,cod,0.191,0.5255000000000001,saithe,41.93689757304338,0,0,saithe_0
f3r3-41,f3r3,f3r3-41,f3r3;f3r3-41,77,No_MP_1,No_MP,f3r3,2.38195163502989,0.93041340654695,1.7303290290826083,5.464965136234436,TRUE,saithe,FALSE,0.971,0.7605,cod,0.174,0.5865,saithe,51.73586342320241,0,0,saithe_0
f3r3-42,f3r3,f3r3-42,f3r3;f3r3-42,77,No_MP_1,No_MP,f3r3,2.5441506425062346,0.9979950572279426,2.0366025754406634,5.939741818482752,TRUE,saithe,FALSE,0.888,0.708,cod,0.134,0.574,saithe,55.54754009889651,0,0,saithe_0
f3r3-43,f3r3,f3r3-43,f3r3;f3r3-43,77,No_MP_1,No_MP,f3r3,2.2387939673270796,0.9480090475955046,1.6343235833137009,5.248840138514554,TRUE,saithe,FALSE,0.915,0.7285,cod,0.078,0.6505000000000001,saithe,48.37165823218637,0,0,saithe_0
f3r3-44,f3r3,f3r3-44,f3r3;f3r3-44,77,No_MP_1,No_MP,f3r3,2.785640514425944,1.1498751432982228,2.5165554427193157,6.550555432580361,TRUE,saithe,FALSE,0.9235,0.7535,cod,0.1145,0.6389999999999999,saithe,61.222552089009675,0,0,saithe_0
f3r3-45,f3r3,f3r3-45,f3r3;f3r3-45,77,No_MP_1,No_MP,f3r3,2.5802770386508747,0.9632591770653144,1.9823992447711511,5.91452310391047,TRUE,saithe,FALSE,0.9655,0.827,cod,0.082,0.745,saithe,56.396510408295555,0,0,saithe_0
f3r3-46,f3r3,f3r3-46,f3r3;f3r3-46,77,No_MP_1,No_MP,f3r3,2.6372144240226665,1.1018111323783522,2.2756312950947386,6.214552847111819,TRUE,saithe,FALSE,0.9035,0.7195,cod,0.1385,0.581,saithe,57.73453896453266,0,0,saithe_0
f3r3-47,f3r3,f3r3-47,f3r3;f3r3-47,77,No_MP_1,No_MP,f3r3,2.843064389690672,1.1685617129801726,2.476598608262467,6.519791810957473,TRUE,saithe,FALSE,0.945,0.7225,cod,0.158,0.5645,saithe,62.5720131577308,0,0,saithe_0
f3r3-48,f3r3,f3r3-48,f3r3;f3r3-48,77,No_MP_1,No_MP,f3r3,2.7166310429049587,1.0923275825985208,2.145090347924941,6.190889676894306,TRUE,saithe,FALSE,0.9605,0.662,cod,0.207,0.45500000000000007,saithe,59.60082950826653,0,0,saithe_0
f3r3-49,f3r3,f3r3-49,f3r3;f3r3-49,77,No_MP_1,No_MP,f3r3,2.776732607159175,1.1303809143568349,2.461300738074272,6.474127293768737,TRUE,saithe,FALSE,0.92,0.706,cod,0.1635,0.5425,saithe,61.013216268240605,0,0,saithe_0
f3r3-5,f3r3,f3r3-5,f3r3;f3r3-5,77,No_MP_1,No_MP,f3r3,1.9818406121387675,0.8218819922720525,1.24901956536138,4.577272967244236,TRUE,saithe,FALSE,0.9595,0.7705,cod,0.146,0.6244999999999999,saithe,42.333254385261036,0,0,saithe_0
f3r3-50,f3r3,f3r3-50,f3r3;f3r3-50,77,No_MP_1,No_MP,f3r3,3.034862794123745,1.2191780061839026,2.8845878372443834,7.005577296840607,TRUE,saithe,FALSE,0.947,0.704,cod,0.16,0.5439999999999999,saithe,67.07927566190801,0,0,saithe_0
f3r3-51,f3r3,f3r3-51,f3r3;f3r3-51,77,No_MP_1,No_MP,f3r3,2.907376106621785,1.2391082494047767,2.8414526353447833,6.815561291816359,TRUE,saithe,FALSE,0.825,0.6565,wrasse,0.089,0.5675,saithe,64.08333850561195,0,0,saithe_0
f3r3-52,f3r3,f3r3-52,f3r3;f3r3-52,77,No_MP_1,No_MP,f3r3,2.56995549273624,0.9840082652961571,2.0077361737326007,5.91660478462849,TRUE,saithe,FALSE,0.967,0.7915,cod,0.134,0.6575,saithe,56.15395407930164,0,0,saithe_0
f3r3-53,f3r3,f3r3-53,f3r3;f3r3-53,77,No_MP_1,No_MP,f3r3,3.0177518523802673,1.1281507023186204,2.6349659421055653,6.893672114962243,TRUE,saithe,FALSE,0.9745,0.8215,cod,0.088,0.7335,saithe,66.67716853093629,0,0,saithe_0
f3r3-54,f3r3,f3r3-54,f3r3;f3r3-54,77,No_MP_1,No_MP,f3r3,2.792120500027131,1.0932102985027696,2.429113523288328,6.4638463321532855,TRUE,saithe,FALSE,0.9455,0.7645,cod,0.122,0.6425,saithe,61.374831750637576,0,0,saithe_0
f3r3-55,f3r3,f3r3-55,f3r3;f3r3-55,77,No_MP_1,No_MP,f3r3,2.5665581142744034,1.0604354352682217,2.1393261788300086,5.9802971414817065,TRUE,saithe,FALSE,0.929,0.754,cod,0.102,0.652,saithe,56.074115685448476,0,0,saithe_0
f3r3-56,f3r3,f3r3-56,f3r3;f3r3-56,77,No_MP_1,No_MP,f3r3,2.5135129834926437,0.9887969015266572,1.9587708366885268,5.833140376689895,TRUE,saithe,FALSE,0.9515,0.7735,cod,0.143,0.6305,saithe,54.82755511207713,0,0,saithe_0
f3r3-57,f3r3,f3r3-57,f3r3;f3r3-57,77,No_MP_1,No_MP,f3r3,3.007189647441879,1.1941116978787945,2.844484696089276,7.019503516835119,TRUE,saithe,FALSE,0.9715,0.81,cod,0.1065,0.7035,saithe,66.42895671488417,0,0,saithe_0
f3r3-58,f3r3,f3r3-58,f3r3;f3r3-58,77,No_MP_1,No_MP,f3r3,2.532279253924645,1.0127209380006497,2.039981545100644,5.887463066532633,TRUE,saithe,FALSE,0.9615,0.743,cod,0.1645,0.5785,saithe,55.26856246722915,0,0,saithe_0
f3r3-59,f3r3,f3r3-59,f3r3;f3r3-59,77,No_MP_1,No_MP,f3r3,1.9404636643213236,0.784854384427682,1.2159782590106587,4.520086470553847,TRUE,saithe,FALSE,0.9155,0.7185,cod,0.136,0.5825,saithe,41.3608961115511,0,0,saithe_0
f3r3-6,f3r3,f3r3-6,f3r3;f3r3-6,77,No_MP_1,No_MP,f3r3,2.4100373977644147,1.0117754682715625,1.881312926472281,5.5863933750239365,TRUE,saithe,FALSE,0.9215,0.7525,cod,0.1005,0.6519999999999999,saithe,52.39587884746374,0,0,saithe_0
f3r3-60,f3r3,f3r3-60,f3r3;f3r3-60,77,No_MP_1,No_MP,f3r3,1.777775721748182,0.6098674695624108,0.8479325905765112,4.006097687462536,TRUE,saithe,FALSE,0.974,0.8235,cod,0.1045,0.719,saithe,37.53772946108227,0,0,saithe_0
f3r3-61,f3r3,f3r3-61,f3r3;f3r3-61,77,No_MP_1,No_MP,f3r3,1.2772146819807997,0.5248614884689403,0.510148219568228,2.966110898620696,TRUE,saithe,FALSE,0.9325,0.74,cod,0.157,0.583,saithe,25.774545026548793,0,0,saithe_0
f3r3-62,f3r3,f3r3-62,f3r3;f3r3-62,77,No_MP_1,No_MP,f3r3,1.230094226603042,0.5310902535564889,0.5066885241481285,2.879708131168866,TRUE,saithe,FALSE,0.86,0.734,wrasse,0.087,0.647,saithe,24.667214325171486,0,0,saithe_0
f3r3-63,f3r3,f3r3-63,f3r3;f3r3-63,77,No_MP_1,No_MP,f3r3,2.9755110135652134,1.1920602842476766,2.6893468798043867,6.819398605070521,TRUE,saithe,FALSE,0.972,0.701,cod,0.205,0.496,saithe,65.68450881878252,0,0,saithe_0
f3r3-64,f3r3,f3r3-64,f3r3;f3r3-64,77,No_MP_1,No_MP,f3r3,3.2713063277549135,1.3417293389473908,3.3448486897128222,7.566547501324514,TRUE,saithe,FALSE,0.9775,0.764,cod,0.12,0.644,saithe,72.63569870224048,0,0,saithe_0
f3r3-65,f3r3,f3r3-65,f3r3;f3r3-65,77,No_MP_1,No_MP,f3r3,2.47344723926354,1.026901650846905,1.978796293953999,5.755068811321942,TRUE,saithe,FALSE,0.9485,0.7305,cod,0.169,0.5615,saithe,53.886010122693186,0,0,saithe_0
f3r3-66,f3r3,f3r3-66,f3r3;f3r3-66,77,No_MP_1,No_MP,f3r3,2.496061100935968,1.0669167988032455,2.074799695871729,5.885502707629244,TRUE,saithe,FALSE,0.852,0.692,lesser_sand_eel,0.0775,0.6144999999999999,saithe,54.417435871995245,0,0,saithe_0
f3r3-67,f3r3,f3r3-67,f3r3;f3r3-67,77,No_MP_1,No_MP,f3r3,3.135375502014905,1.132725011864981,2.749642830500708,7.100652850054046,TRUE,saithe,FALSE,0.9805,0.8205,cod,0.087,0.7335,saithe,69.44132429735028,0,0,saithe_0
f3r3-68,f3r3,f3r3-68,f3r3;f3r3-68,77,No_MP_1,No_MP,f3r3,2.5984691840072385,0.999897874150666,2.058778451081582,5.983671717208997,TRUE,saithe,FALSE,0.969,0.7955,cod,0.1285,0.667,saithe,56.8240258241701,0,0,saithe_0
f3r3-69,f3r3,f3r3-69,f3r3;f3r3-69,77,No_MP_1,No_MP,f3r3,2.8544447826346087,1.1874541602978883,2.555103455204371,6.612795656327415,TRUE,saithe,FALSE,0.939,0.733,cod,0.1395,0.5934999999999999,saithe,62.839452391913305,0,0,saithe_0
f3r3-7,f3r3,f3r3-7,f3r3;f3r3-7,77,No_MP_1,No_MP,f3r3,1.651281013545456,0.6973230374830325,0.8731022317954451,3.8312151448012375,TRUE,saithe,FALSE,0.922,0.721,cod,0.1585,0.5625,saithe,34.565103818318214,0,0,saithe_0
f3r3-70,f3r3,f3r3-70,f3r3;f3r3-70,77,No_MP_1,No_MP,f3r3,2.6129544543678875,1.01589654909712,2.0631215625231936,6.026336425548848,TRUE,saithe,FALSE,0.972,0.806,cod,0.128,0.678,saithe,57.16442967764535,0,0,saithe_0
f3r3-71,f3r3,f3r3-71,f3r3;f3r3-71,77,No_MP_1,No_MP,f3r3,3.0432005034050995,1.1994522812271655,2.812835709316773,6.972030030679983,TRUE,saithe,FALSE,0.965,0.6935,cod,0.2025,0.491,saithe,67.27521183001984,0,0,saithe_0
f3r3-72,f3r3,f3r3-72,f3r3;f3r3-72,77,No_MP_1,No_MP,f3r3,2.3271492445741084,1.0007833812015994,1.8043746970728216,5.436531653376947,TRUE,saithe,FALSE,0.875,0.7125,cod,0.0975,0.615,saithe,50.448007247491546,0,0,saithe_0
f3r3-73,f3r3,f3r3-73,f3r3;f3r3-73,77,No_MP_1,No_MP,f3r3,2.952784501600895,1.1482708390077003,2.7380248995870846,6.86661900064616,TRUE,saithe,FALSE,0.893,0.722,cod,0.128,0.594,saithe,65.15043578762103,0,0,saithe_0
f3r3-74,f3r3,f3r3-74,f3r3;f3r3-74,77,No_MP_1,No_MP,f3r3,2.3111489460467785,0.909015215195318,1.6393307439384674,5.328037305871476,TRUE,saithe,FALSE,0.9625,0.79,cod,0.122,0.668,saithe,50.07200023209929,0,0,saithe_0
f3r3-75,f3r3,f3r3-75,f3r3;f3r3-75,77,No_MP_1,No_MP,f3r3,1.8994519584112532,0.7385232658919009,1.0935187235573618,4.359976359705978,TRUE,saithe,FALSE,0.9675,0.7795,cod,0.154,0.6255,saithe,40.39712102266445,0,0,saithe_0
f3r3-76,f3r3,f3r3-76,f3r3;f3r3-76,77,No_MP_1,No_MP,f3r3,3.1458524556765752,1.2593616611273677,3.124067438428508,7.31394023571948,TRUE,saithe,FALSE,0.946,0.772,cod,0.096,0.676,saithe,69.68753270839953,0,0,saithe_0
f3r3-77,f3r3,f3r3-77,f3r3;f3r3-77,77,No_MP_1,No_MP,f3r3,1.695794459401138,0.7257566431413984,0.9316824145283854,3.919473908325464,TRUE,saithe,FALSE,0.9175,0.7225,cod,0.1355,0.587,saithe,35.61116979592674,0,0,saithe_0
f3r3-78,f3r3,f3r3-78,f3r3;f3r3-78,77,No_MP_1,No_MP,f3r3,2.606376907096338,1.0619168051039107,2.2103127931219877,6.1179406812032555,TRUE,saithe,FALSE,0.9245,0.753,cod,0.13,0.623,saithe,57.00985731676394,0,0,saithe_0
f3r3-79,f3r3,f3r3-79,f3r3;f3r3-79,77,No_MP_1,No_MP,f3r3,2.2787264866767747,0.8853781914076904,1.5401503175795188,5.202134304832891,TRUE,saithe,FALSE,0.9765,0.78,cod,0.155,0.625,saithe,49.3100724369042,0,0,saithe_0
f3r3-8,f3r3,f3r3-8,f3r3;f3r3-8,77,No_MP_1,No_MP,f3r3,2.3166385616483214,0.9086051277913818,1.634789318805765,5.3167109599681845,TRUE,saithe,FALSE,0.9755,0.8085,cod,0.1295,0.679,saithe,50.20100619873555,0,0,saithe_0
f3r3-80,f3r3,f3r3-80,f3r3;f3r3-80,77,No_MP_1,No_MP,f3r3,2.846046688731976,1.1241204054042364,2.455863748054787,6.52092689178663,TRUE,saithe,FALSE,0.9785,0.7955,cod,0.134,0.6615,saithe,62.64209718520144,0,0,saithe_0
f3r3-81,f3r3,f3r3-81,f3r3;f3r3-81,77,No_MP_1,No_MP,f3r3,2.2402423110550567,0.8910810982822066,1.5483199056280246,5.16269271233987,TRUE,saithe,FALSE,0.9695,0.7795,cod,0.1525,0.627,saithe,48.40569430979383,0,0,saithe_0
f3r3-82,f3r3,f3r3-82,f3r3;f3r3-82,77,No_MP_1,No_MP,f3r3,1.735923913366648,0.7529744688461051,1.033127025350411,4.107434231232497,TRUE,saithe,FALSE,0.76,0.624,wrasse,0.1265,0.4975,saithe,36.55421196411623,0,0,saithe_0
f3r3-83,f3r3,f3r3-83,f3r3;f3r3-83,77,No_MP_1,No_MP,f3r3,1.454816255319083,0.6028054874884201,0.6420054253381242,3.3301241529388848,TRUE,saithe,FALSE,0.7825,0.5885,wrasse,0.2085,0.38,saithe,29.948181999998454,0,0,saithe_0
f3r3-84,f3r3,f3r3-84,f3r3;f3r3-84,77,No_MP_1,No_MP,f3r3,1.3287705528703824,0.5345899072855159,0.5177929827932745,3.011859882943266,TRUE,saithe,FALSE,0.8035,0.598,wrasse,0.192,0.406,saithe,26.986107992453988,0,0,saithe_0
f3r3-85,f3r3,f3r3-85,f3r3;f3r3-85,77,No_MP_1,No_MP,f3r3,2.81992669379184,1.230706620786079,2.7436574141687,6.668132731322673,TRUE,saithe,FALSE,0.768,0.5915,wrasse,0.1255,0.466,saithe,62.02827730410824,0,0,saithe_0
f3r3-86,f3r3,f3r3-86,f3r3;f3r3-86,77,No_MP_1,No_MP,f3r3,2.9231228972054746,1.0781110089233432,2.50759912060547,6.715450349287632,TRUE,saithe,FALSE,0.9695,0.819,cod,0.0885,0.7304999999999999,saithe,64.45338808432865,0,0,saithe_0
f3r3-87,f3r3,f3r3-87,f3r3;f3r3-87,77,No_MP_1,No_MP,f3r3,2.7664078746037872,1.172984245149164,2.614292847253295,6.535055404266269,TRUE,saithe,FALSE,0.8085,0.633,lesser_sand_eel,0.1035,0.5295,saithe,60.770585053189,0,0,saithe_0
f3r3-88,f3r3,f3r3-88,f3r3;f3r3-88,77,No_MP_1,No_MP,f3r3,3.336831102354245,1.3966941244533455,3.677757214569768,7.864095776685422,TRUE,saithe,FALSE,0.896,0.715,cod,0.092,0.623,saithe,74.17553090532476,0,0,saithe_0
f3r3-89,f3r3,f3r3-89,f3r3;f3r3-89,77,No_MP_1,No_MP,f3r3,3.4272862209968316,1.3003172970667,3.4470799497754583,7.87199509889906,TRUE,saithe,FALSE,0.978,0.7175,cod,0.147,0.5705,saithe,76.30122619342555,0,0,saithe_0
f3r3-9,f3r3,f3r3-9,f3r3;f3r3-9,77,No_MP_1,No_MP,f3r3,2.332546685901003,0.9531482369634844,1.7164214066129433,5.376539484899524,TRUE,saithe,FALSE,0.9545,0.753,cod,0.143,0.61,saithe,50.57484711867357,0,0,saithe_0
f3r3-90,f3r3,f3r3-90,f3r3;f3r3-90,77,No_MP_1,No_MP,f3r3,1.8130399047621424,0.690821709805738,0.9665300275111904,4.115910840131721,TRUE,saithe,FALSE,0.9755,0.7235,cod,0.2045,0.519,saithe,38.36643776191034,0,0,saithe_0
f3r3-91,f3r3,f3r3-91,f3r3;f3r3-91,77,No_MP_1,No_MP,f3r3,2.8851601213994815,1.1317754556349715,2.4815955585013834,6.572488722568108,TRUE,saithe,FALSE,0.9745,0.736,cod,0.175,0.5609999999999999,saithe,63.561262852887815,0,0,saithe_0
f3r3-92,f3r3,f3r3-92,f3r3;f3r3-92,77,No_MP_1,No_MP,f3r3,2.4596061938947154,0.9129405683358924,1.7767125186717088,5.663927224111173,TRUE,saithe,FALSE,0.956,0.834,cod,0.0795,0.7545,saithe,53.56074555652581,0,0,saithe_0
f3r3-93,f3r3,f3r3-93,f3r3;f3r3-93,77,No_MP_1,No_MP,f3r3,2.0760761066713305,0.9410083430993998,1.5158087446787698,4.919028869541541,TRUE,saithe,FALSE,0.692,0.5335,wrasse,0.179,0.3545,saithe,44.547788506776264,0,0,saithe_0
f3r3-94,f3r3,f3r3-94,f3r3;f3r3-94,77,No_MP_1,No_MP,f3r3,2.268983791863577,0.986346439988748,1.757256689438525,5.34002319744042,TRUE,saithe,FALSE,0.7875,0.6315,wrasse,0.1385,0.49299999999999994,saithe,49.081119108794056,0,0,saithe_0
f3r3-95,f3r3,f3r3-95,f3r3;f3r3-95,77,No_MP_1,No_MP,f3r3,2.026439978820324,0.8780440909816962,1.3559851639096547,4.7221144836599,TRUE,saithe,FALSE,0.8975,0.7665,cod,0.0715,0.695,saithe,43.381339502277605,0,0,saithe_0
f3r3-96,f3r3,f3r3-96,f3r3;f3r3-96,77,No_MP_1,No_MP,f3r3,2.197232650372929,0.8439685826988441,1.450281645980769,5.0206811483889675,TRUE,saithe,FALSE,0.963,0.808,cod,0.1095,0.6985,saithe,47.394967283763826,0,0,saithe_0
f3r3-97,f3r3,f3r3-97,f3r3;f3r3-97,77,No_MP_1,No_MP,f3r3,2.258100243102218,0.9079798662027724,1.550111497883318,5.176038687943119,TRUE,saithe,FALSE,0.9715,0.7725,cod,0.1555,0.617,saithe,48.82535571290212,0,0,saithe_0
f3r3-98,f3r3,f3r3-98,f3r3;f3r3-98,77,No_MP_1,No_MP,f3r3,2.499700039555695,1.0101309211461371,1.9708637001080096,5.812338498241066,TRUE,saithe,FALSE,0.9615,0.7725,cod,0.144,0.6285,saithe,54.50295092955883,0,0,saithe_0
f3r3-99,f3r3,f3r3-99,f3r3;f3r3-99,77,No_MP_1,No_MP,f3r3,2.5295611209483884,1.1084199488695825,2.0719279517055766,5.920280786586337,TRUE,saithe,FALSE,0.9405,0.762,cod,0.1225,0.6395,saithe,55.204686342287125,0,0,saithe_0
f4r1-10,f4r1,f4r1-10,f4r1;f4r1-10,110,No_MP_1,No_MP,f4r1,7.132194926567654,2.6067795381738024,14.332739771102178,16.11555378251591,TRUE,saithe,FALSE,0.997,0.5675,cod,0.2495,0.318,saithe,181.2874407775242,1,1,saithe_1
f4r1-11,f4r1,f4r1-11,f4r1;f4r1-11,110,No_MP_1,No_MP,f4r1,6.096232080708266,2.1980953327776014,10.394072954264397,13.788762189158748,TRUE,saithe,FALSE,0.93,0.5955,cod,0.2595,0.336,saithe,142.5871204632561,1,1,saithe_1
f4r1-2,f4r1,f4r1-2,f4r1;f4r1-2,110,No_MP_1,No_MP,f4r1,5.792252502363106,2.145000030228393,10.199229793401216,13.465379799064708,TRUE,saithe,TRUE,0.882,0.4815,cod,0.2915,0.19,gadoids_unknown,NA,NA,NA,gadoids_unknown
f4r1-3,f4r1,f4r1-3,f4r1;f4r1-3,110,No_MP_1,No_MP,f4r1,5.664761231999205,2.2556719802681293,10.17143364471397,13.461813807660334,TRUE,saithe,TRUE,0.794,0.377,cod,0.3745,0.0025,gadoids_unknown,NA,NA,NA,gadoids_unknown
f4r1-4,f4r1,f4r1-4,f4r1;f4r1-4,110,No_MP_1,No_MP,f4r1,6.556017476426564,2.5356663836546627,13.100876530770783,15.27285994713191,TRUE,saithe,TRUE,0.9255,0.4465,cod,0.4345,0.01200000000000001,gadoids_unknown,NA,NA,NA,gadoids_unknown
f4r1-5,f4r1,f4r1-5,f4r1;f4r1-5,110,No_MP_1,No_MP,f4r1,6.078112296442842,2.181077506108245,10.454405039108504,13.762223702048503,TRUE,saithe,FALSE,0.9825,0.5775,cod,0.297,0.2805,saithe,141.93920120270602,1,1,saithe_1
f4r1-6,f4r1,f4r1-6,f4r1;f4r1-6,110,No_MP_1,No_MP,f4r1,6.999631026238849,2.5811608993530046,14.028474979302002,15.884502184061756,TRUE,saithe,TRUE,0.996,0.492,cod,0.2785,0.21349999999999997,gadoids_unknown,NA,NA,NA,gadoids_unknown
f4r1-7,f4r1,f4r1-7,f4r1;f4r1-7,110,No_MP_1,No_MP,f4r1,7.06403412670088,2.7983870639586987,15.451444249438604,16.67764474548959,TRUE,haddock,TRUE,0.9585,0.3295,saithe,0.3235,0.006,gadoids_unknown,NA,NA,NA,gadoids_unknown
f4r1-8,f4r1,f4r1-8,f4r1;f4r1-8,110,No_MP_1,No_MP,f4r1,6.922938846691742,2.552177687391347,13.680270474973566,15.742254619909112,TRUE,saithe,FALSE,0.9935,0.5695,cod,0.334,0.2355,saithe,173.2130757637758,1,1,saithe_1
f4r1-9,f4r1,f4r1-9,f4r1;f4r1-9,110,No_MP_1,No_MP,f4r1,5.835413292208413,2.27188545855991,10.15797261036388,13.351126646966422,TRUE,cod,TRUE,0.9755,0.487,saithe,0.438,0.04899999999999999,gadoids_unknown,NA,NA,NA,gadoids_unknown
f4r5-1,f4r5,f4r5-1,f4r5;f4r5-1,110,No_MP_1,No_MP,f4r5,2.846955435306553,1.058244382947971,2.311243737149402,6.455971522751404,TRUE,saithe,FALSE,0.976,0.7705,cod,0.1365,0.6339999999999999,saithe,62.663452729704,0,0,saithe_0
f4r5-10,f4r5,f4r5-10,f4r5;f4r5-10,110,No_MP_1,No_MP,f4r5,2.220602549787174,0.8724029555852936,1.468733191517883,5.059067841313006,TRUE,saithe,FALSE,0.9535,0.756,cod,0.1455,0.6105,saithe,47.94415991999858,0,0,saithe_0
f4r5-100,f4r5,f4r5-100,f4r5;f4r5-100,110,No_MP_1,No_MP,f4r5,2.2845022240555286,0.8726682822197223,1.557875831894672,5.2201527556636185,TRUE,saithe,FALSE,0.9715,0.789,cod,0.1165,0.6725,saithe,49.44580226530492,0,0,saithe_0
f4r5-101,f4r5,f4r5-101,f4r5;f4r5-101,110,No_MP_1,No_MP,f4r5,2.083577296916913,0.964689996626494,1.5101375163412798,4.92224019917137,TRUE,saithe,FALSE,0.7335,0.55,wrasse,0.2005,0.34950000000000003,saithe,44.72406647754745,0,0,saithe_0
f4r5-102,f4r5,f4r5-102,f4r5;f4r5-102,110,No_MP_1,No_MP,f4r5,2.1656585653061784,0.8898848291175672,1.5047247588748565,5.042154947829877,TRUE,saithe,FALSE,0.961,0.792,cod,0.115,0.677,saithe,46.65297628469519,0,0,saithe_0
f4r5-103,f4r5,f4r5-103,f4r5;f4r5-103,110,No_MP_1,No_MP,f4r5,2.178769192356633,0.8092324269494022,1.3284926198444458,4.9204765532823895,TRUE,saithe,FALSE,0.9625,0.792,cod,0.109,0.683,saithe,46.961076020380865,0,0,saithe_0
f4r5-104,f4r5,f4r5-104,f4r5;f4r5-104,110,No_MP_1,No_MP,f4r5,2.3108667045908677,0.8701898961575606,1.532058992992872,5.2366345649995765,TRUE,saithe,FALSE,0.9775,0.803,cod,0.127,0.676,saithe,50.06536755788539,0,0,saithe_0
f4r5-105,f4r5,f4r5-105,f4r5;f4r5-105,110,No_MP_1,No_MP,f4r5,2.181955052317039,0.8616942619543383,1.440744062308596,5.003043482871144,TRUE,saithe,FALSE,0.9645,0.781,cod,0.144,0.637,saithe,47.035943729450416,0,0,saithe_0
f4r5-106,f4r5,f4r5-106,f4r5;f4r5-106,110,No_MP_1,No_MP,f4r5,2.369504342642011,0.9088938507746842,1.662385569234018,5.402492964230643,TRUE,saithe,FALSE,0.962,0.7805,cod,0.142,0.6385,saithe,51.44335205208725,0,0,saithe_0
f4r5-107,f4r5,f4r5-107,f4r5;f4r5-107,110,No_MP_1,No_MP,f4r5,1.758808078074225,0.7767620953057277,1.034941713516728,4.102685159537624,TRUE,saithe,FALSE,0.8385,0.672,wrasse,0.102,0.5700000000000001,saithe,37.09198983474428,0,0,saithe_0
f4r5-108,f4r5,f4r5-108,f4r5;f4r5-108,110,No_MP_1,No_MP,f4r5,2.6129901466327157,1.0447664679847808,2.161429606333931,6.065982230629259,TRUE,saithe,FALSE,0.95,0.7765,cod,0.13,0.6465,saithe,57.16526844586882,0,0,saithe_0
f4r5-109,f4r5,f4r5-109,f4r5;f4r5-109,110,No_MP_1,No_MP,f4r5,2.348512337854468,0.9453502568465896,1.6800062775384652,5.368019415991129,TRUE,saithe,FALSE,0.9265,0.6795,cod,0.1955,0.484,saithe,50.950039939579995,0,0,saithe_0
f4r5-11,f4r5,f4r5-11,f4r5;f4r5-11,110,No_MP_1,No_MP,f4r5,2.122754677344942,0.8504754707846494,1.3776866763056304,4.862209311620494,TRUE,saithe,FALSE,0.9775,0.7855,cod,0.154,0.6315,saithe,45.64473491760614,0,0,saithe_0
f4r5-110,f4r5,f4r5-110,f4r5;f4r5-110,110,No_MP_1,No_MP,f4r5,2.9264387882725074,1.11805474820434,2.52275308533933,6.666319713798569,TRUE,saithe,FALSE,0.9785,0.792,cod,0.139,0.653,saithe,64.53131152440393,0,0,saithe_0
f4r5-111,f4r5,f4r5-111,f4r5;f4r5-111,110,No_MP_1,No_MP,f4r5,2.9981164595336156,1.1427845822692069,2.609009179834012,6.8506479328798795,TRUE,saithe,FALSE,0.9795,0.7845,cod,0.1445,0.64,saithe,66.21573679903997,0,0,saithe_0
f4r5-112,f4r5,f4r5-112,f4r5;f4r5-112,110,No_MP_1,No_MP,f4r5,2.8264387464778977,1.1003861078583987,2.4079972091220796,6.472044243679604,TRUE,saithe,FALSE,0.965,0.7455,cod,0.1665,0.5790000000000001,saithe,62.1813105422306,0,0,saithe_0
f4r5-113,f4r5,f4r5-113,f4r5;f4r5-113,110,No_MP_1,No_MP,f4r5,3.0434839889196454,1.1815060082342477,2.7727578102935957,6.980115314725531,TRUE,saithe,FALSE,0.975,0.785,cod,0.1035,0.6815,saithe,67.28187373961167,0,0,saithe_0
f4r5-114,f4r5,f4r5-114,f4r5;f4r5-114,110,No_MP_1,No_MP,f4r5,2.782062559044172,1.0858770242658506,2.295523594801519,6.412294695595889,TRUE,saithe,FALSE,0.972,0.811,cod,0.089,0.7220000000000001,saithe,61.13847013753804,0,0,saithe_0
f4r5-115,f4r5,f4r5-115,f4r5;f4r5-115,110,No_MP_1,No_MP,f4r5,2.803580324561024,1.05107024593996,2.296036549391784,6.394159541812465,TRUE,saithe,FALSE,0.9655,0.7705,cod,0.1425,0.628,saithe,61.64413762718406,0,0,saithe_0
f4r5-116,f4r5,f4r5-116,f4r5;f4r5-116,110,No_MP_1,No_MP,f4r5,2.86295632689587,1.1095774853657054,2.48614960057381,6.60218484437481,TRUE,saithe,FALSE,0.976,0.809,cod,0.103,0.7060000000000001,saithe,63.039473682052936,0,0,saithe_0
f4r5-117,f4r5,f4r5-117,f4r5;f4r5-117,110,No_MP_1,No_MP,f4r5,2.688524228314966,1.0993742322041384,2.2155766547828057,6.149552011116138,TRUE,saithe,FALSE,0.9775,0.7485,cod,0.163,0.5855,saithe,58.940319365401706,0,0,saithe_0
f4r5-118,f4r5,f4r5-118,f4r5;f4r5-118,110,No_MP_1,No_MP,f4r5,2.5304564059452734,0.9706266248509916,1.895179381462223,5.776180926201404,TRUE,saithe,FALSE,0.9725,0.7845,cod,0.1535,0.631,saithe,55.22572553971392,0,0,saithe_0
f4r5-119,f4r5,f4r5-119,f4r5;f4r5-119,110,No_MP_1,No_MP,f4r5,2.0793651155864215,1.0905200109356623,1.56564281455722,5.3122898385112585,TRUE,wrasse,FALSE,0.2315,0.7285,saithe,0.145,0.5835,wrasse,NA,NA,NA,wrasse
f4r5-12,f4r5,f4r5-12,f4r5;f4r5-12,110,No_MP_1,No_MP,f4r5,2.9398429676834903,1.1691906538663488,2.59049417432717,6.72666726768648,TRUE,saithe,FALSE,0.975,0.7795,cod,0.116,0.6635,saithe,64.84630974056202,0,0,saithe_0
f4r5-120,f4r5,f4r5-120,f4r5;f4r5-120,110,No_MP_1,No_MP,f4r5,2.150440028020951,0.8951404175071771,1.4207478879188749,5.003132556756574,TRUE,saithe,FALSE,0.935,0.6885,haddock,0.0935,0.595,saithe,46.29534065849235,0,0,saithe_0
f4r5-121,f4r5,f4r5-121,f4r5;f4r5-121,110,No_MP_1,No_MP,f4r5,1.792935364648375,0.7338282516740605,0.9977248905382182,4.1150951296576395,TRUE,saithe,FALSE,0.9535,0.705,cod,0.1935,0.5115,saithe,37.89398106923681,0,0,saithe_0
f4r5-122,f4r5,f4r5-122,f4r5;f4r5-122,110,No_MP_1,No_MP,f4r5,1.5674557205522888,0.6350495818510394,0.768396915992982,3.601062586397815,TRUE,saithe,FALSE,0.947,0.711,cod,0.189,0.522,saithe,32.595209432978784,0,0,saithe_0
f4r5-123,f4r5,f4r5-123,f4r5;f4r5-123,110,No_MP_1,No_MP,f4r5,2.079851350420189,0.8609260789281548,1.345970621640079,4.77109580004092,TRUE,saithe,FALSE,0.9615,0.76,cod,0.1585,0.6015,saithe,44.63650673487444,0,0,saithe_0
f4r5-124,f4r5,f4r5-124,f4r5;f4r5-124,110,No_MP_1,No_MP,f4r5,2.461868211133621,0.9626368999896764,1.7169984855457603,5.589622887152749,TRUE,saithe,FALSE,0.96,0.753,cod,0.1335,0.6194999999999999,saithe,53.61390296164009,0,0,saithe_0
f4r5-125,f4r5,f4r5-125,f4r5;f4r5-125,110,No_MP_1,No_MP,f4r5,2.001775582632019,0.8468672263947553,1.2970945063712445,4.680687149976476,TRUE,saithe,FALSE,0.954,0.806,cod,0.1005,0.7055,saithe,42.801726191852445,0,0,saithe_0
f4r5-126,f4r5,f4r5-126,f4r5;f4r5-126,110,No_MP_1,No_MP,f4r5,2.029626897732915,0.7974547292276415,1.2287073005612856,4.621205717254422,TRUE,saithe,FALSE,0.9605,0.777,cod,0.1375,0.6395,saithe,43.456232096723504,0,0,saithe_0
f4r5-127,f4r5,f4r5-127,f4r5;f4r5-127,110,No_MP_1,No_MP,f4r5,2.1931470647941036,0.8945799472357542,1.4525052438493682,5.005347451784417,TRUE,saithe,FALSE,0.92,0.699,cod,0.173,0.526,saithe,47.298956022661436,0,0,saithe_0
f4r5-128,f4r5,f4r5-128,f4r5;f4r5-128,110,No_MP_1,No_MP,f4r5,2.1322134578805017,0.8682815207179421,1.3869092441783235,4.878873321348747,TRUE,saithe,FALSE,0.9655,0.764,cod,0.1575,0.6065,saithe,45.86701626019179,0,0,saithe_0
f4r5-129,f4r5,f4r5-129,f4r5;f4r5-129,110,No_MP_1,No_MP,f4r5,2.433269879998419,0.9375932416872584,1.7006638211060436,5.510470051434836,TRUE,saithe,FALSE,0.9735,0.785,cod,0.1175,0.6675,saithe,52.94184217996285,0,0,saithe_0
f4r5-13,f4r5,f4r5-13,f4r5;f4r5-13,110,No_MP_1,No_MP,f4r5,2.426451491592372,0.9631818027196138,1.8148903185681824,5.575059091126176,TRUE,saithe,FALSE,0.9675,0.7495,cod,0.178,0.5715000000000001,saithe,52.78161005242074,0,0,saithe_0
f4r5-130,f4r5,f4r5-130,f4r5;f4r5-130,110,No_MP_1,No_MP,f4r5,2.732791105905743,1.0676436927351982,2.2522956845657185,6.267419063593153,TRUE,saithe,FALSE,0.975,0.771,cod,0.142,0.629,saithe,59.98059098878496,0,0,saithe_0
f4r5-131,f4r5,f4r5-131,f4r5;f4r5-131,110,No_MP_1,No_MP,f4r5,2.974452237134684,1.1069946793052916,2.5210788008448373,6.744370707127967,TRUE,saithe,FALSE,0.97,0.7845,cod,0.084,0.7005,saithe,65.65962757266509,0,0,saithe_0
f4r5-132,f4r5,f4r5-132,f4r5;f4r5-132,110,No_MP_1,No_MP,f4r5,2.894613130680129,1.1578796592232885,2.496988846029368,6.603424424452042,TRUE,saithe,FALSE,0.9785,0.7445,cod,0.1685,0.5760000000000001,saithe,63.783408570983035,0,0,saithe_0
f4r5-133,f4r5,f4r5-133,f4r5;f4r5-133,110,No_MP_1,No_MP,f4r5,1.7438738433865566,0.7341656170055707,0.9539305253478582,4.010578046064509,TRUE,saithe,FALSE,0.9155,0.7075,cod,0.158,0.5495,saithe,36.74103531958408,0,0,saithe_0
f4r5-134,f4r5,f4r5-134,f4r5;f4r5-134,110,No_MP_1,No_MP,f4r5,2.000086879735336,0.8224984022355433,1.2711456912256969,4.6190559019592765,TRUE,saithe,FALSE,0.96,0.759,cod,0.155,0.604,saithe,42.762041673780395,0,0,saithe_0
f4r5-135,f4r5,f4r5-135,f4r5;f4r5-135,110,No_MP_1,No_MP,f4r5,2.453938145827423,0.9635672384030448,1.83246680002894,5.657245914650116,TRUE,saithe,FALSE,0.972,0.783,cod,0.1485,0.6345000000000001,saithe,53.42754642694444,0,0,saithe_0
f4r5-136,f4r5,f4r5-136,f4r5;f4r5-136,110,No_MP_1,No_MP,f4r5,2.8180252205476055,1.0815522074501025,2.3492144151694094,6.436337204270141,TRUE,saithe,FALSE,0.9745,0.7925,cod,0.1015,0.691,saithe,61.983592682868725,0,0,saithe_0
f4r5-137,f4r5,f4r5-137,f4r5;f4r5-137,110,No_MP_1,No_MP,f4r5,2.5061646779983344,1.0684536184525877,2.006628480903231,5.796969040772588,TRUE,saithe,FALSE,0.9275,0.7345,cod,0.1215,0.613,saithe,54.65486993296086,0,0,saithe_0
f4r5-138,f4r5,f4r5-138,f4r5;f4r5-138,110,No_MP_1,No_MP,f4r5,2.3306782220455924,0.9266073595839084,1.6024862470907428,5.277740523381527,TRUE,saithe,FALSE,0.9085,0.6055,cod,0.2345,0.3710000000000001,saithe,50.53093821807142,0,0,saithe_0
f4r5-139,f4r5,f4r5-139,f4r5;f4r5-139,110,No_MP_1,No_MP,f4r5,2.0485595213535994,0.798463466643963,1.2875385590071589,4.720245952922368,TRUE,saithe,FALSE,0.9665,0.7915,cod,0.139,0.6525,saithe,43.901148751809586,0,0,saithe_0
f4r5-14,f4r5,f4r5-14,f4r5;f4r5-14,110,No_MP_1,No_MP,f4r5,2.404273346162844,0.9087123835300924,1.6924666644036543,5.496225848330194,TRUE,saithe,FALSE,0.976,0.8305,cod,0.104,0.7265,saithe,52.260423634826836,0,0,saithe_0
f4r5-141,f4r5,f4r5-141,f4r5;f4r5-141,110,No_MP_1,No_MP,f4r5,3.1377427835240086,1.2014870892143166,2.931900897354066,7.186793671133665,TRUE,saithe,FALSE,0.9665,0.785,cod,0.1175,0.6675,saithe,69.4969554128142,0,0,saithe_0
f4r5-142,f4r5,f4r5-142,f4r5;f4r5-142,110,No_MP_1,No_MP,f4r5,2.984000008116235,1.1748500799130486,2.6629615945025686,6.82437007777245,TRUE,saithe,FALSE,0.982,0.78,cod,0.1415,0.6385000000000001,saithe,65.88400019073153,0,0,saithe_0
f4r5-143,f4r5,f4r5-143,f4r5;f4r5-143,110,No_MP_1,No_MP,f4r5,2.779690345122457,1.0731712832190738,2.238896774670281,6.305336989472925,TRUE,saithe,FALSE,0.9835,0.761,cod,0.16,0.601,saithe,61.082723110377735,0,0,saithe_0
f4r5-144,f4r5,f4r5-144,f4r5;f4r5-144,110,No_MP_1,No_MP,f4r5,2.233927695243023,0.8991465670752157,1.555008378054892,5.144205676989762,TRUE,saithe,FALSE,0.9545,0.7685,cod,0.1475,0.621,saithe,48.257300838211044,0,0,saithe_0
f4r5-145,f4r5,f4r5-145,f4r5;f4r5-145,110,No_MP_1,No_MP,f4r5,1.7592351195853415,0.7974884330758486,1.104797601257722,4.209925222828004,TRUE,saithe,FALSE,0.6589999999999999,0.5205,wrasse,0.1835,0.33699999999999997,saithe,37.10202531025552,0,0,saithe_0
f4r5-146,f4r5,f4r5-146,f4r5;f4r5-146,110,No_MP_1,No_MP,f4r5,1.239658122503493,0.5986703599921399,0.5303444006143538,2.9443012845709906,TRUE,saithe,TRUE,0.588,0.3985,wrasse,0.371,0.02750000000000002,gadoids_unknown,NA,NA,NA,gadoids_unknown
f4r5-147,f4r5,f4r5-147,f4r5;f4r5-147,110,No_MP_1,No_MP,f4r5,1.9438303818338176,0.8372444073685064,1.2129627830133132,4.5031383888990035,TRUE,saithe,FALSE,0.9055,0.7,cod,0.1345,0.5654999999999999,saithe,41.440013973094715,0,0,saithe_0
f4r5-148,f4r5,f4r5-148,f4r5;f4r5-148,110,No_MP_1,No_MP,f4r5,2.5391708710777205,1.0514249258052566,2.0790163028682898,5.93657566729568,TRUE,saithe,FALSE,0.948,0.7505,cod,0.1535,0.597,saithe,55.430515470326434,0,0,saithe_0
f4r5-149,f4r5,f4r5-149,f4r5;f4r5-149,110,No_MP_1,No_MP,f4r5,2.19517483319311,0.8940812674918985,1.5095426633472782,5.060379715627403,TRUE,saithe,FALSE,0.9675,0.757,cod,0.1735,0.5835,saithe,47.34660858003808,0,0,saithe_0
f4r5-15,f4r5,f4r5-15,f4r5;f4r5-15,110,No_MP_1,No_MP,f4r5,2.460272664345042,0.9090773854527754,1.757138387572783,5.623934570897834,TRUE,saithe,FALSE,0.975,0.8495,cod,0.073,0.7765000000000001,saithe,53.57640761210848,0,0,saithe_0
f4r5-150,f4r5,f4r5-150,f4r5;f4r5-150,110,No_MP_1,No_MP,f4r5,1.9523011232443177,0.8178852884116137,1.2116075844972514,4.50878670449408,TRUE,saithe,FALSE,0.944,0.7515,cod,0.1335,0.6179999999999999,saithe,41.639076396241464,0,0,saithe_0
f4r5-151,f4r5,f4r5-151,f4r5;f4r5-151,110,No_MP_1,No_MP,f4r5,2.5596451832695037,1.0519818543218378,2.0381738988807325,5.9002154035798435,TRUE,saithe,FALSE,0.9645,0.754,cod,0.146,0.608,saithe,55.91166180683334,0,0,saithe_0
f4r5-152,f4r5,f4r5-152,f4r5;f4r5-152,110,No_MP_1,No_MP,f4r5,2.7504182446384458,1.1622607744394342,2.4183357277720865,6.3833440640534915,TRUE,saithe,FALSE,0.942,0.713,cod,0.1575,0.5555,saithe,60.39482874900347,0,0,saithe_0
f4r5-153,f4r5,f4r5-153,f4r5;f4r5-153,110,No_MP_1,No_MP,f4r5,2.3602122660481264,0.9376671486582568,1.7184493374088772,5.445756884116326,TRUE,saithe,FALSE,0.9705,0.799,cod,0.132,0.667,saithe,51.22498825213097,0,0,saithe_0
f4r5-154,f4r5,f4r5-154,f4r5;f4r5-154,110,No_MP_1,No_MP,f4r5,2.5681234770710977,1.0135821980082358,1.9644735184575364,5.860444244958949,TRUE,saithe,FALSE,0.8875000000000001,0.6145,cod,0.207,0.4075000000000001,saithe,56.11090171117079,0,0,saithe_0
f4r5-155,f4r5,f4r5-155,f4r5;f4r5-155,110,No_MP_1,No_MP,f4r5,1.958391481309319,0.7818153426180112,1.2281483012526095,4.5718438907498085,TRUE,saithe,FALSE,0.8705,0.6875,lesser_sand_eel,0.084,0.6035,saithe,41.782199810768994,0,0,saithe_0
f4r5-156,f4r5,f4r5-156,f4r5;f4r5-156,110,No_MP_1,No_MP,f4r5,1.942359539589504,0.7858492723314405,1.156185661752948,4.444167092686008,TRUE,saithe,FALSE,0.9565,0.6825,cod,0.2215,0.461,saithe,41.40544918035334,0,0,saithe_0
f4r5-157,f4r5,f4r5-157,f4r5;f4r5-157,110,No_MP_1,No_MP,f4r5,1.985381991584489,0.8232478417252996,1.2680946775171091,4.589883903712268,TRUE,saithe,FALSE,0.959,0.7685,cod,0.137,0.6315,saithe,42.41647680223549,0,0,saithe_0
f4r5-158,f4r5,f4r5-158,f4r5;f4r5-158,110,No_MP_1,No_MP,f4r5,1.2005027921540246,0.5720016732857134,0.5240977967965462,2.86646576276904,TRUE,saithe,TRUE,0.669,0.4855,wrasse,0.253,0.2325,gadoids_unknown,NA,NA,NA,gadoids_unknown
f4r5-159,f4r5,f4r5-159,f4r5;f4r5-159,110,No_MP_1,No_MP,f4r5,0.9250476369098184,0.5069533765566079,0.3652461560272711,2.3398696203914877,TRUE,wrasse,FALSE,0.4439999999999999,0.4045,saithe,0.344,0.06050000000000005,wrasse,NA,NA,NA,wrasse
f4r5-16,f4r5,f4r5-16,f4r5;f4r5-16,110,No_MP_1,No_MP,f4r5,2.4549722410864216,0.968516003807596,1.8635371704400563,5.66207455591653,TRUE,saithe,FALSE,0.9695,0.7925,cod,0.1305,0.6619999999999999,saithe,53.451847665530906,0,0,saithe_0
f4r5-160,f4r5,f4r5-160,f4r5;f4r5-160,110,No_MP_1,No_MP,f4r5,1.0999764522521238,0.5312745681366933,0.44586648853517336,2.6337841159521305,TRUE,saithe,TRUE,0.6415,0.44,wrasse,0.2765,0.16349999999999998,gadoids_unknown,NA,NA,NA,gadoids_unknown
f4r5-161,f4r5,f4r5-161,f4r5;f4r5-161,110,No_MP_1,No_MP,f4r5,0.8306267479757924,0.3948049229721629,0.2563512441044225,1.9965734083984872,TRUE,saithe,TRUE,0.62,0.468,wrasse,0.2435,0.22450000000000003,gadoids_unknown,NA,NA,NA,gadoids_unknown
f4r5-162,f4r5,f4r5-162,f4r5;f4r5-162,110,No_MP_1,No_MP,f4r5,0.8082172461363061,0.49482872690951313,0.3100985364158925,2.1136786497155646,TRUE,wrasse,FALSE,0.3635,0.4735,saithe,0.282,0.1915,wrasse,NA,NA,NA,wrasse
f4r5-164,f4r5,f4r5-164,f4r5;f4r5-164,110,No_MP_1,No_MP,f4r5,1.24687065707072,0.5966351746840164,0.5741683362750549,2.9837704322657292,TRUE,saithe,TRUE,0.67,0.492,wrasse,0.2445,0.2475,gadoids_unknown,NA,NA,NA,gadoids_unknown
f4r5-165,f4r5,f4r5-165,f4r5;f4r5-165,110,No_MP_1,No_MP,f4r5,0.9654120446333888,0.48934247760050975,0.3816652933813576,2.4068127773498076,TRUE,wrasse,FALSE,0.3575,0.335,lesser_sand_eel,0.3075,0.02750000000000002,wrasse,NA,NA,NA,wrasse
f4r5-166,f4r5,f4r5-166,f4r5;f4r5-166,110,No_MP_1,No_MP,f4r5,1.3894624495683356,0.5628274203391733,0.5895857376423161,3.1857755441682394,TRUE,saithe,FALSE,0.9585,0.7495,cod,0.173,0.5765,saithe,28.412367564855884,0,0,saithe_0
f4r5-167,f4r5,f4r5-167,f4r5;f4r5-167,110,No_MP_1,No_MP,f4r5,1.336067581097672,0.5454460237110508,0.5799465437408781,3.1850676717141644,TRUE,saithe,FALSE,0.858,0.581,norway_pout,0.1225,0.4585,saithe,27.157588155795295,0,0,saithe_0
f4r5-168,f4r5,f4r5-168,f4r5;f4r5-168,110,No_MP_1,No_MP,f4r5,1.0930157675279102,0.4979209671979984,0.4378251028305747,2.6336707718795487,TRUE,saithe,TRUE,0.515,0.4115,lesser_sand_eel,0.274,0.13749999999999996,gadoids_unknown,NA,NA,NA,gadoids_unknown
f4r5-169,f4r5,f4r5-169,f4r5;f4r5-169,110,No_MP_1,No_MP,f4r5,1.1210396462450427,0.5387915294039027,0.4710654680347065,2.707342435020438,TRUE,saithe,TRUE,0.5980000000000001,0.4,wrasse,0.2815,0.11850000000000004,gadoids_unknown,NA,NA,NA,gadoids_unknown
f4r5-17,f4r5,f4r5-17,f4r5;f4r5-17,110,No_MP_1,No_MP,f4r5,2.368661316991156,0.9617039021312196,1.7990112361511077,5.517077569915397,TRUE,saithe,FALSE,0.936,0.767,cod,0.122,0.645,saithe,51.42354094929216,0,0,saithe_0
f4r5-170,f4r5,f4r5-170,f4r5;f4r5-170,110,No_MP_1,No_MP,f4r5,1.2207966237877836,0.5647199153392122,0.5326695725909797,2.8983660737676886,TRUE,saithe,FALSE,0.7135,0.5405,wrasse,0.203,0.33749999999999997,saithe,24.448720659012913,0,0,saithe_0
f4r5-171,f4r5,f4r5-171,f4r5;f4r5-171,110,No_MP_1,No_MP,f4r5,1.2628826230606025,0.6341468269591086,0.6314957360997395,3.102205195798323,TRUE,saithe,TRUE,0.494,0.3665,wrasse,0.352,0.01450000000000001,gadoids_unknown,NA,NA,NA,gadoids_unknown
f4r5-172,f4r5,f4r5-172,f4r5;f4r5-172,110,No_MP_1,No_MP,f4r5,1.1753248842506392,0.7248105355105922,0.6574097227065009,3.0828678940514327,TRUE,wrasse,FALSE,0.387,0.522,saithe,0.1785,0.3435,wrasse,NA,NA,NA,wrasse
f4r5-173,f4r5,f4r5-173,f4r5;f4r5-173,110,No_MP_1,No_MP,f4r5,1.3111219130941487,0.6061499633291233,0.6182475964915296,3.123525557172612,TRUE,saithe,FALSE,0.683,0.501,wrasse,0.206,0.29500000000000004,saithe,26.571364957712497,0,0,saithe_0
f4r5-174,f4r5,f4r5-174,f4r5;f4r5-174,110,No_MP_1,No_MP,f4r5,1.1313541049505953,0.5337349626673772,0.4652481672175922,2.7011942737594397,TRUE,saithe,TRUE,0.6705,0.476,wrasse,0.253,0.223,gadoids_unknown,NA,NA,NA,gadoids_unknown
f4r5-175,f4r5,f4r5-175,f4r5;f4r5-175,110,No_MP_1,No_MP,f4r5,1.2841598541256396,0.6121585298994939,0.6027086392947499,3.098504054860068,TRUE,saithe,TRUE,0.479,0.2965,lesser_sand_eel,0.2615,0.03499999999999997,gadoids_unknown,NA,NA,NA,gadoids_unknown
f4r5-176,f4r5,f4r5-176,f4r5;f4r5-176,110,No_MP_1,No_MP,f4r5,1.7469501098459514,0.721771752489204,0.9471508213824732,4.015408200729271,TRUE,saithe,FALSE,0.9685,0.7485,cod,0.1795,0.5690000000000001,saithe,36.81332758137986,0,0,saithe_0
f4r5-177,f4r5,f4r5-177,f4r5;f4r5-177,110,No_MP_1,No_MP,f4r5,1.2261699106251678,0.6199557234620412,0.5425198754361376,2.947232776481707,TRUE,wrasse,FALSE,0.6345,0.2905,saithe,0.2855,0.005,wrasse,NA,NA,NA,wrasse
f4r5-178,f4r5,f4r5-178,f4r5;f4r5-178,110,No_MP_1,No_MP,f4r5,1.9246044979739656,0.7698069836862523,1.1102865607876016,4.382830454536497,TRUE,saithe,FALSE,0.917,0.6595,cod,0.1945,0.465,saithe,40.98820570238819,0,0,saithe_0
f4r5-179,f4r5,f4r5-179,f4r5;f4r5-179,110,No_MP_1,No_MP,f4r5,1.302872032926497,0.5881060653481075,0.5843484129267056,3.0577828551983837,TRUE,saithe,FALSE,0.791,0.6145,wrasse,0.146,0.4685,saithe,26.37749277377268,0,0,saithe_0
f4r5-18,f4r5,f4r5-18,f4r5;f4r5-18,110,No_MP_1,No_MP,f4r5,2.1235444298013757,0.8733915479438498,1.323281755433051,4.828244625887478,TRUE,saithe,FALSE,0.786,0.56,wrasse,0.209,0.3510000000000001,saithe,45.66329410033233,0,0,saithe_0
f4r5-180,f4r5,f4r5-180,f4r5;f4r5-180,110,No_MP_1,No_MP,f4r5,1.4647635587373655,0.7171920267170125,0.8121741749130987,3.5699026049329787,TRUE,wrasse,FALSE,0.5735,0.326,saithe,0.272,0.05399999999999999,wrasse,NA,NA,NA,wrasse
f4r5-181,f4r5,f4r5-181,f4r5;f4r5-181,110,No_MP_1,No_MP,f4r5,1.3367479664160298,0.6046983623270328,0.6098289539415819,3.132888539692333,TRUE,saithe,FALSE,0.8185,0.642,wrasse,0.119,0.523,saithe,27.1735772107767,0,0,saithe_0
f4r5-182,f4r5,f4r5-182,f4r5;f4r5-182,110,No_MP_1,No_MP,f4r5,1.494375709324786,0.6545144863556226,0.7647981543951049,3.5171615182265223,TRUE,saithe,FALSE,0.759,0.5585,wrasse,0.1735,0.385,saithe,30.877829169132468,0,0,saithe_0
f4r5-183,f4r5,f4r5-183,f4r5;f4r5-183,110,No_MP_1,No_MP,f4r5,1.945656924999453,0.7725657679373357,1.1737684644317266,4.480358944458163,TRUE,saithe,FALSE,0.971,0.7975,cod,0.1185,0.679,saithe,41.48293773748715,0,0,saithe_0
f4r5-184,f4r5,f4r5-184,f4r5;f4r5-184,110,No_MP_1,No_MP,f4r5,1.3001565442806051,0.5583732338276387,0.5498461613090271,3.015858548317699,TRUE,saithe,FALSE,0.9345,0.7515,cod,0.1235,0.6279999999999999,saithe,26.313678790594217,0,0,saithe_0
f4r5-185,f4r5,f4r5-185,f4r5;f4r5-185,110,No_MP_1,No_MP,f4r5,1.2509315580756812,0.6312009362439395,0.6115566556346828,3.0519977142025754,TRUE,wrasse,FALSE,0.4705,0.393,saithe,0.3075,0.08550000000000002,wrasse,NA,NA,NA,wrasse
f4r5-186,f4r5,f4r5-186,f4r5;f4r5-186,110,No_MP_1,No_MP,f4r5,1.3889520704865286,0.5972812962510633,0.6402859524539756,3.239335572357441,TRUE,saithe,FALSE,0.8494999999999999,0.6595,cod,0.104,0.5555,saithe,28.400373656433416,0,0,saithe_0
f4r5-187,f4r5,f4r5-187,f4r5;f4r5-187,110,No_MP_1,No_MP,f4r5,1.6504554663294897,0.7029786947338711,0.8773365666699038,3.8182937102917234,TRUE,saithe,FALSE,0.906,0.7065,cod,0.1305,0.5760000000000001,saithe,34.545703458743006,0,0,saithe_0
f4r5-188,f4r5,f4r5-188,f4r5;f4r5-188,110,No_MP_1,No_MP,f4r5,1.4889819540206903,0.631539972000384,0.7272531915918188,3.4653931783355247,TRUE,saithe,FALSE,0.9165,0.768,cod,0.099,0.669,saithe,30.75107591948622,0,0,saithe_0
f4r5-19,f4r5,f4r5-19,f4r5;f4r5-19,110,No_MP_1,No_MP,f4r5,2.4217297633292043,0.9449158259231644,1.7604347261978954,5.545499118698635,TRUE,saithe,FALSE,0.9785,0.8095,cod,0.1235,0.6859999999999999,saithe,52.670649438236296,0,0,saithe_0
f4r5-190,f4r5,f4r5-190,f4r5;f4r5-190,110,No_MP_1,No_MP,f4r5,1.5994313179780792,0.656502873658036,0.7733856548884387,3.650092014925872,TRUE,saithe,FALSE,0.8310000000000001,0.6205,wrasse,0.164,0.4565,saithe,33.34663597248486,0,0,saithe_0
f4r5-191,f4r5,f4r5-191,f4r5;f4r5-191,110,No_MP_1,No_MP,f4r5,1.5554908875722184,0.6276317488905503,0.7419511354943944,3.5814421875285327,TRUE,saithe,FALSE,0.9665,0.762,cod,0.1565,0.6055,saithe,32.31403585794713,0,0,saithe_0
f4r5-192,f4r5,f4r5-192,f4r5;f4r5-192,110,No_MP_1,No_MP,f4r5,1.4056324932699351,0.6263095517903294,0.6801007098094782,3.3160423660539013,TRUE,saithe,FALSE,0.8235,0.664,wrasse,0.1125,0.5515,saithe,28.792363591843475,0,0,saithe_0
f4r5-193,f4r5,f4r5-193,f4r5;f4r5-193,110,No_MP_1,No_MP,f4r5,1.724998242520828,0.7361724461270001,0.964378498652245,3.987202408572051,TRUE,saithe,FALSE,0.918,0.724,cod,0.1235,0.6005,saithe,36.297458699239456,0,0,saithe_0
f4r5-194,f4r5,f4r5-194,f4r5;f4r5-194,110,No_MP_1,No_MP,f4r5,1.8422494483395224,0.7428913769585186,0.9981391489645232,4.195994673509526,TRUE,saithe,FALSE,0.912,0.699,cod,0.1585,0.5405,saithe,39.05286203597878,0,0,saithe_0
f4r5-195,f4r5,f4r5-195,f4r5;f4r5-195,110,No_MP_1,No_MP,f4r5,1.83058572966821,0.7375635892577241,1.042273745519973,4.225052804473433,TRUE,saithe,FALSE,0.955,0.7475,cod,0.1575,0.5900000000000001,saithe,38.778764647202934,0,0,saithe_0
f4r5-196,f4r5,f4r5-196,f4r5;f4r5-196,110,No_MP_1,No_MP,f4r5,1.7392541559493877,0.7175275093956993,0.932437052881814,3.985751151232269,TRUE,saithe,FALSE,0.967,0.776,cod,0.1445,0.6315000000000001,saithe,36.63247266481061,0,0,saithe_0
f4r5-197,f4r5,f4r5-197,f4r5;f4r5-197,110,No_MP_1,No_MP,f4r5,1.7976976342234532,0.7319187623039046,0.9927848083865272,4.117407712931095,TRUE,saithe,FALSE,0.9595,0.766,cod,0.144,0.622,saithe,38.00589440425115,0,0,saithe_0
f4r5-198,f4r5,f4r5-198,f4r5;f4r5-198,110,No_MP_1,No_MP,f4r5,1.8593821298903228,0.7347887091717092,1.0404322694645862,4.2480666566872305,TRUE,saithe,FALSE,0.9805,0.814,cod,0.12,0.694,saithe,39.45548005242259,0,0,saithe_0
f4r5-199,f4r5,f4r5-199,f4r5;f4r5-199,110,No_MP_1,No_MP,f4r5,2.0616763641796916,0.8089617171999216,1.2937134215388388,4.7227419652033955,TRUE,saithe,FALSE,0.978,0.7925,cod,0.1415,0.651,saithe,44.20939455822275,0,0,saithe_0
f4r5-2,f4r5,f4r5-2,f4r5;f4r5-2,110,No_MP_1,No_MP,f4r5,1.6414869119794318,0.6568947110740478,0.8150932079420642,3.744990627882366,TRUE,saithe,FALSE,0.9785,0.775,cod,0.1565,0.6185,saithe,34.334942431516644,0,0,saithe_0
f4r5-20,f4r5,f4r5-20,f4r5;f4r5-20,110,No_MP_1,No_MP,f4r5,2.2703476997349927,0.9580278566171556,1.723104701621009,5.36400636885704,TRUE,saithe,FALSE,0.864,0.768,lesser_sand_eel,0.098,0.67,saithe,49.113170943772325,0,0,saithe_0
f4r5-200,f4r5,f4r5-200,f4r5;f4r5-200,110,No_MP_1,No_MP,f4r5,1.924391820846353,0.7401206355276175,1.0749024141823105,4.354543333223683,TRUE,saithe,FALSE,0.9655,0.76,cod,0.161,0.599,saithe,40.98320778988929,0,0,saithe_0
f4r5-201,f4r5,f4r5-201,f4r5;f4r5-201,110,No_MP_1,No_MP,f4r5,1.7549330177581337,0.6813705497967827,0.912335026161208,4.022158767295348,TRUE,saithe,FALSE,0.932,0.6765,cod,0.174,0.5025,saithe,37.00092591731614,0,0,saithe_0
f4r5-202,f4r5,f4r5-202,f4r5;f4r5-202,110,No_MP_1,No_MP,f4r5,1.6428168828008944,0.6992033093841118,0.8660159248087066,3.798796548670572,TRUE,saithe,FALSE,0.9165,0.7235,cod,0.122,0.6015,saithe,34.366196745821014,0,0,saithe_0
f4r5-204,f4r5,f4r5-204,f4r5;f4r5-204,110,No_MP_1,No_MP,f4r5,1.5899621249283675,0.635235330453676,0.7682124816955621,3.638288448935417,TRUE,saithe,FALSE,0.9805,0.781,cod,0.1605,0.6205,saithe,33.124109935816634,0,0,saithe_0
f4r5-205,f4r5,f4r5-205,f4r5;f4r5-205,110,No_MP_1,No_MP,f4r5,1.816315578612344,0.7566035337569887,1.06838325488303,4.2212420391561505,TRUE,saithe,FALSE,0.942,0.784,cod,0.1185,0.6655,saithe,38.44341609739008,0,0,saithe_0
f4r5-206,f4r5,f4r5-206,f4r5;f4r5-206,110,No_MP_1,No_MP,f4r5,1.7849235569999222,0.7065734862629504,0.9532554951354262,4.066780105635125,TRUE,saithe,FALSE,0.9715,0.768,cod,0.143,0.625,saithe,37.70570358949817,0,0,saithe_0
f4r5-207,f4r5,f4r5-207,f4r5;f4r5-207,110,No_MP_1,No_MP,f4r5,1.8022232132157463,0.7062776792341279,0.9484408241506346,4.081451794795398,TRUE,saithe,FALSE,0.896,0.6925,cod,0.1525,0.54,saithe,38.112245510570034,0,0,saithe_0
f4r5-208,f4r5,f4r5-208,f4r5;f4r5-208,110,No_MP_1,No_MP,f4r5,1.9572737652647727,0.7720352737795524,1.1572844853222677,4.492585833253367,TRUE,saithe,FALSE,0.978,0.8115,cod,0.1005,0.711,saithe,41.75593348372216,0,0,saithe_0
f4r5-209,f4r5,f4r5-209,f4r5;f4r5-209,110,No_MP_1,No_MP,f4r5,1.7823306281347733,0.7269511061411529,0.9924087166590873,4.106113821334115,TRUE,saithe,FALSE,0.9645,0.773,cod,0.1375,0.6355,saithe,37.64476976116717,0,0,saithe_0
f4r5-21,f4r5,f4r5-21,f4r5;f4r5-21,110,No_MP_1,No_MP,f4r5,2.248153724885369,0.917766971286058,1.592129774059319,5.195266522567316,TRUE,saithe,FALSE,0.9595,0.7955,cod,0.1225,0.673,saithe,48.59161253480617,0,0,saithe_0
f4r5-210,f4r5,f4r5-210,f4r5;f4r5-210,110,No_MP_1,No_MP,f4r5,1.5227067466345612,0.7375628879332407,0.8297712592116215,3.615175818367092,TRUE,wrasse,FALSE,0.504,0.4535,saithe,0.3465,0.10700000000000004,wrasse,NA,NA,NA,wrasse
f4r5-211,f4r5,f4r5-211,f4r5;f4r5-211,110,No_MP_1,No_MP,f4r5,1.78730327399853,0.72506516711882385,0.990573858018226,4.111855038977022,TRUE,saithe,FALSE,0.9675,0.7855,cod,0.126,0.6595,saithe,37.76162693896545,0,0,saithe_0
f4r5-212,f4r5,f4r5-212,f4r5;f4r5-212,110,No_MP_1,No_MP,f4r5,1.7677678310806444,0.7086356119958489,0.9614556813818388,4.053784362242148,TRUE,saithe,FALSE,0.979,0.8085,cod,0.1365,0.6719999999999999,saithe,37.30254403039514,0,0,saithe_0
f4r5-213,f4r5,f4r5-213,f4r5;f4r5-213,110,No_MP_1,No_MP,f4r5,2.1317023255066343,0.8173990511679671,1.3604005479885757,4.891749646524003,TRUE,saithe,FALSE,0.977,0.833,cod,0.112,0.721,saithe,45.855004649405906,0,0,saithe_0
f4r5-214,f4r5,f4r5-214,f4r5;f4r5-214,110,No_MP_1,No_MP,f4r5,1.6641657861914,0.6851864807076006,0.8766717936509792,3.853218506906724,TRUE,saithe,FALSE,0.963,0.787,cod,0.116,0.671,saithe,34.8678959754979,0,0,saithe_0
f4r5-215,f4r5,f4r5-215,f4r5;f4r5-215,110,No_MP_1,No_MP,f4r5,1.661043433543869,0.6800317417083446,0.845080245959426,3.799512572660582,TRUE,saithe,FALSE,0.9085,0.711,cod,0.152,0.5589999999999999,saithe,34.79452068828092,0,0,saithe_0
f4r5-216,f4r5,f4r5-216,f4r5;f4r5-216,110,No_MP_1,No_MP,f4r5,1.7302287836812866,0.6714349137549664,0.8967000666796057,3.941514069460607,TRUE,saithe,FALSE,0.983,0.7675,cod,0.165,0.6024999999999999,saithe,36.42037641651024,0,0,saithe_0
f4r5-217,f4r5,f4r5-217,f4r5;f4r5-217,110,No_MP_1,No_MP,f4r5,1.605096015700662,0.6768391757271145,0.809225946937975,3.704333351534851,TRUE,saithe,FALSE,0.976,0.7875,cod,0.1415,0.646,saithe,33.47975636896555,0,0,saithe_0
f4r5-218,f4r5,f4r5-218,f4r5;f4r5-218,110,No_MP_1,No_MP,f4r5,1.7692200767904978,0.7452206152353803,1.0217542375066837,4.126348688221203,TRUE,saithe,FALSE,0.89,0.7095,cod,0.119,0.5905,saithe,37.336671804576696,0,0,saithe_0
f4r5-219,f4r5,f4r5-219,f4r5;f4r5-219,110,No_MP_1,No_MP,f4r5,1.284349152959204,0.6417790938004239,0.6148660994252131,3.110669085002759,TRUE,saithe,TRUE,0.5855,0.317,wrasse,0.3075,0.0095,gadoids_unknown,NA,NA,NA,gadoids_unknown
f4r5-22,f4r5,f4r5-22,f4r5;f4r5-22,110,No_MP_1,No_MP,f4r5,2.292137831699415,0.8991572433032362,1.5548510202681578,5.195390415398107,TRUE,saithe,FALSE,0.9625,0.6835,cod,0.2085,0.475,saithe,49.62523904493625,0,0,saithe_0
f4r5-220,f4r5,f4r5-220,f4r5;f4r5-220,110,No_MP_1,No_MP,f4r5,1.3285609383947448,0.6984857195028378,0.6920037122656543,3.3559196672053315,TRUE,wrasse,FALSE,0.317,0.6285,saithe,0.2275,0.4009999999999999,wrasse,NA,NA,NA,wrasse
f4r5-221,f4r5,f4r5-221,f4r5;f4r5-221,110,No_MP_1,No_MP,f4r5,1.6686171791901456,0.6907301826222862,0.8629141263308812,3.83382653558996,TRUE,saithe,FALSE,0.92,0.686,cod,0.183,0.5030000000000001,saithe,34.97250371096842,0,0,saithe_0
f4r5-222,f4r5,f4r5-222,f4r5;f4r5-222,110,No_MP_1,No_MP,f4r5,1.78085131021765,0.7764751348658995,1.0864369367001383,4.2214598920389985,TRUE,saithe,FALSE,0.837,0.6965,lesser_sand_eel,0.0925,0.604,saithe,37.61000579011477,0,0,saithe_0
f4r5-223,f4r5,f4r5-223,f4r5;f4r5-223,110,No_MP_1,No_MP,f4r5,1.8023233795594755,0.7817094916527837,1.0551544499369778,4.196454304287728,TRUE,saithe,FALSE,0.94,0.7835,cod,0.1005,0.6829999999999999,saithe,38.114599419647675,0,0,saithe_0
f4r5-224,f4r5,f4r5-224,f4r5;f4r5-224,110,No_MP_1,No_MP,f4r5,1.606041653937728,0.7341362871087819,0.8703911844425286,3.773269849194628,TRUE,saithe,FALSE,0.761,0.553,wrasse,0.177,0.37600000000000006,saithe,33.50197886753661,0,0,saithe_0
f4r5-225,f4r5,f4r5-225,f4r5;f4r5-225,110,No_MP_1,No_MP,f4r5,1.8344823674101876,0.8073239563974679,1.0635220244223975,4.244037307086916,TRUE,saithe,FALSE,0.8745,0.7005,cod,0.1215,0.579,saithe,38.87033563413941,0,0,saithe_0
f4r5-226,f4r5,f4r5-226,f4r5;f4r5-226,110,No_MP_1,No_MP,f4r5,1.8397833140713784,0.7363232530141953,1.0312412078212785,4.211833519313765,TRUE,saithe,FALSE,0.9675,0.768,cod,0.155,0.613,saithe,38.99490788067739,0,0,saithe_0
f4r5-227,f4r5,f4r5-227,f4r5;f4r5-227,110,No_MP_1,No_MP,f4r5,1.2550620520616205,0.6603034934500442,0.562151663883696,3.093619631407759,TRUE,saithe,FALSE,0.8335,0.5845,wrasse,0.134,0.4505,saithe,25.25395822344808,0,0,saithe_0
f4r5-228,f4r5,f4r5-228,f4r5;f4r5-228,110,No_MP_1,No_MP,f4r5,1.6971376003354997,0.7221386827827029,0.9199492478813676,3.913754834573801,TRUE,saithe,FALSE,0.95,0.7495,cod,0.13,0.6195,saithe,35.64273360788424,0,0,saithe_0
f4r5-229,f4r5,f4r5-229,f4r5;f4r5-229,110,No_MP_1,No_MP,f4r5,1.8347272836360289,0.7702550912653123,1.1262699004783294,4.293518101435816,TRUE,saithe,FALSE,0.8500000000000001,0.686,cod,0.097,0.5890000000000001,saithe,38.876091165446674,0,0,saithe_0
f4r5-23,f4r5,f4r5-23,f4r5;f4r5-23,110,No_MP_1,No_MP,f4r5,2.606935440509671,0.9907452839377764,1.9980342932612505,5.926067350982773,TRUE,saithe,FALSE,0.9695,0.742,cod,0.175,0.567,saithe,57.02298285197727,0,0,saithe_0
f4r5-230,f4r5,f4r5-230,f4r5;f4r5-230,110,No_MP_1,No_MP,f4r5,1.727527461751046,0.7535485482476639,0.9929073986052488,4.058183485742157,TRUE,saithe,FALSE,0.897,0.7645,cod,0.0835,0.6809999999999999,saithe,36.35689535114958,0,0,saithe_0
f4r5-231,f4r5,f4r5-231,f4r5;f4r5-231,110,No_MP_1,No_MP,f4r5,1.810999402716497,0.7417694615504946,0.9915212303533784,4.126228879573629,TRUE,saithe,FALSE,0.8465,0.6475,wrasse,0.149,0.49849999999999994,saithe,38.31848596383768,0,0,saithe_0
f4r5-232,f4r5,f4r5-232,f4r5;f4r5-232,110,No_MP_1,No_MP,f4r5,1.8852264224084925,0.8114787128727523,1.1692954925773382,4.409832530632824,TRUE,saithe,FALSE,0.907,0.7505,cod,0.092,0.6585,saithe,40.06282092659957,0,0,saithe_0
f4r5-233,f4r5,f4r5-233,f4r5;f4r5-233,110,No_MP_1,No_MP,f4r5,1.7367637626430088,0.7065611897168703,0.918820940629648,3.980894018806798,TRUE,saithe,FALSE,0.9585,0.7775,cod,0.1305,0.647,saithe,36.5739484221107,0,0,saithe_0
f4r5-234,f4r5,f4r5-234,f4r5;f4r5-234,110,No_MP_1,No_MP,f4r5,1.651376019782549,0.7316117099527053,0.901334070622996,3.855845006381315,TRUE,saithe,FALSE,0.8965,0.763,cod,0.0745,0.6885,saithe,34.567336464889905,0,0,saithe_0
f4r5-235,f4r5,f4r5-235,f4r5;f4r5-235,110,No_MP_1,No_MP,f4r5,2.124126289646332,0.8264954782702355,1.3222962338395727,4.8199397182932735,TRUE,saithe,FALSE,0.9755,0.763,cod,0.1665,0.5965,saithe,45.67696780668881,0,0,saithe_0
f4r5-236,f4r5,f4r5-236,f4r5;f4r5-236,110,No_MP_1,No_MP,f4r5,2.174637321041844,0.8354605548976121,1.3682002742999757,4.929407481909968,TRUE,saithe,FALSE,0.9815,0.8155,cod,0.122,0.6935,saithe,46.86397704448333,0,0,saithe_0
f4r5-237,f4r5,f4r5-237,f4r5;f4r5-237,110,No_MP_1,No_MP,f4r5,1.8934282168004448,0.7673095786870993,1.1253159358705267,4.365028723515036,TRUE,saithe,FALSE,0.9665,0.7925,cod,0.129,0.6635,saithe,40.25556309481045,0,0,saithe_0
f4r5-238,f4r5,f4r5-238,f4r5;f4r5-238,110,No_MP_1,No_MP,f4r5,1.5205818113805631,0.651465625226647,0.7450127496042813,3.52472649460907,TRUE,saithe,FALSE,0.9465,0.7575,cod,0.1225,0.635,saithe,31.493672567443234,0,0,saithe_0
f4r5-239,f4r5,f4r5-239,f4r5;f4r5-239,110,No_MP_1,No_MP,f4r5,2.1166453089684967,0.8451671503553712,1.331749409868545,4.830439010817308,TRUE,saithe,FALSE,0.8674999999999999,0.6655,cod,0.1525,0.513,saithe,45.50116476075967,0,0,saithe_0
f4r5-24,f4r5,f4r5-24,f4r5;f4r5-24,110,No_MP_1,No_MP,f4r5,2.6805266565569146,1.057354075695424,2.2339111843644988,6.203674331602932,TRUE,saithe,FALSE,0.9655,0.761,cod,0.156,0.605,saithe,58.75237642908749,0,0,saithe_0
f4r5-240,f4r5,f4r5-240,f4r5;f4r5-240,110,No_MP_1,No_MP,f4r5,1.9553210129811656,0.8086100001026476,1.1894791124593065,4.503000645986489,TRUE,saithe,FALSE,0.969,0.8075,cod,0.119,0.6885,saithe,41.71004380505739,0,0,saithe_0
f4r5-241,f4r5,f4r5-241,f4r5;f4r5-241,110,No_MP_1,No_MP,f4r5,1.4950433276401058,0.6401013795683101,0.7467707506863911,3.516016192528048,TRUE,saithe,FALSE,0.8544999999999999,0.695,lesser_sand_eel,0.081,0.614,saithe,30.893518199542484,0,0,saithe_0
f4r5-242,f4r5,f4r5-242,f4r5;f4r5-242,110,No_MP_1,No_MP,f4r5,1.962312904414124,0.8248960807031339,1.2236689156856302,4.522462879527799,TRUE,saithe,FALSE,0.9545,0.77,cod,0.1325,0.6375,saithe,41.87435325373191,0,0,saithe_0
f4r5-243,f4r5,f4r5-243,f4r5;f4r5-243,110,No_MP_1,No_MP,f4r5,2.0765713247409705,0.8317951145722717,1.2672671037690175,4.731411381237136,TRUE,saithe,FALSE,0.977,0.7775,cod,0.1445,0.633,saithe,44.559426131412806,0,0,saithe_0
f4r5-244,f4r5,f4r5-244,f4r5;f4r5-244,110,No_MP_1,No_MP,f4r5,1.6940985636400818,0.7163740897808969,0.9142340957423926,3.9337875567909744,TRUE,saithe,FALSE,0.9675,0.809,cod,0.0945,0.7145,saithe,35.57131624554192,0,0,saithe_0
f4r5-245,f4r5,f4r5-245,f4r5;f4r5-245,110,No_MP_1,No_MP,f4r5,1.6816381784583334,0.710308454050591,0.8914638432147554,3.867694259792247,TRUE,saithe,FALSE,0.8785000000000001,0.66,cod,0.1655,0.4945000000000001,saithe,35.27849719377083,0,0,saithe_0
f4r5-25,f4r5,f4r5-25,f4r5;f4r5-25,110,No_MP_1,No_MP,f4r5,2.43416822098959,0.9250457884904894,1.7193036566608642,5.5609467165788695,TRUE,saithe,FALSE,0.9775,0.843,cod,0.0755,0.7675,saithe,52.96295319325536,0,0,saithe_0
f4r5-26,f4r5,f4r5-26,f4r5;f4r5-26,110,No_MP_1,No_MP,f4r5,2.3966543212207947,0.9262510301470208,1.6989397436747349,5.467238988447839,TRUE,saithe,FALSE,0.977,0.7755,cod,0.154,0.6214999999999999,saithe,52.081376548688674,0,0,saithe_0
f4r5-27,f4r5,f4r5-27,f4r5;f4r5-27,110,No_MP_1,No_MP,f4r5,2.177129181895961,0.878316462775704,1.4922121660431658,5.05359490834697,TRUE,saithe,FALSE,0.95,0.763,cod,0.1515,0.6115,saithe,46.92253577455508,0,0,saithe_0
f4r5-28,f4r5,f4r5-28,f4r5;f4r5-28,110,No_MP_1,No_MP,f4r5,2.269446838170764,0.898113042475829,1.6006289046851618,5.229496136243703,TRUE,saithe,FALSE,0.97,0.778,cod,0.1545,0.6235,saithe,49.092000697012956,0,0,saithe_0
f4r5-29,f4r5,f4r5-29,f4r5;f4r5-29,110,No_MP_1,No_MP,f4r5,1.9783645932613103,0.8270095281000852,1.3176633955502652,4.683170084407955,TRUE,saithe,FALSE,0.8305,0.68,cod,0.102,0.5780000000000001,saithe,42.25156794164079,0,0,saithe_0
f4r5-3,f4r5,f4r5-3,f4r5;f4r5-3,110,No_MP_1,No_MP,f4r5,2.501945572669949,0.9823129473666354,1.845212815126963,5.720270551003492,TRUE,saithe,FALSE,0.957,0.7945,cod,0.1155,0.6789999999999999,saithe,54.555720957743794,0,0,saithe_0
f4r5-30,f4r5,f4r5-30,f4r5;f4r5-30,110,No_MP_1,No_MP,f4r5,2.683407238510857,1.1246169374634871,2.250663943714327,6.182260328126258,TRUE,saithe,FALSE,0.942,0.7235,cod,0.1405,0.583,saithe,58.820070105005144,0,0,saithe_0
f4r5-31,f4r5,f4r5-31,f4r5;f4r5-31,110,No_MP_1,No_MP,f4r5,2.4935574374993075,0.9444152187255874,1.7541198584993554,5.617475628899171,TRUE,saithe,FALSE,0.9635,0.749,cod,0.1565,0.5925,saithe,54.35859978123372,0,0,saithe_0
f4r5-32,f4r5,f4r5-32,f4r5;f4r5-32,110,No_MP_1,No_MP,f4r5,2.412381550412461,0.8791557099534394,1.662754085799499,5.478549153342346,TRUE,saithe,FALSE,0.98,0.8475,cod,0.0905,0.757,saithe,52.45096643469283,0,0,saithe_0
f4r5-33,f4r5,f4r5-33,f4r5;f4r5-33,110,No_MP_1,No_MP,f4r5,2.3831582017206414,0.9090690158460633,1.675333878818811,5.417092585702996,TRUE,saithe,FALSE,0.9785,0.7265,cod,0.1885,0.538,saithe,51.76421774043507,0,0,saithe_0
f4r5-34,f4r5,f4r5-34,f4r5;f4r5-34,110,No_MP_1,No_MP,f4r5,2.5407624895702683,1.01573750788975,1.926697872696408,5.801665643409858,TRUE,saithe,FALSE,0.982,0.7455,cod,0.1705,0.5750000000000001,saithe,55.467918504901306,0,0,saithe_0
f4r5-35,f4r5,f4r5-35,f4r5;f4r5-35,110,No_MP_1,No_MP,f4r5,2.2992157981682753,0.9554474255894724,1.7316341665458794,5.377421662103233,TRUE,saithe,FALSE,0.938,0.8015,cod,0.0985,0.703,saithe,49.79157125695447,0,0,saithe_0
f4r5-36,f4r5,f4r5-36,f4r5;f4r5-36,110,No_MP_1,No_MP,f4r5,2.606935342181891,1.0812825941202515,2.123127198481028,6.026489746409974,TRUE,saithe,FALSE,0.951,0.755,cod,0.1375,0.6174999999999999,saithe,57.022980541274435,0,0,saithe_0
f4r5-37,f4r5,f4r5-37,f4r5;f4r5-37,110,No_MP_1,No_MP,f4r5,2.834555092684127,1.1407322137916245,2.463813840096575,6.544264074249776,TRUE,saithe,FALSE,0.977,0.7865,cod,0.107,0.6795,saithe,62.37204467807698,0,0,saithe_0
f4r5-38,f4r5,f4r5-38,f4r5;f4r5-38,110,No_MP_1,No_MP,f4r5,2.5995358537325552,1.018179350243003,1.9791938432567304,5.943369924068263,TRUE,saithe,FALSE,0.98,0.8025,cod,0.104,0.6985,saithe,56.84909256271504,0,0,saithe_0
f4r5-39,f4r5,f4r5-39,f4r5;f4r5-39,110,No_MP_1,No_MP,f4r5,2.5596735345989052,1.0291443984410276,1.9073421123698535,5.805298702690909,TRUE,saithe,FALSE,0.9445,0.6555,cod,0.2025,0.453,saithe,55.91232806307427,0,0,saithe_0
f4r5-4,f4r5,f4r5-4,f4r5;f4r5-4,110,No_MP_1,No_MP,f4r5,2.079586253440455,0.8157067267680609,1.307903701301424,4.753825981476271,TRUE,saithe,FALSE,0.961,0.784,cod,0.138,0.646,saithe,44.63027695585068,0,0,saithe_0
f4r5-40,f4r5,f4r5-40,f4r5;f4r5-40,110,No_MP_1,No_MP,f4r5,2.454041112597861,0.9883026154335052,1.876088228234629,5.661246447841382,TRUE,saithe,FALSE,0.965,0.764,cod,0.1625,0.6015,saithe,53.42996614604973,0,0,saithe_0
f4r5-41,f4r5,f4r5-41,f4r5;f4r5-41,110,No_MP_1,No_MP,f4r5,2.0635818779583475,0.7817518613827862,1.2544579834627148,4.714180537640754,TRUE,saithe,FALSE,0.9765,0.8315,cod,0.1145,0.717,saithe,44.25417413202116,0,0,saithe_0
f4r5-42,f4r5,f4r5-42,f4r5;f4r5-42,110,No_MP_1,No_MP,f4r5,2.6622515332371552,1.0818094974119403,2.2427222272903196,6.161519933309297,TRUE,saithe,FALSE,0.97,0.793,cod,0.123,0.67,saithe,58.32291103107315,0,0,saithe_0
f4r5-43,f4r5,f4r5-43,f4r5;f4r5-43,110,No_MP_1,No_MP,f4r5,2.369047355948201,0.9090843276507382,1.7073798360541952,5.458773888621425,TRUE,saithe,FALSE,0.9635,0.7985,cod,0.11,0.6885,saithe,51.43261286478272,0,0,saithe_0
f4r5-44,f4r5,f4r5-44,f4r5;f4r5-44,110,No_MP_1,No_MP,f4r5,1.8460951702598971,0.790405079873131,1.0815624513032005,4.258404915244864,TRUE,saithe,FALSE,0.9015,0.706,cod,0.132,0.574,saithe,39.14323650110758,0,0,saithe_0
f4r5-45,f4r5,f4r5-45,f4r5;f4r5-45,110,No_MP_1,No_MP,f4r5,1.9808412977358725,1.0236534847986014,1.2837851220555945,4.94945395742303,TRUE,wrasse,FALSE,0.306,0.6475,saithe,0.198,0.4495,wrasse,NA,NA,NA,wrasse
f4r5-46,f4r5,f4r5-46,f4r5;f4r5-46,110,No_MP_1,No_MP,f4r5,2.206475132594334,0.8706940574536051,1.4537861355505364,5.040717266835025,TRUE,saithe,FALSE,0.9605,0.7525,cod,0.156,0.5964999999999999,saithe,47.612165615966845,0,0,saithe_0
f4r5-47,f4r5,f4r5-47,f4r5;f4r5-47,110,No_MP_1,No_MP,f4r5,1.94502078481711,0.8170898933948499,1.1995394065509544,4.4886308026466635,TRUE,saithe,FALSE,0.948,0.759,cod,0.136,0.623,saithe,41.46798844320208,0,0,saithe_0
f4r5-48,f4r5,f4r5-48,f4r5;f4r5-48,110,No_MP_1,No_MP,f4r5,2.485060048344461,0.9627457143648604,1.868144941007931,5.716918287278304,TRUE,saithe,FALSE,0.973,0.8185,cod,0.114,0.7045,saithe,54.15891113609484,0,0,saithe_0
f4r5-49,f4r5,f4r5-49,f4r5;f4r5-49,110,No_MP_1,No_MP,f4r5,2.9635423828652363,1.1414427419348605,2.652430989453626,6.8578108151609065,TRUE,saithe,FALSE,0.9715,0.8085,cod,0.088,0.7205,saithe,65.40324599733306,0,0,saithe_0
f4r5-5,f4r5,f4r5-5,f4r5;f4r5-5,110,No_MP_1,No_MP,f4r5,2.150253932241002,0.8346993577925002,1.4198754704604084,4.9420348279812,TRUE,saithe,FALSE,0.96,0.7405,cod,0.18,0.5605,saithe,46.290967407663544,0,0,saithe_0
f4r5-50,f4r5,f4r5-50,f4r5;f4r5-50,110,No_MP_1,No_MP,f4r5,2.3621563890619623,0.95130713657535,1.7175273996484302,5.432708563052272,TRUE,saithe,FALSE,0.959,0.789,cod,0.128,0.661,saithe,51.270675142956115,0,0,saithe_0
f4r5-51,f4r5,f4r5-51,f4r5;f4r5-51,110,No_MP_1,No_MP,f4r5,2.5012944685843257,0.9996991548098068,1.881368852255956,5.718930917732358,TRUE,saithe,FALSE,0.9635,0.7455,cod,0.139,0.6065,saithe,54.540420011731655,0,0,saithe_0
f4r5-52,f4r5,f4r5-52,f4r5;f4r5-52,110,No_MP_1,No_MP,f4r5,2.7269789775679,1.1392481388128244,2.2990570492940217,6.2860601121706505,TRUE,saithe,FALSE,0.977,0.786,cod,0.101,0.685,saithe,59.84400597284564,0,0,saithe_0
f4r5-53,f4r5,f4r5-53,f4r5;f4r5-53,110,No_MP_1,No_MP,f4r5,2.286122595194947,0.9923831710457772,1.7018199292687872,5.3405615784724585,TRUE,saithe,FALSE,0.948,0.8045,cod,0.11,0.6945,saithe,49.48388098708125,0,0,saithe_0
f4r5-54,f4r5,f4r5-54,f4r5;f4r5-54,110,No_MP_1,No_MP,f4r5,2.8134881094114763,1.087759995507729,2.373509755600234,6.4712183735498465,TRUE,saithe,FALSE,0.9725,0.7915,cod,0.094,0.6975,saithe,61.876970571169686,0,0,saithe_0
f4r5-55,f4r5,f4r5-55,f4r5;f4r5-55,110,No_MP_1,No_MP,f4r5,2.7878218204713767,1.0879825933637584,2.3633530802430327,6.406388482804258,TRUE,saithe,FALSE,0.9795,0.7945,cod,0.1295,0.665,saithe,61.273812781077346,0,0,saithe_0
f4r5-56,f4r5,f4r5-56,f4r5;f4r5-56,110,No_MP_1,No_MP,f4r5,2.952017910969833,1.154773361563613,2.596055441361962,6.77858895173081,TRUE,saithe,FALSE,0.9735,0.7885,cod,0.112,0.6765,saithe,65.13242090779109,0,0,saithe_0
f4r5-57,f4r5,f4r5-57,f4r5;f4r5-57,110,No_MP_1,No_MP,f4r5,2.458497256008368,0.9666814112549782,1.816684681999731,5.649898101882711,TRUE,saithe,FALSE,0.977,0.83,cod,0.1095,0.7204999999999999,saithe,53.53468551619665,0,0,saithe_0
f4r5-58,f4r5,f4r5-58,f4r5;f4r5-58,110,No_MP_1,No_MP,f4r5,3.0881306053607465,1.212223281856282,2.8473394333127655,7.091935254934149,TRUE,saithe,FALSE,0.977,0.8025,cod,0.109,0.6935,saithe,68.33106922597754,0,0,saithe_0
f4r5-59,f4r5,f4r5-59,f4r5;f4r5-59,110,No_MP_1,No_MP,f4r5,2.6061154004020337,0.9818026239551249,2.021433692539489,5.989922002410182,TRUE,saithe,FALSE,0.962,0.814,cod,0.1035,0.7104999999999999,saithe,57.00371190944779,0,0,saithe_0
f4r5-6,f4r5,f4r5-6,f4r5;f4r5-6,110,No_MP_1,No_MP,f4r5,2.117729671313537,0.802425770542682,1.3074253907271447,4.800648704371268,TRUE,saithe,FALSE,0.977,0.78,cod,0.1645,0.6155,saithe,45.526647275868115,0,0,saithe_0
f4r5-60,f4r5,f4r5-60,f4r5;f4r5-60,110,No_MP_1,No_MP,f4r5,2.3535334872737477,0.9883299206799748,1.722754960753058,5.410737149236241,TRUE,saithe,FALSE,0.972,0.758,cod,0.162,0.596,saithe,51.06803695093307,0,0,saithe_0
f4r5-61,f4r5,f4r5-61,f4r5;f4r5-61,110,No_MP_1,No_MP,f4r5,2.4752874591382703,0.9482754943235018,1.796415317374833,5.6095160026008255,TRUE,saithe,FALSE,0.975,0.722,cod,0.2005,0.5215,saithe,53.92925528974935,0,0,saithe_0
f4r5-62,f4r5,f4r5-62,f4r5;f4r5-62,110,No_MP_1,No_MP,f4r5,2.3854164096405777,0.963430396719583,1.7730025171794497,5.498268452957695,TRUE,saithe,FALSE,0.962,0.7565,cod,0.168,0.5884999999999999,saithe,51.81728562655357,0,0,saithe_0
f4r5-63,f4r5,f4r5-63,f4r5;f4r5-63,110,No_MP_1,No_MP,f4r5,2.122592443952469,0.9016609343206824,1.4932607960559952,4.992268549323895,TRUE,saithe,FALSE,0.896,0.7775,cod,0.0785,0.699,saithe,45.64092243288302,0,0,saithe_0
f4r5-64,f4r5,f4r5-64,f4r5;f4r5-64,110,No_MP_1,No_MP,f4r5,2.561050643077344,0.9750637964645512,1.9326755746388944,5.831586346152255,TRUE,saithe,FALSE,0.9755,0.78,cod,0.1475,0.6325000000000001,saithe,55.94469011231758,0,0,saithe_0
f4r5-65,f4r5,f4r5-65,f4r5;f4r5-65,110,No_MP_1,No_MP,f4r5,2.3064655580139184,0.943472522066766,1.7145474452401768,5.392260617440369,TRUE,saithe,FALSE,0.9575,0.8065,cod,0.109,0.6975,saithe,49.96194061332708,0,0,saithe_0
f4r5-66,f4r5,f4r5-66,f4r5;f4r5-66,110,No_MP_1,No_MP,f4r5,2.1831295924955176,0.8874810937346064,1.469825715132552,5.029193925751892,TRUE,saithe,FALSE,0.974,0.784,cod,0.1435,0.6405000000000001,saithe,47.06354542364466,0,0,saithe_0
f4r5-68,f4r5,f4r5-68,f4r5;f4r5-68,110,No_MP_1,No_MP,f4r5,2.461080844782555,0.9611261776089964,1.7924152670194773,5.6067945076391705,TRUE,saithe,FALSE,0.978,0.792,cod,0.119,0.673,saithe,53.59539985239004,0,0,saithe_0
f4r5-69,f4r5,f4r5-69,f4r5;f4r5-69,110,No_MP_1,No_MP,f4r5,2.563890030452935,0.996465334981416,1.9231902011835535,5.823089317616381,TRUE,saithe,FALSE,0.9755,0.761,cod,0.1585,0.6025,saithe,56.01141571564397,0,0,saithe_0
f4r5-7,f4r5,f4r5-7,f4r5;f4r5-7,110,No_MP_1,No_MP,f4r5,2.229668797616302,0.8952450980055997,1.5049322106823777,5.1018235502148315,TRUE,saithe,FALSE,0.977,0.7795,cod,0.156,0.6234999999999999,saithe,48.1572167439831,0,0,saithe_0
f4r5-70,f4r5,f4r5-70,f4r5;f4r5-70,110,No_MP_1,No_MP,f4r5,2.642423027933546,0.9635159358409732,1.9659149710409864,5.956341232681972,TRUE,saithe,FALSE,0.961,0.774,cod,0.133,0.641,saithe,57.85694115643833,0,0,saithe_0
f4r5-71,f4r5,f4r5-71,f4r5;f4r5-71,110,No_MP_1,No_MP,f4r5,2.4143753474018923,0.9636216394415236,1.8350701199368136,5.572163283702468,TRUE,saithe,FALSE,0.9635,0.7645,cod,0.157,0.6074999999999999,saithe,52.497820663944466,0,0,saithe_0
f4r5-72,f4r5,f4r5-72,f4r5;f4r5-72,110,No_MP_1,No_MP,f4r5,2.641523152518373,1.0266313033318708,2.0553119102084554,6.012817117726327,TRUE,saithe,FALSE,0.969,0.7415,cod,0.1615,0.5800000000000001,saithe,57.835794084181764,0,0,saithe_0
f4r5-73,f4r5,f4r5-73,f4r5;f4r5-73,110,No_MP_1,No_MP,f4r5,2.5448820519291253,0.9895227041154836,1.888555257830946,5.7866287719286245,TRUE,saithe,FALSE,0.8889999999999999,0.69,cod,0.1505,0.5395,saithe,55.564728220334445,0,0,saithe_0
f4r5-74,f4r5,f4r5-74,f4r5;f4r5-74,110,No_MP_1,No_MP,f4r5,2.9649144182117633,1.2004591514017178,2.7180599568105426,6.841827523171573,TRUE,saithe,FALSE,0.974,0.787,cod,0.134,0.653,saithe,65.43548882797644,0,0,saithe_0
f4r5-75,f4r5,f4r5-75,f4r5;f4r5-75,110,No_MP_1,No_MP,f4r5,2.501445474081435,1.0294815873615222,1.9539602069416264,5.759872528675622,TRUE,saithe,FALSE,0.952,0.7425,cod,0.142,0.6005,saithe,54.54396864091372,0,0,saithe_0
f4r5-76,f4r5,f4r5-76,f4r5;f4r5-76,110,No_MP_1,No_MP,f4r5,1.75113924322411,0.7309769146978449,0.935083342617371,4.021236720072051,TRUE,saithe,FALSE,0.84,0.618,wrasse,0.1545,0.4635,saithe,36.91177221576658,0,0,saithe_0
f4r5-77,f4r5,f4r5-77,f4r5;f4r5-77,110,No_MP_1,No_MP,f4r5,2.6558623866652273,1.0981521881152358,2.1793969661572077,6.102510435166982,TRUE,saithe,FALSE,0.962,0.693,cod,0.194,0.49899999999999994,saithe,58.17276608663284,0,0,saithe_0
f4r5-78,f4r5,f4r5-78,f4r5;f4r5-78,110,No_MP_1,No_MP,f4r5,3.00093415948519,1.145013603992745,2.584578152686918,6.8156558194867065,TRUE,saithe,FALSE,0.978,0.7555,cod,0.1405,0.615,saithe,66.28195274790197,0,0,saithe_0
f4r5-79,f4r5,f4r5-79,f4r5;f4r5-79,110,No_MP_1,No_MP,f4r5,2.6610146099603855,0.9995459240715594,2.0353648516076097,6.0697439713167425,TRUE,saithe,FALSE,0.9815,0.831,cod,0.104,0.727,saithe,58.29384333406906,0,0,saithe_0
f4r5-8,f4r5,f4r5-8,f4r5;f4r5-8,110,No_MP_1,No_MP,f4r5,2.0112895310274057,0.8341195418576107,1.2448371512349998,4.63034203262645,TRUE,saithe,FALSE,0.959,0.786,cod,0.105,0.681,saithe,43.025303979144034,0,0,saithe_0
f4r5-80,f4r5,f4r5-80,f4r5;f4r5-80,110,No_MP_1,No_MP,f4r5,2.931135537597846,1.1509377659671796,2.577105139028354,6.755428143449484,TRUE,saithe,FALSE,0.9755,0.796,cod,0.096,0.7000000000000001,saithe,64.64168513354939,0,0,saithe_0
f4r5-81,f4r5,f4r5-81,f4r5;f4r5-81,110,No_MP_1,No_MP,f4r5,2.5250523932352382,1.0080998992319936,1.991599895279568,5.83965290343094,TRUE,saithe,FALSE,0.967,0.8065,cod,0.095,0.7115,saithe,55.0987312410281,0,0,saithe_0
f4r5-82,f4r5,f4r5-82,f4r5;f4r5-82,110,No_MP_1,No_MP,f4r5,2.9366854544934635,1.0999106620213162,2.5450954587317107,6.735726521823808,TRUE,saithe,FALSE,0.9775,0.8325,cod,0.079,0.7535000000000001,saithe,64.7721081805964,0,0,saithe_0
f4r5-83,f4r5,f4r5-83,f4r5;f4r5-83,110,No_MP_1,No_MP,f4r5,2.379478212971499,0.9102628442069204,1.626478628005028,5.382453128412837,TRUE,saithe,FALSE,0.949,0.726,cod,0.156,0.57,saithe,51.677738004830225,0,0,saithe_0
f4r5-84,f4r5,f4r5-84,f4r5;f4r5-84,110,No_MP_1,No_MP,f4r5,2.197351338584966,0.7726984165934688,1.3064500042599694,4.919670707110756,TRUE,saithe,FALSE,0.975,0.7685,cod,0.148,0.6204999999999999,saithe,47.3977564567467,0,0,saithe_0
f4r5-85,f4r5,f4r5-85,f4r5;f4r5-85,110,No_MP_1,No_MP,f4r5,2.19536542623778,0.8272161934060788,1.4098639003771936,4.986827261087823,TRUE,saithe,FALSE,0.9795,0.806,cod,0.1335,0.6725000000000001,saithe,47.351087516587825,0,0,saithe_0
f4r5-86,f4r5,f4r5-86,f4r5;f4r5-86,110,No_MP_1,No_MP,f4r5,2.332447047052485,0.890886860315156,1.5920112740193832,5.293549614722275,TRUE,saithe,FALSE,0.978,0.764,cod,0.166,0.598,saithe,50.5725056057334,0,0,saithe_0
f4r5-87,f4r5,f4r5-87,f4r5;f4r5-87,110,No_MP_1,No_MP,f4r5,2.981812080194705,1.1538556562266968,2.5787420547614284,6.771713125189598,TRUE,saithe,FALSE,0.9805,0.7635,cod,0.1535,0.61,saithe,65.83258388457557,0,0,saithe_0
f4r5-88,f4r5,f4r5-88,f4r5;f4r5-88,110,No_MP_1,No_MP,f4r5,2.8352801400935435,1.1454433298195568,2.5605119860798524,6.578091575639639,TRUE,saithe,FALSE,0.9655,0.7745,cod,0.1445,0.63,saithe,62.38908329219827,0,0,saithe_0
f4r5-89,f4r5,f4r5-89,f4r5;f4r5-89,110,No_MP_1,No_MP,f4r5,2.5700867001869794,0.9947056114316029,1.8987567112155248,5.816313033306068,TRUE,saithe,FALSE,0.9685,0.774,cod,0.1325,0.6415,saithe,56.157037454394015,0,0,saithe_0
f4r5-9,f4r5,f4r5-9,f4r5;f4r5-9,110,No_MP_1,No_MP,f4r5,2.5339747236955024,1.014759432808207,1.934197742567504,5.81178687124271,TRUE,saithe,FALSE,0.9695,0.7625,cod,0.1315,0.631,saithe,55.3084060068443,0,0,saithe_0
f4r5-90,f4r5,f4r5-90,f4r5;f4r5-90,110,No_MP_1,No_MP,f4r5,2.7889460889056017,1.1439686960761737,2.4496200494814446,6.456125566246664,TRUE,saithe,FALSE,0.9685,0.7715,cod,0.142,0.6295,saithe,61.30023308928164,0,0,saithe_0
f4r5-91,f4r5,f4r5-91,f4r5;f4r5-91,110,No_MP_1,No_MP,f4r5,2.623501331076437,1.0135464605281443,2.0302831283265363,5.972802702163513,TRUE,saithe,FALSE,0.957,0.745,cod,0.1535,0.5915,saithe,57.41228128029627,0,0,saithe_0
f4r5-92,f4r5,f4r5-92,f4r5;f4r5-92,110,No_MP_1,No_MP,f4r5,2.788663319601886,1.1770034094836888,2.5239778657439738,6.4695572910588615,TRUE,saithe,FALSE,0.901,0.7315,cod,0.089,0.6425000000000001,saithe,61.29358801064432,0,0,saithe_0
f4r5-93,f4r5,f4r5-93,f4r5;f4r5-93,110,No_MP_1,No_MP,f4r5,2.605845915448513,1.0363623374397115,2.119833135209767,6.005335175555817,TRUE,saithe,FALSE,0.9555,0.6925,cod,0.1725,0.52,saithe,56.99737901304005,0,0,saithe_0
f4r5-94,f4r5,f4r5-94,f4r5;f4r5-94,110,No_MP_1,No_MP,f4r5,2.5664678438439408,1.0074854894468848,1.9565029273297496,5.833543926139487,TRUE,saithe,FALSE,0.971,0.7455,cod,0.1605,0.5850000000000001,saithe,56.07199433033261,0,0,saithe_0
f4r5-95,f4r5,f4r5-95,f4r5;f4r5-95,110,No_MP_1,No_MP,f4r5,2.733615422587962,1.1159585496240805,2.3755473665264484,6.3531487994128995,TRUE,saithe,FALSE,0.9695,0.803,cod,0.1105,0.6925,saithe,59.9999624308171,0,0,saithe_0
f4r5-96,f4r5,f4r5-96,f4r5;f4r5-96,110,No_MP_1,No_MP,f4r5,2.97047744814897,1.1709226116732772,2.6352775126368764,6.801366671568668,TRUE,saithe,FALSE,0.9795,0.764,cod,0.107,0.657,saithe,65.5662200315008,0,0,saithe_0
f4r5-97,f4r5,f4r5-97,f4r5;f4r5-97,110,No_MP_1,No_MP,f4r5,2.311490064978556,0.987056200188246,1.7677661226125507,5.433610633686396,TRUE,saithe,FALSE,0.8455,0.7085,wrasse,0.078,0.6305000000000001,saithe,50.08001652699606,0,0,saithe_0
f4r5-98,f4r5,f4r5-98,f4r5;f4r5-98,110,No_MP_1,No_MP,f4r5,2.2840512319226645,0.8818126987722549,1.5904135621889743,5.241234015219088,TRUE,saithe,FALSE,0.971,0.788,cod,0.145,0.643,saithe,49.43520395018261,0,0,saithe_0
f4r5-99,f4r5,f4r5-99,f4r5;f4r5-99,110,No_MP_1,No_MP,f4r5,2.255000627243091,0.9288770367091976,1.6400642110270287,5.276084264205255,TRUE,saithe,FALSE,0.9545,0.799,cod,0.1265,0.6725000000000001,saithe,48.75251474021264,0,0,saithe_0
f4r7-1,f4r7,f4r7-1,f4r7;f4r7-1,77,No_MP_1,No_MP,f4r7,6.997901464608698,2.5671315811928173,13.589386766746996,15.756411603523013,TRUE,cod,TRUE,0.9975,0.426,saithe,0.4055,0.02049999999999996,gadoids_unknown,NA,NA,NA,gadoids_unknown
f4r7-10,f4r7,f4r7-10,f4r7;f4r7-10,77,No_MP_1,No_MP,f4r7,5.875121639588049,2.1761712744157595,9.83144931531229,13.33452428106358,TRUE,saithe,TRUE,0.9825,0.4375,cod,0.3925,0.04499999999999998,gadoids_unknown,NA,NA,NA,gadoids_unknown
f4r7-11,f4r7,f4r7-11,f4r7;f4r7-11,77,No_MP_1,No_MP,f4r7,6.581602831999159,2.2935236414805686,11.791002657811488,14.801122003697634,TRUE,saithe,FALSE,0.9935,0.625,cod,0.2345,0.3905,saithe,160.3185117578866,1,1,saithe_1
f4r7-12,f4r7,f4r7-12,f4r7;f4r7-12,77,No_MP_1,No_MP,f4r7,6.637291067327298,2.298496501181213,12.1344239540425,15.015430382080872,TRUE,saithe,FALSE,0.959,0.6625,cod,0.2065,0.456,saithe,162.3985834167635,1,1,saithe_1
f4r7-13,f4r7,f4r7-13,f4r7;f4r7-13,77,No_MP_1,No_MP,f4r7,6.682038997254127,2.3510323349635733,11.843806312540918,14.91916095974669,TRUE,saithe,FALSE,0.9975,0.556,cod,0.3355,0.22050000000000003,saithe,164.07673101897205,1,1,saithe_1
f4r7-14,f4r7,f4r7-14,f4r7;f4r7-14,77,No_MP_1,No_MP,f4r7,6.882012160327155,2.4662327221550946,13.083912302858003,15.487612736744763,TRUE,saithe,FALSE,0.997,0.528,cod,0.304,0.22400000000000003,saithe,171.648823995191,1,1,saithe_1
f4r7-15,f4r7,f4r7-15,f4r7;f4r7-15,77,No_MP_1,No_MP,f4r7,6.49351257727023,2.272293632815392,11.574859373443486,14.645828009555805,TRUE,saithe,FALSE,0.981,0.6465,cod,0.24,0.4065,saithe,157.04717745488858,1,1,saithe_1
f4r7-16,f4r7,f4r7-16,f4r7;f4r7-16,77,No_MP_1,No_MP,f4r7,7.396654114333405,2.6623064962011687,15.695080664886252,16.919465958264716,TRUE,saithe,FALSE,0.9535,0.58,haddock,0.1865,0.3935,saithe,191.67269127191912,1,1,saithe_1
f4r7-17,f4r7,f4r7-17,f4r7;f4r7-17,77,No_MP_1,No_MP,f4r7,7.314318948056024,2.816577222380067,16.32477838600316,17.057752697965626,TRUE,saithe,TRUE,0.9485,0.4615,haddock,0.3055,0.15600000000000003,gadoids_unknown,NA,NA,NA,gadoids_unknown
f4r7-18,f4r7,f4r7-18,f4r7;f4r7-18,77,No_MP_1,No_MP,f4r7,6.397974989319876,2.29242967559954,11.317944652378836,14.409420825641783,TRUE,saithe,FALSE,0.993,0.5495,cod,0.396,0.15349999999999997,saithe,153.5257751914085,1,1,saithe_1
f4r7-19,f4r7,f4r7-19,f4r7;f4r7-19,77,No_MP_1,No_MP,f4r7,6.825899085389458,2.4472934098456576,12.911627473015434,15.398466371772043,TRUE,cod,TRUE,0.9965,0.4915,saithe,0.3645,0.127,gadoids_unknown,NA,NA,NA,gadoids_unknown
f4r7-2,f4r7,f4r7-2,f4r7;f4r7-2,77,No_MP_1,No_MP,f4r7,6.536348240031476,2.449164800548576,11.922942592904082,14.725506758928487,TRUE,cod,TRUE,0.9955,0.483,saithe,0.4155,0.0675,gadoids_unknown,NA,NA,NA,gadoids_unknown
f4r7-20,f4r7,f4r7-20,f4r7;f4r7-20,77,No_MP_1,No_MP,f4r7,6.294438323358273,2.197020259944646,10.707056121144722,14.147342093310275,TRUE,saithe,FALSE,0.983,0.5735,cod,0.3005,0.273,saithe,149.7408861329349,1,1,saithe_1
f4r7-21,f4r7,f4r7-21,f4r7;f4r7-21,77,No_MP_1,No_MP,f4r7,6.358496615363332,2.3403285677923855,11.586473352279846,14.448634561708335,TRUE,saithe,FALSE,0.99,0.509,cod,0.4035,0.10549999999999998,saithe,152.07874353211722,1,1,saithe_1
f4r7-22,f4r7,f4r7-22,f4r7;f4r7-22,77,No_MP_1,No_MP,f4r7,2.3211105456758743,0.9604599902399495,1.71598861050045,5.360548471957166,TRUE,saithe,FALSE,0.9595,0.782,cod,0.131,0.651,saithe,50.30609782338304,0,0,saithe_0
f4r7-23,f4r7,f4r7-23,f4r7;f4r7-23,77,No_MP_1,No_MP,f4r7,1.4307950492380583,0.6161420423951053,0.6801456924177706,3.332130780201941,TRUE,saithe,FALSE,0.887,0.729,cod,0.0945,0.6345,saithe,29.383683657094366,0,0,saithe_0
f4r7-24,f4r7,f4r7-24,f4r7;f4r7-24,77,No_MP_1,No_MP,f4r7,1.144609257232917,0.5150590545513857,0.4555799134735142,2.693693867456872,TRUE,saithe,FALSE,0.7875000000000001,0.6135,wrasse,0.139,0.4745,saithe,22.65831754497355,0,0,saithe_0
f4r7-25,f4r7,f4r7-25,f4r7;f4r7-25,77,No_MP_1,No_MP,f4r7,1.205962102845681,0.4787332175423447,0.46782759510052824,2.813606319950578,TRUE,saithe,FALSE,0.86,0.702,cod,0.1195,0.5825,saithe,24.100109416873508,0,0,saithe_0
f4r7-26,f4r7,f4r7-26,f4r7;f4r7-26,77,No_MP_1,No_MP,f4r7,1.2334397472398526,0.5149234189427347,0.4951560644229614,2.861893285652259,TRUE,saithe,FALSE,0.921,0.7735,cod,0.1,0.6735,saithe,24.745834060136538,0,0,saithe_0
f4r7-27,f4r7,f4r7-27,f4r7;f4r7-27,77,No_MP_1,No_MP,f4r7,1.2652810558020715,0.4916868988341144,0.49131179181198104,2.90311622308232,TRUE,saithe,FALSE,0.9635,0.7895,cod,0.133,0.6565,saithe,25.494104811348677,0,0,saithe_0
f4r7-3,f4r7,f4r7-3,f4r7;f4r7-3,77,No_MP_1,No_MP,f4r7,6.786901338710886,2.5409584045023546,13.27152079230938,15.455465995679836,TRUE,cod,TRUE,0.9975,0.3775,saithe,0.3635,0.01400000000000001,gadoids_unknown,NA,NA,NA,gadoids_unknown
f4r7-4,f4r7,f4r7-4,f4r7;f4r7-4,77,No_MP_1,No_MP,f4r7,5.737611243394266,2.18151012195982,9.614685522705242,13.065312815271565,TRUE,saithe,TRUE,0.9695,0.4725,cod,0.3255,0.14699999999999996,gadoids_unknown,NA,NA,NA,gadoids_unknown
f4r7-5,f4r7,f4r7-5,f4r7;f4r7-5,77,No_MP_1,No_MP,f4r7,6.814401049507398,2.462847672941529,12.68424313470613,15.359325097180566,TRUE,saithe,FALSE,0.999,0.5955,cod,0.327,0.2685,saithe,169.07546123923615,1,1,saithe_1
f4r7-6,f4r7,f4r7-6,f4r7;f4r7-6,77,No_MP_1,No_MP,f4r7,6.994087300736173,2.5290367483813605,13.310922506847117,15.669652246308702,TRUE,cod,FALSE,0.9985,0.5055,saithe,0.36,0.14549999999999996,cod,157.35731902851973,1,1,cod_1
f4r7-7,f4r7,f4r7-7,f4r7;f4r7-7,77,No_MP_1,No_MP,f4r7,6.69112278042996,2.4025397957824333,12.526788616323866,15.107394661359288,TRUE,saithe,FALSE,0.993,0.55,cod,0.298,0.25200000000000006,saithe,164.41812241537727,1,1,saithe_1
f4r7-8,f4r7,f4r7-8,f4r7;f4r7-8,77,No_MP_1,No_MP,f4r7,5.509556178236309,2.1168638677689686,9.248303564165711,12.650957955899576,TRUE,saithe,TRUE,0.9025,0.4445,cod,0.3395,0.10499999999999998,gadoids_unknown,NA,NA,NA,gadoids_unknown
f4r7-9,f4r7,f4r7-9,f4r7;f4r7-9,77,No_MP_1,No_MP,f4r7,6.0549437724363475,2.1748321767041663,10.110617206740953,13.705535429125918,TRUE,saithe,FALSE,0.9835,0.5985,cod,0.2795,0.319,saithe,141.11224166845565,1,1,saithe_1
r7f5-1,r7f5,r7f5-1,r7f5;r7f5-1,110,No_MP_1,No_MP,r7f5,4.871765404862117,2.2797327201296036,8.17504902207825,11.567388178004792,TRUE,poor_cod,TRUE,0.7484999999999999,0.427,lesser_sand_eel,0.2285,0.1985,gadoids_unknown,NA,NA,NA,gadoids_unknown
r7f5-10,r7f5,r7f5-10,r7f5;r7f5-10,110,No_MP_1,No_MP,r7f5,4.875735861143531,2.434609100358951,9.048764759979052,11.749197289280096,TRUE,lesser_sand_eel,FALSE,0.5375,0.4255,poor_cod,0.3005,0.125,lesser_sand_eel,257.46887099735744,NA,NA,lesser_sand_eel
r7f5-100,r7f5,r7f5-100,r7f5;r7f5-100,110,No_MP_1,No_MP,r7f5,1.7064564331796108,0.6908684848376879,0.9010672271375574,3.912742384678461,TRUE,saithe,FALSE,0.957,0.724,cod,0.1905,0.5335,saithe,35.861726179720854,0,0,saithe_0
r7f5-101,r7f5,r7f5-101,r7f5;r7f5-101,110,No_MP_1,No_MP,r7f5,1.0549873623656862,0.5632844641042151,0.4800320426144728,2.6635633216561385,TRUE,lesser_sand_eel,FALSE,0.3645,0.3245,wrasse,0.311,0.01350000000000001,lesser_sand_eel,61.483576752547876,NA,NA,lesser_sand_eel
r7f5-102,r7f5,r7f5-102,r7f5;r7f5-102,110,No_MP_1,No_MP,r7f5,1.43353970528713,0.5721847209107419,0.6274076513124363,3.278282694816954,TRUE,saithe,FALSE,0.9695,0.7675,cod,0.1615,0.606,saithe,29.448183074247552,0,0,saithe_0
r7f5-103,r7f5,r7f5-103,r7f5;r7f5-103,110,No_MP_1,No_MP,r7f5,1.2227345584589566,0.5210872865769406,0.4970067565794357,2.853559120170631,TRUE,saithe,FALSE,0.9105,0.7805,cod,0.074,0.7065,saithe,24.494262123785482,0,0,saithe_0
r7f5-104,r7f5,r7f5-104,r7f5;r7f5-104,110,No_MP_1,No_MP,r7f5,1.1301910268998654,0.6577969204609846,0.5841320745268421,2.87994428424566,TRUE,wrasse,FALSE,0.405,0.4355,saithe,0.325,0.1105,wrasse,NA,NA,NA,wrasse
r7f5-105,r7f5,r7f5-105,r7f5;r7f5-105,110,No_MP_1,No_MP,r7f5,1.1024066260111742,0.47675701239347434,0.39033394694643503,2.5399845564149923,TRUE,saithe,FALSE,0.865,0.6825,cod,0.1135,0.569,saithe,21.666555711262596,0,0,saithe_0
r7f5-106,r7f5,r7f5-106,r7f5;r7f5-106,110,No_MP_1,No_MP,r7f5,1.0284839260534764,0.6482074400032709,0.4921041545750128,2.6890133748535345,TRUE,wrasse,FALSE,0.29,0.6255,poor_cod,0.1115,0.5139999999999999,wrasse,NA,NA,NA,wrasse
r7f5-107,r7f5,r7f5-107,r7f5;r7f5-107,110,No_MP_1,No_MP,r7f5,0.8652300921360889,0.3959538746746551,0.2612411251616641,2.040055905069171,TRUE,saithe,FALSE,0.7755000000000001,0.6115,wrasse,0.1555,0.45600000000000007,saithe,16.092907165198092,0,0,saithe_0
r7f5-108,r7f5,r7f5-108,r7f5;r7f5-108,110,No_MP_1,No_MP,r7f5,1.1055205149487362,0.47647471929586954,0.40469957063237183,2.5759265488007466,TRUE,saithe,FALSE,0.902,0.7545,cod,0.0955,0.6589999999999999,saithe,21.739732101295303,0,0,saithe_0
r7f5-109,r7f5,r7f5-109,r7f5;r7f5-109,110,No_MP_1,No_MP,r7f5,0.9543100948391828,0.3975200398894091,0.30520769553832544,2.232041751375423,TRUE,saithe,FALSE,0.7625,0.6425,lesser_sand_eel,0.1835,0.459,saithe,18.186287228720794,0,0,saithe_0
r7f5-11,r7f5,r7f5-11,r7f5;r7f5-11,110,No_MP_1,No_MP,r7f5,6.304507475225757,2.2622532721213187,11.000633629302628,14.185052130435787,TRUE,saithe,FALSE,0.9925,0.5965,cod,0.277,0.3195,saithe,150.10753619132163,1,1,saithe_1
r7f5-110,r7f5,r7f5-110,r7f5;r7f5-110,110,No_MP_1,No_MP,r7f5,1.0942577123478372,0.45529337452611,0.3837507725034659,2.5501957491191543,TRUE,saithe,FALSE,0.887,0.6855,cod,0.1275,0.558,saithe,21.475056240174176,0,0,saithe_0
r7f5-111,r7f5,r7f5-111,r7f5;r7f5-111,110,No_MP_1,No_MP,r7f5,0.9811123677949282,0.44150779122421063,0.3351417928228515,2.3077777895819613,TRUE,saithe,FALSE,0.775,0.594,wrasse,0.152,0.4419999999999999,saithe,18.81614064318081,0,0,saithe_0
r7f5-112,r7f5,r7f5-112,r7f5;r7f5-112,110,No_MP_1,No_MP,r7f5,0.9672851472413516,0.43532755980186216,0.3335812532590381,2.293144772685342,TRUE,saithe,FALSE,0.7035,0.538,wrasse,0.182,0.35600000000000004,saithe,18.49120096017176,0,0,saithe_0
r7f5-113,r7f5,r7f5-113,r7f5;r7f5-113,110,No_MP_1,No_MP,r7f5,0.8205878919043161,0.42600980768656777,0.2790536974824369,2.034572675840583,TRUE,wrasse,FALSE,0.43750000000000006,0.3465,saithe,0.342,0.00449999999999994,wrasse,NA,NA,NA,wrasse
r7f5-114,r7f5,r7f5-114,r7f5;r7f5-114,110,No_MP_1,No_MP,r7f5,0.9287253718630184,0.4519676567272308,0.3085869035397266,2.1927028891367057,TRUE,saithe,TRUE,0.5745,0.418,wrasse,0.383,0.03499999999999997,gadoids_unknown,NA,NA,NA,gadoids_unknown
r7f5-115,r7f5,r7f5-115,r7f5;r7f5-115,110,No_MP_1,No_MP,r7f5,1.3925028763083218,0.582208804396896,0.593481183817496,3.176851387979028,TRUE,saithe,FALSE,0.8365,0.617,cod,0.1625,0.4545,saithe,28.48381759324556,0,0,saithe_0
r7f5-116,r7f5,r7f5-116,r7f5;r7f5-116,110,No_MP_1,No_MP,r7f5,1.717818932079461,0.6993577251361878,0.9178599546633124,3.9426018866913246,TRUE,saithe,FALSE,0.9715,0.73,cod,0.1985,0.5315,saithe,36.12874490386733,0,0,saithe_0
r7f5-117,r7f5,r7f5-117,r7f5;r7f5-117,110,No_MP_1,No_MP,r7f5,1.560446713399476,0.5876236347916595,0.6935927320306877,3.5149356554905125,TRUE,saithe,FALSE,0.9685,0.782,cod,0.132,0.65,saithe,32.43049776488768,0,0,saithe_0
r7f5-118,r7f5,r7f5-118,r7f5;r7f5-118,110,No_MP_1,No_MP,r7f5,1.5609483035588008,0.6634174332060933,0.7829258484834751,3.622304793612619,TRUE,saithe,FALSE,0.968,0.781,cod,0.14,0.641,saithe,32.44228513363181,0,0,saithe_0
r7f5-119,r7f5,r7f5-119,r7f5;r7f5-119,110,No_MP_1,No_MP,r7f5,1.443600802524702,0.6087208619614615,0.6690990994194518,3.3365788027385204,TRUE,saithe,FALSE,0.922,0.661,cod,0.201,0.46,saithe,29.6846188593305,0,0,saithe_0
r7f5-12,r7f5,r7f5-12,r7f5;r7f5-12,110,No_MP_1,No_MP,r7f5,4.941199418626115,2.263636273243467,8.140774585952261,11.713983198423126,TRUE,poor_cod,TRUE,0.7745,0.428,norway_pout,0.261,0.16699999999999998,gadoids_unknown,NA,NA,NA,gadoids_unknown
r7f5-120,r7f5,r7f5-120,r7f5;r7f5-120,110,No_MP_1,No_MP,r7f5,1.4297579007554675,0.5803635117864262,0.6368823799277962,3.280653555852729,TRUE,saithe,FALSE,0.962,0.767,cod,0.152,0.615,saithe,29.359310667753483,0,0,saithe_0
r7f5-121,r7f5,r7f5-121,r7f5;r7f5-121,110,No_MP_1,No_MP,r7f5,1.4671494900866937,0.553884567664727,0.6218798330458908,3.3224751047996475,TRUE,saithe,FALSE,0.981,0.798,cod,0.146,0.652,saithe,30.238013017037304,0,0,saithe_0
r7f5-122,r7f5,r7f5-122,r7f5;r7f5-122,110,No_MP_1,No_MP,r7f5,1.1917650403156277,0.5169349052034068,0.4578366834872177,2.749166385253492,TRUE,saithe,FALSE,0.8384999999999999,0.6465,wrasse,0.1315,0.5149999999999999,saithe,23.76647844741725,0,0,saithe_0
r7f5-123,r7f5,r7f5-123,r7f5;r7f5-123,110,No_MP_1,No_MP,r7f5,1.213079326339664,0.8019665857238025,0.6883533415756397,3.1567554041187535,TRUE,wrasse,FALSE,0.1525,0.809,saithe,0.101,0.7080000000000001,wrasse,NA,NA,NA,wrasse
r7f5-124,r7f5,r7f5-124,r7f5;r7f5-124,110,No_MP_1,No_MP,r7f5,1.504504072781581,0.6204726408010257,0.7069380387667061,3.4481153503277056,TRUE,saithe,FALSE,0.932,0.6765,cod,0.1925,0.484,saithe,31.115845710367154,0,0,saithe_0
r7f5-125,r7f5,r7f5-125,r7f5;r7f5-125,110,No_MP_1,No_MP,r7f5,1.19705144292642,0.4995512349596606,0.4640547985522954,2.770827286133398,TRUE,saithe,FALSE,0.92,0.738,cod,0.1255,0.6125,saithe,23.89070890877087,0,0,saithe_0
r7f5-126,r7f5,r7f5-126,r7f5;r7f5-126,110,No_MP_1,No_MP,r7f5,1.0734192237787037,0.4362298112061363,0.3645127953271736,2.4703787954090655,TRUE,saithe,FALSE,0.9645,0.765,cod,0.155,0.61,saithe,20.98535175879954,0,0,saithe_0
r7f5-127,r7f5,r7f5-127,r7f5;r7f5-127,110,No_MP_1,No_MP,r7f5,1.0321594092665278,0.4782416286294718,0.3783281539590333,2.4442129210245467,TRUE,saithe,FALSE,0.7475,0.5705,wrasse,0.1775,0.393,saithe,20.015746117763406,0,0,saithe_0
r7f5-129,r7f5,r7f5-129,r7f5;r7f5-129,110,No_MP_1,No_MP,r7f5,0.8527965191070187,0.4172258930880895,0.28462826151395737,2.0845598246811003,TRUE,saithe,TRUE,0.4165,0.34,lesser_sand_eel,0.3015,0.03850000000000003,gadoids_unknown,NA,NA,NA,gadoids_unknown
r7f5-13,r7f5,r7f5-13,r7f5;r7f5-13,110,No_MP_1,No_MP,r7f5,4.42969102035065,2.208473519673407,7.606054951082713,10.747316788002085,TRUE,lesser_sand_eel,FALSE,0.5880000000000001,0.343,poor_cod,0.266,0.07700000000000001,lesser_sand_eel,234.58900088888657,NA,NA,lesser_sand_eel
r7f5-130,r7f5,r7f5-130,r7f5;r7f5-130,110,No_MP_1,No_MP,r7f5,1.1546675770244788,0.49599936554937263,0.4417592094887816,2.691093631111579,TRUE,saithe,FALSE,0.917,0.7845,cod,0.078,0.7065,saithe,22.894688060075254,0,0,saithe_0
r7f5-131,r7f5,r7f5-131,r7f5;r7f5-131,110,No_MP_1,No_MP,r7f5,1.0820608416268214,0.481092135896473,0.3967118721023684,2.5206388940876385,TRUE,saithe,FALSE,0.7979999999999999,0.585,wrasse,0.144,0.44099999999999995,saithe,21.1884297782303,0,0,saithe_0
r7f5-132,r7f5,r7f5-132,r7f5;r7f5-132,110,No_MP_1,No_MP,r7f5,1.042459960938934,0.4932576341980311,0.3873071065338461,2.465255837699849,TRUE,saithe,FALSE,0.7115,0.5305,wrasse,0.2245,0.30599999999999994,saithe,20.257809082064952,0,0,saithe_0
r7f5-133,r7f5,r7f5-133,r7f5;r7f5-133,110,No_MP_1,No_MP,r7f5,0.8106290719845323,0.3349266449627459,0.21154831491169585,1.8750311616345752,TRUE,saithe,FALSE,0.955,0.786,cod,0.1215,0.6645000000000001,saithe,14.809783191636507,0,0,saithe_0
r7f5-134,r7f5,r7f5-134,r7f5;r7f5-134,110,No_MP_1,No_MP,r7f5,0.9060104670372796,0.4204351763183168,0.2883185530981502,2.133593132388684,TRUE,saithe,FALSE,0.777,0.6045,wrasse,0.159,0.4455,saithe,17.05124597537607,0,0,saithe_0
r7f5-135,r7f5,r7f5-135,r7f5;r7f5-135,110,No_MP_1,No_MP,r7f5,0.9153391656627048,0.41392836903223673,0.2892457870622692,2.1468636057116592,TRUE,saithe,FALSE,0.7935,0.607,wrasse,0.139,0.468,saithe,17.27047039307356,0,0,saithe_0
r7f5-136,r7f5,r7f5-136,r7f5;r7f5-136,110,No_MP_1,No_MP,r7f5,0.904576356025824,0.4024611546186974,0.27235732297348997,2.1067934914652584,TRUE,saithe,FALSE,0.8395,0.6735,wrasse,0.109,0.5645,saithe,17.017544366606863,0,0,saithe_0
r7f5-137,r7f5,r7f5-137,r7f5;r7f5-137,110,No_MP_1,No_MP,r7f5,0.9670005006934824,0.3944406866276624,0.30179185850541596,2.2448644443648864,TRUE,saithe,FALSE,0.949,0.7625,cod,0.147,0.6154999999999999,saithe,18.484511766296833,0,0,saithe_0
r7f5-138,r7f5,r7f5-138,r7f5;r7f5-138,110,No_MP_1,No_MP,r7f5,1.2161717542017754,0.4968618580002101,0.4679524101669425,2.7979351839180224,TRUE,saithe,FALSE,0.9585,0.752,cod,0.1595,0.5925,saithe,24.34003622374172,0,0,saithe_0
r7f5-139,r7f5,r7f5-139,r7f5;r7f5-139,110,No_MP_1,No_MP,r7f5,1.5123820954093452,0.5814352486804162,0.670178522369574,3.4328685585520216,TRUE,saithe,FALSE,0.9835,0.805,cod,0.1375,0.6675,saithe,31.30097924211961,0,0,saithe_0
r7f5-14,r7f5,r7f5-14,r7f5;r7f5-14,110,No_MP_1,No_MP,r7f5,5.466784164607697,2.71818006568078,11.416124890364912,13.221108886324243,TRUE,lesser_sand_eel,FALSE,0.6,0.3715,poor_cod,0.3465,0.02500000000000002,lesser_sand_eel,287.7866937235518,NA,NA,lesser_sand_eel
r7f5-140,r7f5,r7f5-140,r7f5;r7f5-140,110,No_MP_1,No_MP,r7f5,1.7194485945837776,0.7248410764084486,0.9468527710660828,3.988156972214178,TRUE,saithe,FALSE,0.968,0.8015,cod,0.1115,0.69,saithe,36.16704197271877,0,0,saithe_0
r7f5-141,r7f5,r7f5-141,r7f5;r7f5-141,110,No_MP_1,No_MP,r7f5,1.6282783326064882,0.5608312104497254,0.70813067611454406,3.642291073727036,TRUE,saithe,FALSE,0.9755,0.8265,cod,0.107,0.7195,saithe,34.02454081625247,0,0,saithe_0
r7f5-142,r7f5,r7f5-142,r7f5;r7f5-142,110,No_MP_1,No_MP,r7f5,1.3638901524428757,0.5960715097294181,0.6064718416373474,3.143740538513081,TRUE,saithe,FALSE,0.8079999999999999,0.585,wrasse,0.1495,0.4355,saithe,27.811418582407576,0,0,saithe_0
r7f5-143,r7f5,r7f5-143,r7f5;r7f5-143,110,No_MP_1,No_MP,r7f5,1.4323605341932877,0.5726476084008456,0.6329223605791352,3.284246326339687,TRUE,saithe,FALSE,0.9705,0.763,cod,0.1575,0.6055,saithe,29.42047255354226,0,0,saithe_0
r7f5-144,r7f5,r7f5-144,r7f5;r7f5-144,110,No_MP_1,No_MP,r7f5,1.0286524783508226,0.7211298751061773,0.5513885641238132,2.7926259482136047,TRUE,wrasse,FALSE,0.0835,0.885,saithe,0.0495,0.8355,wrasse,NA,NA,NA,wrasse
r7f5-145,r7f5,r7f5-145,r7f5;r7f5-145,110,No_MP_1,No_MP,r7f5,1.4001681452254358,0.5632672702575209,0.6019760587822597,3.1959297750131,TRUE,saithe,FALSE,0.957,0.6805,cod,0.234,0.4465,saithe,28.663951412797736,0,0,saithe_0
r7f5-146,r7f5,r7f5-146,r7f5;r7f5-146,110,No_MP_1,No_MP,r7f5,1.4763029883940868,0.615712107350661,0.7062532619710585,3.418571120094295,TRUE,saithe,FALSE,0.9235,0.735,cod,0.1415,0.5935,saithe,30.45312022726104,0,0,saithe_0
r7f5-147,r7f5,r7f5-147,r7f5;r7f5-147,110,No_MP_1,No_MP,r7f5,1.4248851534751916,0.5521589148261636,0.5988013425911529,3.236800690648161,TRUE,saithe,FALSE,0.98,0.773,cod,0.1685,0.6045,saithe,29.244801106666998,0,0,saithe_0
r7f5-148,r7f5,r7f5-148,r7f5;r7f5-148,110,No_MP_1,No_MP,r7f5,1.3389362066125272,0.543872295036098,0.5400277512209858,3.0552294280983294,TRUE,saithe,FALSE,0.884,0.657,cod,0.192,0.465,saithe,27.22500085539439,0,0,saithe_0
r7f5-149,r7f5,r7f5-149,r7f5;r7f5-149,110,No_MP_1,No_MP,r7f5,1.3698171043837069,0.5388676429873643,0.5655146675154235,3.1257049009281612,TRUE,saithe,FALSE,0.977,0.778,cod,0.162,0.616,saithe,27.95070195301711,0,0,saithe_0
r7f5-15,r7f5,r7f5-15,r7f5;r7f5-15,110,No_MP_1,No_MP,r7f5,5.30836351827696,2.639168469423065,10.823804043017445,12.84995777799844,TRUE,lesser_sand_eel,FALSE,0.455,0.521,poor_cod,0.2615,0.2595,lesser_sand_eel,279.6605066700167,NA,NA,lesser_sand_eel
r7f5-150,r7f5,r7f5-150,r7f5;r7f5-150,110,No_MP_1,No_MP,r7f5,1.44264926567614,0.5630937633540767,0.624675411623293,3.2832962196091175,TRUE,saithe,FALSE,0.9755,0.74,cod,0.193,0.5469999999999999,saithe,29.66225774338929,0,0,saithe_0
r7f5-151,r7f5,r7f5-151,r7f5;r7f5-151,110,No_MP_1,No_MP,r7f5,1.2975674396490304,0.5066017131870689,0.49936209465097137,2.9529249350068603,TRUE,saithe,FALSE,0.976,0.7825,cod,0.141,0.6415,saithe,26.252834831752217,0,0,saithe_0
r7f5-152,r7f5,r7f5-152,r7f5;r7f5-152,110,No_MP_1,No_MP,r7f5,0.8878457461913947,0.4167421967955446,0.2979938187554816,2.154954970314354,TRUE,saithe,TRUE,0.462,0.329,lesser_sand_eel,0.2885,0.04050000000000003,gadoids_unknown,NA,NA,NA,gadoids_unknown
r7f5-153,r7f5,r7f5-153,r7f5;r7f5-153,110,No_MP_1,No_MP,r7f5,0.9683708056436784,0.4417609908867596,0.32589938653927997,2.27293256869611,TRUE,saithe,FALSE,0.7605000000000001,0.545,wrasse,0.17,0.375,saithe,18.516713932626445,0,0,saithe_0
r7f5-154,r7f5,r7f5-154,r7f5;r7f5-154,110,No_MP_1,No_MP,r7f5,1.320599420333472,0.5450267428024688,0.548161923165559,3.0322163108957754,TRUE,saithe,FALSE,0.9455,0.7215,cod,0.174,0.5475000000000001,saithe,26.794086377836592,0,0,saithe_0
r7f5-155,r7f5,r7f5-155,r7f5;r7f5-155,110,No_MP_1,No_MP,r7f5,2.0754371419978788,1.020354004337852,1.6466686316536348,5.016046227801223,TRUE,saithe,TRUE,0.5790000000000001,0.4025,wrasse,0.2985,0.10400000000000004,gadoids_unknown,NA,NA,NA,gadoids_unknown
r7f5-156,r7f5,r7f5-156,r7f5;r7f5-156,110,No_MP_1,No_MP,r7f5,1.3538255062788318,0.564740715849875,0.5873719779109294,3.126941300418296,TRUE,saithe,FALSE,0.9545,0.732,cod,0.179,0.5529999999999999,saithe,27.57489939755255,0,0,saithe_0
r7f5-158,r7f5,r7f5-158,r7f5;r7f5-158,110,No_MP_1,No_MP,r7f5,1.7175861090771904,1.0824577756629,1.3629966165517995,4.538857391819607,TRUE,wrasse,FALSE,0.08549999999999999,0.86,lesser_sand_eel,0.0545,0.8055,wrasse,NA,NA,NA,wrasse
r7f5-159,r7f5,r7f5-159,r7f5;r7f5-159,110,No_MP_1,No_MP,r7f5,1.5522656088541555,0.8982335037094603,0.9694299069982176,3.9648171477768943,TRUE,wrasse,FALSE,0.091,0.8855,saithe,0.06,0.8254999999999999,wrasse,NA,NA,NA,wrasse
r7f5-16,r7f5,r7f5-16,r7f5;r7f5-16,110,No_MP_1,No_MP,r7f5,3.200471482265599,1.5090106720132264,3.607336369185533,7.58185250724254,TRUE,saithe,TRUE,0.7304999999999999,0.4715,wrasse,0.1785,0.293,gadoids_unknown,NA,NA,NA,gadoids_unknown
r7f5-160,r7f5,r7f5-160,r7f5;r7f5-160,110,No_MP_1,No_MP,r7f5,1.5611693846506238,0.86681624673552,0.9565702148121396,3.9202989103855943,TRUE,wrasse,FALSE,0.1395,0.8255,saithe,0.088,0.7375,wrasse,NA,NA,NA,wrasse
r7f5-161,r7f5,r7f5-161,r7f5;r7f5-161,110,No_MP_1,No_MP,r7f5,1.8365425639608537,0.8976229371516111,1.283857541830713,4.432149502913109,TRUE,saithe,TRUE,0.5425,0.3875,wrasse,0.31,0.07750000000000001,gadoids_unknown,NA,NA,NA,gadoids_unknown
r7f5-162,r7f5,r7f5-162,r7f5;r7f5-162,110,No_MP_1,No_MP,r7f5,1.7633706987582465,0.7914064242133406,1.0945084950198267,4.173968167097842,TRUE,saithe,FALSE,0.746,0.572,wrasse,0.1675,0.4045,saithe,37.19921142081879,0,0,saithe_0
r7f5-163,r7f5,r7f5-163,r7f5;r7f5-163,110,No_MP_1,No_MP,r7f5,1.7270181221886478,1.0579764443358948,1.2479636069220603,4.384561839420803,TRUE,wrasse,FALSE,0.122,0.8445,saithe,0.0835,0.761,wrasse,NA,NA,NA,wrasse
r7f5-164,r7f5,r7f5-164,r7f5;r7f5-164,110,No_MP_1,No_MP,r7f5,2.3804777526250613,1.1438022060413366,2.061892346013692,5.662500783164135,TRUE,saithe,TRUE,0.6695,0.4425,wrasse,0.242,0.2005,gadoids_unknown,NA,NA,NA,gadoids_unknown
r7f5-165,r7f5,r7f5-165,r7f5;r7f5-165,110,No_MP_1,No_MP,r7f5,1.8409427021776072,0.9742481208821728,1.3824239075539582,4.523262423198868,TRUE,wrasse,FALSE,0.4925,0.3895,saithe,0.359,0.03050000000000002,wrasse,NA,NA,NA,wrasse
r7f5-166,r7f5,r7f5-166,r7f5;r7f5-166,110,No_MP_1,No_MP,r7f5,1.4497542042144935,0.8972159541080621,0.9339189159191484,3.7764372857616175,TRUE,wrasse,FALSE,0.0535,0.9175,lesser_sand_eel,0.029,0.8885,wrasse,NA,NA,NA,wrasse
r7f5-167,r7f5,r7f5-167,r7f5;r7f5-167,110,No_MP_1,No_MP,r7f5,0.852216092856491,0.35413894654867695,0.235519699230536,1.9715242146052536,TRUE,saithe,FALSE,0.9175,0.718,cod,0.1385,0.5794999999999999,saithe,15.787078182127539,0,0,saithe_0
r7f5-168,r7f5,r7f5-168,r7f5;r7f5-168,77,No_MP_1,No_MP,r7f5,0.9355395916926262,0.45445955271210264,0.32761596221656053,2.2525564019334805,TRUE,saithe,TRUE,0.619,0.4585,wrasse,0.2655,0.193,gadoids_unknown,NA,NA,NA,gadoids_unknown
r7f5-169,r7f5,r7f5-169,r7f5;r7f5-169,77,No_MP_1,No_MP,r7f5,1.6385065764638287,0.7351987780485266,0.928864943088226,3.8556164786679106,TRUE,saithe,FALSE,0.7685,0.6,wrasse,0.1575,0.4425,saithe,34.26490454689997,0,0,saithe_0
r7f5-17,r7f5,r7f5-17,r7f5;r7f5-17,110,No_MP_1,No_MP,r7f5,7.027504977906918,3.0363632318045752,15.931272004125717,16.514044299687605,TRUE,poor_cod,TRUE,0.9915,0.354,haddock,0.337,0.01699999999999996,gadoids_unknown,NA,NA,NA,gadoids_unknown
r7f5-170,r7f5,r7f5-170,r7f5;r7f5-170,77,No_MP_1,No_MP,r7f5,1.6676452905046384,0.7865121161590516,0.9764659277701182,3.959782835877856,TRUE,saithe,FALSE,0.726,0.5035,wrasse,0.2045,0.29899999999999993,saithe,34.949664326859,0,0,saithe_0
r7f5-171,r7f5,r7f5-171,r7f5;r7f5-171,77,No_MP_1,No_MP,r7f5,1.528351041436827,0.6219523280603053,0.7522633967100942,3.539497074643523,TRUE,saithe,FALSE,0.9595,0.7435,cod,0.17,0.5735,saithe,31.676249473765438,0,0,saithe_0
r7f5-172,r7f5,r7f5-172,r7f5;r7f5-172,77,No_MP_1,No_MP,r7f5,1.5098059167156546,0.7089509256260094,0.807578035668402,3.5637846262165733,TRUE,saithe,FALSE,0.7555,0.583,wrasse,0.176,0.407,saithe,31.240439042817883,0,0,saithe_0
r7f5-173,r7f5,r7f5-173,r7f5;r7f5-173,77,No_MP_1,No_MP,r7f5,1.8522545594572797,0.795554824738911,1.1336542584978897,4.29847684498827,TRUE,saithe,FALSE,0.8789999999999999,0.692,cod,0.105,0.587,saithe,39.28798214724607,0,0,saithe_0
r7f5-174,r7f5,r7f5-174,r7f5;r7f5-174,77,No_MP_1,No_MP,r7f5,1.4532706463126344,0.642753641746094,0.72749329326285,3.407184193135402,TRUE,saithe,FALSE,0.7955,0.617,wrasse,0.129,0.488,saithe,29.911860188346907,0,0,saithe_0
r7f5-175,r7f5,r7f5-175,r7f5;r7f5-175,77,No_MP_1,No_MP,r7f5,1.4999130329291517,0.6399224491990495,0.7337956461461833,3.4740636770668916,TRUE,saithe,FALSE,0.9185,0.729,cod,0.1235,0.6054999999999999,saithe,31.007956273835063,0,0,saithe_0
r7f5-176,r7f5,r7f5-176,r7f5;r7f5-176,77,No_MP_1,No_MP,r7f5,1.6485962745195517,0.7099113503076637,0.902931689383108,3.8441426844949422,TRUE,saithe,FALSE,0.908,0.768,cod,0.0925,0.6755,saithe,34.50201245120946,0,0,saithe_0
r7f5-177,r7f5,r7f5-177,r7f5;r7f5-177,77,No_MP_1,No_MP,r7f5,1.6161839467058954,0.6459247239251407,0.7954241316374387,3.694645133055729,TRUE,saithe,FALSE,0.977,0.742,cod,0.191,0.5509999999999999,saithe,33.74032274758854,0,0,saithe_0
r7f5-178,r7f5,r7f5-178,r7f5;r7f5-178,77,No_MP_1,No_MP,r7f5,1.5198821923428665,0.7069382263431666,0.804119034233836,3.577662392743384,TRUE,saithe,FALSE,0.775,0.5895,wrasse,0.162,0.4275,saithe,31.47723152005736,0,0,saithe_0
r7f5-179,r7f5,r7f5-179,r7f5;r7f5-179,77,No_MP_1,No_MP,r7f5,1.273892818813353,0.8095059492076927,0.7836755381459404,3.31046449497522,TRUE,wrasse,FALSE,0.36,0.495,saithe,0.287,0.208,wrasse,NA,NA,NA,wrasse
r7f5-18,r7f5,r7f5-18,r7f5;r7f5-18,110,No_MP_1,No_MP,r7f5,5.026779786814373,2.4065570135227037,8.755031804304199,11.998494581066076,TRUE,poor_cod,FALSE,0.7575000000000001,0.53,lesser_sand_eel,0.233,0.29700000000000004,poor_cod,91.30727099140256,1,1,poor_cod_1
r7f5-180,r7f5,r7f5-180,r7f5;r7f5-180,77,No_MP_1,No_MP,r7f5,1.301011709259488,0.5946721903040746,0.5926483129139419,3.070466424943665,TRUE,saithe,FALSE,0.7505000000000001,0.5715,wrasse,0.1555,0.416,saithe,26.333775167597963,0,0,saithe_0
r7f5-181,r7f5,r7f5-181,r7f5;r7f5-181,77,No_MP_1,No_MP,r7f5,1.243831943941009,0.5812283475391603,0.5801862204223553,2.9871585031338963,TRUE,saithe,TRUE,0.52,0.4015,lesser_sand_eel,0.2575,0.14400000000000002,gadoids_unknown,NA,NA,NA,gadoids_unknown
r7f5-182,r7f5,r7f5-182,r7f5;r7f5-182,77,No_MP_1,No_MP,r7f5,1.1232035415319583,0.513169888974702,0.4674184353657369,2.703015069535125,TRUE,saithe,TRUE,0.4885,0.3855,lesser_sand_eel,0.278,0.10749999999999998,gadoids_unknown,NA,NA,NA,gadoids_unknown
r7f5-183,r7f5,r7f5-183,r7f5;r7f5-183,77,No_MP_1,No_MP,r7f5,1.3449432951685591,0.614039187234787,0.6445564408506749,3.194236254476999,TRUE,saithe,FALSE,0.7375,0.5745,wrasse,0.1615,0.413,saithe,27.36616743646114,0,0,saithe_0
r7f5-184,r7f5,r7f5-184,r7f5;r7f5-184,77,No_MP_1,No_MP,r7f5,1.3271427027456937,0.5658975654485952,0.577422488453752,3.0845004978785795,TRUE,saithe,FALSE,0.9195,0.7195,cod,0.144,0.5755,saithe,26.9478535145238,0,0,saithe_0
r7f5-185,r7f5,r7f5-185,r7f5;r7f5-185,77,No_MP_1,No_MP,r7f5,1.2704515059344472,0.5706608468095752,0.5485923244185557,2.9714413437079266,TRUE,saithe,FALSE,0.7989999999999999,0.6265,wrasse,0.14,0.48649999999999993,saithe,25.615610389459512,0,0,saithe_0
r7f5-186,r7f5,r7f5-186,r7f5;r7f5-186,77,No_MP_1,No_MP,r7f5,1.058706360798928,0.5409749473719083,0.45204904543339625,2.603266459620848,TRUE,wrasse,FALSE,0.433,0.3735,saithe,0.313,0.0605,wrasse,NA,NA,NA,wrasse
r7f5-187,r7f5,r7f5-187,r7f5;r7f5-187,77,No_MP_1,No_MP,r7f5,1.2205678944762215,0.5679799063509245,0.5596306163085767,2.940431359986072,TRUE,saithe,TRUE,0.5085,0.3875,lesser_sand_eel,0.2645,0.123,gadoids_unknown,NA,NA,NA,gadoids_unknown
r7f5-188,r7f5,r7f5-188,r7f5;r7f5-188,77,No_MP_1,No_MP,r7f5,1.2673945341943795,0.5248176332639447,0.5086883390813675,2.912314403809578,TRUE,saithe,FALSE,0.964,0.7495,cod,0.162,0.5875,saithe,25.54377155356792,0,0,saithe_0
r7f5-189,r7f5,r7f5-189,r7f5;r7f5-189,77,No_MP_1,No_MP,r7f5,1.1752456911225304,0.5630034246837161,0.5045422513912076,2.788160535047182,TRUE,saithe,FALSE,0.7065,0.5315,wrasse,0.2165,0.31499999999999995,saithe,23.378273741379466,0,0,saithe_0
r7f5-19,r7f5,r7f5-19,r7f5;r7f5-19,110,No_MP_1,No_MP,r7f5,5.63164652344159,2.8939956499693404,12.547273084501487,13.75927055455699,TRUE,poor_cod,TRUE,0.6515,0.427,lesser_sand_eel,0.3015,0.1255,gadoids_unknown,NA,NA,NA,gadoids_unknown
r7f5-190,r7f5,r7f5-190,r7f5;r7f5-190,77,No_MP_1,No_MP,r7f5,1.2828062490720962,0.601921599530059,0.5977284076816517,3.048426316129309,TRUE,saithe,FALSE,0.6910000000000001,0.509,wrasse,0.209,0.30000000000000004,saithe,25.90594685319426,0,0,saithe_0
r7f5-191,r7f5,r7f5-191,r7f5;r7f5-191,77,No_MP_1,No_MP,r7f5,1.0778972746732494,0.4846602567953753,0.398656387248307,2.524757322063377,TRUE,saithe,FALSE,0.8150000000000001,0.646,wrasse,0.1225,0.5235000000000001,saithe,21.090585954821357,0,0,saithe_0
r7f5-192,r7f5,r7f5-192,r7f5;r7f5-192,77,No_MP_1,No_MP,r7f5,0.8709414005949053,0.44434560291997527,0.3166823338927159,2.1578372126911476,TRUE,wrasse,FALSE,0.341,0.334,lesser_sand_eel,0.325,0.009,wrasse,NA,NA,NA,wrasse
r7f5-193,r7f5,r7f5-193,r7f5;r7f5-193,77,No_MP_1,No_MP,r7f5,1.5738463288786824,0.6724900911585112,0.8116471182822623,3.657501876157105,TRUE,saithe,FALSE,0.904,0.7405,cod,0.114,0.6265000000000001,saithe,32.74538872864903,0,0,saithe_0
r7f5-194,r7f5,r7f5-194,r7f5;r7f5-194,77,No_MP_1,No_MP,r7f5,1.4185475831872512,0.621830082638553,0.6947934433552823,3.330773614693201,TRUE,saithe,FALSE,0.764,0.5895,wrasse,0.1425,0.44700000000000006,saithe,29.0958682049004,0,0,saithe_0
r7f5-195,r7f5,r7f5-195,r7f5;r7f5-195,77,No_MP_1,No_MP,r7f5,1.815250532730444,0.790954008737137,1.0834252389490926,4.205035178815537,TRUE,saithe,FALSE,0.8500000000000001,0.665,wrasse,0.1015,0.5635,saithe,38.418387519165435,0,0,saithe_0
r7f5-2,r7f5,r7f5-2,r7f5;r7f5-2,110,No_MP_1,No_MP,r7f5,3.075721601601832,1.4980811788043586,3.4273344017420255,7.292992664066575,TRUE,saithe,TRUE,0.6689999999999999,0.413,wrasse,0.2435,0.16949999999999998,gadoids_unknown,NA,NA,NA,gadoids_unknown
r7f5-20,r7f5,r7f5-20,r7f5;r7f5-20,110,No_MP_1,No_MP,r7f5,4.849546064112942,2.227009735393169,7.904447488923341,11.516812021556222,TRUE,poor_cod,FALSE,0.8205,0.513,norway_pout,0.2095,0.3035,poor_cod,86.32859848699664,1,1,poor_cod_1
r7f5-21,r7f5,r7f5-21,r7f5;r7f5-21,110,No_MP_1,No_MP,r7f5,2.8760999510182605,1.5138197126910602,3.279242698220377,7.137255054991743,TRUE,saithe,TRUE,0.543,0.3705,wrasse,0.3475,0.02300000000000002,gadoids_unknown,NA,NA,NA,gadoids_unknown
r7f5-22,r7f5,r7f5-22,r7f5;r7f5-22,110,No_MP_1,No_MP,r7f5,5.266367839328637,1.9087177497549648,8.001914125990725,12.005345247342284,TRUE,saithe,TRUE,0.911,0.4835,cod,0.2785,0.20499999999999996,gadoids_unknown,NA,NA,NA,gadoids_unknown
r7f5-23,r7f5,r7f5-23,r7f5;r7f5-23,110,No_MP_1,No_MP,r7f5,4.390641894509701,1.831933561105609,6.058526329583598,10.301374233328414,TRUE,saithe,TRUE,0.9075,0.3575,norway_pout,0.291,0.0665,gadoids_unknown,NA,NA,NA,gadoids_unknown
r7f5-24,r7f5,r7f5-24,r7f5;r7f5-24,110,No_MP_1,No_MP,r7f5,4.470761178926535,2.0801150364834164,6.845418016272717,10.605114258274591,TRUE,norway_pout,TRUE,0.842,0.394,poor_cod,0.3645,0.02950000000000002,gadoids_unknown,NA,NA,NA,gadoids_unknown
r7f5-25,r7f5,r7f5-25,r7f5;r7f5-25,110,No_MP_1,No_MP,r7f5,5.0120887196111275,2.3351784649792764,8.58662144579043,11.922640341782223,TRUE,poor_cod,FALSE,0.7195,0.543,lesser_sand_eel,0.2755,0.2675,poor_cod,90.8945842225962,1,1,poor_cod_1
r7f5-26,r7f5,r7f5-26,r7f5;r7f5-26,110,No_MP_1,No_MP,r7f5,7.648037389757795,3.6985768359211018,20.683829898716244,18.290883964787643,TRUE,poor_cod,FALSE,0.991,0.954,cod,0.016,0.938,poor_cod,164.94101831568622,1,1,poor_cod_1
r7f5-27,r7f5,r7f5-27,r7f5;r7f5-27,110,No_MP_1,No_MP,r7f5,6.076481909392185,3.0794215052422764,13.876357536919407,14.866673650922731,TRUE,poor_cod,FALSE,0.9385,0.839,norway_pout,0.0765,0.7625,poor_cod,120.79445331673585,1,1,poor_cod_1
r7f5-28,r7f5,r7f5-28,r7f5;r7f5-28,110,No_MP_1,No_MP,r7f5,6.3530415110130045,3.2209781906250585,14.864500683747778,15.372181645070704,TRUE,poor_cod,FALSE,0.963,0.91,cod,0.0335,0.8765000000000001,poor_cod,128.5632890858663,1,1,poor_cod_1
r7f5-29,r7f5,r7f5-29,r7f5;r7f5-29,110,No_MP_1,No_MP,r7f5,7.490320007189564,3.590911879612031,19.80812767782552,17.940634377977716,TRUE,poor_cod,FALSE,0.996,0.947,cod,0.038,0.909,poor_cod,160.51057932196204,1,1,poor_cod_1
r7f5-3,r7f5,r7f5-3,r7f5;r7f5-3,110,No_MP_1,No_MP,r7f5,4.771867333401851,2.2209960008342757,7.793132608330478,11.29492555142207,TRUE,poor_cod,TRUE,0.7875,0.3625,saithe,0.1885,0.174,gadoids_unknown,NA,NA,NA,gadoids_unknown
r7f5-30,r7f5,r7f5-30,r7f5;r7f5-30,110,No_MP_1,No_MP,r7f5,4.439917320808499,2.2224892795764255,7.040061182253076,10.6062378840806,TRUE,poor_cod,TRUE,0.7065,0.3595,norway_pout,0.2345,0.125,gadoids_unknown,NA,NA,NA,gadoids_unknown
r7f5-31,r7f5,r7f5-31,r7f5;r7f5-31,110,No_MP_1,No_MP,r7f5,6.470097137815828,3.1171162743734193,14.81293823413021,15.595130087284018,TRUE,poor_cod,FALSE,0.977,0.9035,norway_pout,0.056,0.8474999999999999,poor_cod,131.85149869838443,1,1,poor_cod_1
r7f5-32,r7f5,r7f5-32,r7f5;r7f5-32,110,No_MP_1,No_MP,r7f5,4.463734063204174,2.3226549436831045,7.641022203807322,10.767601112951938,TRUE,poor_cod,TRUE,0.6065,0.2655,lesser_sand_eel,0.242,0.02350000000000002,gadoids_unknown,NA,NA,NA,gadoids_unknown
r7f5-33,r7f5,r7f5-33,r7f5;r7f5-33,110,No_MP_1,No_MP,r7f5,4.953571881462666,2.5720069853743968,1545.135368280429,1941.860915510811,TRUE,wrasse,FALSE,0.5529999999999999,0.233,lesser_sand_eel,0.214,0.01900000000000001,wrasse,NA,NA,NA,wrasse
r7f5-34,r7f5,r7f5-34,r7f5;r7f5-34,110,No_MP_1,No_MP,r7f5,5.051578367751358,2.0731690724803697,7.685259380343314,11.70123861490046,TRUE,saithe,TRUE,0.933,0.329,cod,0.2685,0.0605,gadoids_unknown,NA,NA,NA,gadoids_unknown
r7f5-35,r7f5,r7f5-35,r7f5;r7f5-35,110,No_MP_1,No_MP,r7f5,5.2199799075017275,2.754393104101657,10.586490005191774,12.72513555342205,TRUE,poor_cod,TRUE,0.581,0.3795,lesser_sand_eel,0.369,0.01050000000000001,gadoids_unknown,NA,NA,NA,gadoids_unknown
r7f5-36,r7f5,r7f5-36,r7f5;r7f5-36,110,No_MP_1,No_MP,r7f5,5.014135019857166,2.4165263305519926,8.605914705319526,11.887331067515309,TRUE,poor_cod,FALSE,0.7345,0.5425,lesser_sand_eel,0.255,0.2875,poor_cod,90.95206684280765,1,1,poor_cod_1
r7f5-37,r7f5,r7f5-37,r7f5;r7f5-37,110,No_MP_1,No_MP,r7f5,5.845198029874184,2.07235412944108,9.297756520862324,13.096880519053505,TRUE,saithe,FALSE,0.973,0.536,cod,0.295,0.24100000000000005,saithe,133.7023487189318,1,1,saithe_1
r7f5-38,r7f5,r7f5-38,r7f5;r7f5-38,110,No_MP_1,No_MP,r7f5,5.063360328678809,2.3726745963440523,8.657620279901614,11.958913186455533,TRUE,poor_cod,TRUE,0.726,0.4715,lesser_sand_eel,0.263,0.20849999999999996,gadoids_unknown,NA,NA,NA,gadoids_unknown
r7f5-39,r7f5,r7f5-39,r7f5;r7f5-39,110,No_MP_1,No_MP,r7f5,5.24393194973428,1.918362071382199,7.913763079768235,11.958357060335748,TRUE,saithe,FALSE,0.939,0.5885,norway_pout,0.15,0.4385,saithe,118.99240081875557,0,0,saithe_0
r7f5-4,r7f5,r7f5-4,r7f5;r7f5-4,110,No_MP_1,No_MP,r7f5,4.8727391170058265,2.244746074631748,8.336002750840024,11.587723686450984,TRUE,lesser_sand_eel,FALSE,0.4795,0.507,poor_cod,0.2615,0.2455,lesser_sand_eel,257.3151530068139,NA,NA,lesser_sand_eel
r7f5-40,r7f5,r7f5-40,r7f5;r7f5-40,110,No_MP_1,No_MP,r7f5,5.401929676113336,2.71904509336325,11.111601021841338,13.05671613201394,TRUE,poor_cod,TRUE,0.627,0.415,lesser_sand_eel,0.343,0.07199999999999995,gadoids_unknown,NA,NA,NA,gadoids_unknown
r7f5-41,r7f5,r7f5-41,r7f5;r7f5-41,110,No_MP_1,No_MP,r7f5,5.2133888723716115,1.8954269669816923,7.874651691277537,12.02564602285353,TRUE,saithe,TRUE,0.819,0.4905,cod,0.179,0.3115,gadoids_unknown,NA,NA,NA,gadoids_unknown
r7f5-42,r7f5,r7f5-42,r7f5;r7f5-42,110,No_MP_1,No_MP,r7f5,5.4149098439736045,2.699567504070432,11.162008543331826,13.109212444966424,TRUE,lesser_sand_eel,FALSE,0.5690000000000001,0.3875,poor_cod,0.3425,0.04499999999999998,lesser_sand_eel,285.12580044662604,NA,NA,lesser_sand_eel
r7f5-43,r7f5,r7f5-43,r7f5;r7f5-43,110,No_MP_1,No_MP,r7f5,5.3974898704296645,1.878516345140272,7.819809372622872,12.119160628968578,TRUE,saithe,FALSE,0.9485,0.568,norway_pout,0.1425,0.4255,saithe,122.60101195509712,1,1,saithe_1
r7f5-44,r7f5,r7f5-44,r7f5;r7f5-44,110,No_MP_1,No_MP,r7f5,2.915146576883944,1.5618982017038867,3.3557546503879627,7.099135608848301,TRUE,wrasse,FALSE,0.4985,0.405,saithe,0.319,0.08600000000000002,wrasse,NA,NA,NA,wrasse
r7f5-45,r7f5,r7f5-45,r7f5;r7f5-45,110,No_MP_1,No_MP,r7f5,4.882878412976367,2.3343327124009363,8.297942366844216,11.705542620584133,TRUE,poor_cod,FALSE,0.731,0.5145,lesser_sand_eel,0.259,0.25549999999999995,poor_cod,87.26493749891912,1,1,poor_cod_1
r7f5-46,r7f5,r7f5-46,r7f5;r7f5-46,110,No_MP_1,No_MP,r7f5,4.829586235061979,2.2593548457462767,7.901418903237295,11.430251316050803,TRUE,poor_cod,FALSE,0.7959999999999999,0.5305,lesser_sand_eel,0.192,0.33849999999999997,poor_cod,85.76790692912604,1,1,poor_cod_1
r7f5-47,r7f5,r7f5-47,r7f5;r7f5-47,110,No_MP_1,No_MP,r7f5,5.469772082707323,2.617433709595577,9.971311724428489,12.909865965156271,TRUE,poor_cod,TRUE,0.7615,0.4985,lesser_sand_eel,0.224,0.27449999999999997,gadoids_unknown,NA,NA,NA,gadoids_unknown
r7f5-48,r7f5,r7f5-48,r7f5;r7f5-48,110,No_MP_1,No_MP,r7f5,4.792557701817443,2.309864510108405,7.849409974119037,11.405110979449764,TRUE,poor_cod,FALSE,0.847,0.5115,norway_pout,0.2835,0.228,poor_cod,84.72773840175378,1,1,poor_cod_1
r7f5-49,r7f5,r7f5-49,r7f5;r7f5-49,110,No_MP_1,No_MP,r7f5,4.424069375649508,2.012394980109264,6.443244693583591,10.440075467026356,TRUE,norway_pout,FALSE,0.943,0.6875,poor_cod,0.185,0.5025,norway_pout,88.00737610792478,NA,NA,norway_pout
r7f5-5,r7f5,r7f5-5,r7f5;r7f5-5,110,No_MP_1,No_MP,r7f5,5.91594372505594,2.3062836441867423,10.52723741997088,13.586082029130136,TRUE,cod,TRUE,0.9815,0.457,saithe,0.447,0.01,gadoids_unknown,NA,NA,NA,gadoids_unknown
r7f5-50,r7f5,r7f5-50,r7f5;r7f5-50,110,No_MP_1,No_MP,r7f5,6.641050307191374,2.362889106516705,11.926874748724217,14.888575175133967,TRUE,saithe,FALSE,0.9965,0.5665,cod,0.2225,0.344,saithe,162.53933329072606,1,1,saithe_1
r7f5-51,r7f5,r7f5-51,r7f5;r7f5-51,110,No_MP_1,No_MP,r7f5,4.414627579633413,2.1023655588548857,6.495200006356747,10.436850651602631,TRUE,norway_pout,FALSE,0.8985,0.5485,poor_cod,0.3005,0.248,norway_pout,87.72863540593761,NA,NA,norway_pout
r7f5-52,r7f5,r7f5-52,r7f5;r7f5-52,110,No_MP_1,No_MP,r7f5,4.8413409564966665,2.272442230392226,7.797246001122071,11.431243459456486,TRUE,poor_cod,TRUE,0.861,0.444,norway_pout,0.3585,0.08550000000000002,gadoids_unknown,NA,NA,NA,gadoids_unknown
r7f5-53,r7f5,r7f5-53,r7f5;r7f5-53,110,No_MP_1,No_MP,r7f5,1.4711109309917416,0.6550750868306611,0.7326909705912653,3.4277628955123265,TRUE,saithe,FALSE,0.7979999999999999,0.572,wrasse,0.1405,0.43149999999999994,saithe,30.331106878305924,0,0,saithe_0
r7f5-54,r7f5,r7f5-54,r7f5;r7f5-54,110,No_MP_1,No_MP,r7f5,1.9343878021568632,0.8036523293265253,1.1652830052478471,4.438872511835413,TRUE,saithe,FALSE,0.9625,0.7355,cod,0.186,0.5495000000000001,saithe,41.21811335068628,0,0,saithe_0
r7f5-55,r7f5,r7f5-55,r7f5;r7f5-55,110,No_MP_1,No_MP,r7f5,1.9882397827889584,0.8140274578284561,1.2496746986868394,4.578304666933237,TRUE,saithe,FALSE,0.965,0.7595,cod,0.166,0.5934999999999999,saithe,42.48363489554052,0,0,saithe_0
r7f5-56,r7f5,r7f5-56,r7f5;r7f5-56,110,No_MP_1,No_MP,r7f5,1.847184764253356,0.7872463377543671,1.0823378843102769,4.253586457803862,TRUE,saithe,FALSE,0.8815,0.6815,cod,0.1385,0.5429999999999999,saithe,39.168841959953866,0,0,saithe_0
r7f5-57,r7f5,r7f5-57,r7f5;r7f5-57,110,No_MP_1,No_MP,r7f5,1.6359588919638306,0.7226272333831425,0.8929788249384667,3.8077445998150368,TRUE,saithe,FALSE,0.8305,0.622,wrasse,0.1165,0.5055,saithe,34.205033961150015,0,0,saithe_0
r7f5-58,r7f5,r7f5-58,r7f5;r7f5-58,110,No_MP_1,No_MP,r7f5,1.4920075752964643,0.6572915145163284,0.7498587186437414,3.4759393169912274,TRUE,saithe,FALSE,0.8185,0.618,wrasse,0.124,0.494,saithe,30.82217801946691,0,0,saithe_0
r7f5-59,r7f5,r7f5-59,r7f5;r7f5-59,110,No_MP_1,No_MP,r7f5,1.8233222396351576,0.7800247580047663,1.064435554187346,4.205908004205071,TRUE,saithe,FALSE,0.931,0.7265,cod,0.1345,0.5920000000000001,saithe,38.608072631426204,0,0,saithe_0
r7f5-6,r7f5,r7f5-6,r7f5;r7f5-6,110,No_MP_1,No_MP,r7f5,4.683881825803304,2.2011874621496728,7.383666186492276,11.068697271702437,TRUE,poor_cod,TRUE,0.797,0.445,norway_pout,0.2505,0.1945,gadoids_unknown,NA,NA,NA,gadoids_unknown
r7f5-60,r7f5,r7f5-60,r7f5;r7f5-60,110,No_MP_1,No_MP,r7f5,2.001808484790391,0.8105023341769388,1.2187869461691785,4.568930465466469,TRUE,saithe,FALSE,0.977,0.768,cod,0.168,0.6,saithe,42.802499392574184,0,0,saithe_0
r7f5-61,r7f5,r7f5-61,r7f5;r7f5-61,110,No_MP_1,No_MP,r7f5,1.967006490188791,0.7452177856656063,1.119740026494352,4.455531874879836,TRUE,saithe,FALSE,0.979,0.793,cod,0.147,0.646,saithe,41.98465251943659,0,0,saithe_0
r7f5-62,r7f5,r7f5-62,r7f5;r7f5-62,110,No_MP_1,No_MP,r7f5,1.857368606360955,0.7884538535157162,1.0912724041227122,4.267410399934667,TRUE,saithe,FALSE,0.775,0.525,wrasse,0.204,0.32100000000000006,saithe,39.40816224948244,0,0,saithe_0
r7f5-63,r7f5,r7f5-63,r7f5;r7f5-63,110,No_MP_1,No_MP,r7f5,1.3573323074731838,0.5886057411965298,0.6076261097027177,3.1466595484265927,TRUE,saithe,FALSE,0.8705,0.7025,cod,0.0845,0.618,saithe,27.65730922561982,0,0,saithe_0
r7f5-64,r7f5,r7f5-64,r7f5;r7f5-64,110,No_MP_1,No_MP,r7f5,1.303249218934503,0.5986191023808229,0.5936058204048961,3.064548519660649,TRUE,saithe,FALSE,0.783,0.6005,wrasse,0.1515,0.44900000000000007,saithe,26.38635664496082,0,0,saithe_0
r7f5-65,r7f5,r7f5-65,r7f5;r7f5-65,110,No_MP_1,No_MP,r7f5,1.9738746870541872,0.7989357303260166,1.186559064162395,4.511711608597709,TRUE,saithe,FALSE,0.9755,0.742,cod,0.1955,0.5465,saithe,42.146055145773396,0,0,saithe_0
r7f5-66,r7f5,r7f5-66,r7f5;r7f5-66,110,No_MP_1,No_MP,r7f5,1.6809200955648118,0.7020714927437118,0.891480335162236,3.856509387316845,TRUE,saithe,FALSE,0.9645,0.748,cod,0.163,0.585,saithe,35.261622245773076,0,0,saithe_0
r7f5-67,r7f5,r7f5-67,r7f5;r7f5-67,110,No_MP_1,No_MP,r7f5,1.540043052100876,0.6635020900562686,0.7720224310747849,3.565235358923271,TRUE,saithe,FALSE,0.908,0.729,cod,0.113,0.616,saithe,31.951011724370588,0,0,saithe_0
r7f5-68,r7f5,r7f5-68,r7f5;r7f5-68,110,No_MP_1,No_MP,r7f5,0.955426028787103,0.3148438895123511,0.254345944903232,2.185106238664434,TRUE,saithe,FALSE,0.916,0.804,lesser_sand_eel,0.0625,0.7415,saithe,18.212511676496923,0,0,saithe_0
r7f5-69,r7f5,r7f5-69,r7f5;r7f5-69,110,No_MP_1,No_MP,r7f5,0.91004392660898,0.39743936278954795,0.2808038650125128,2.1293854133648193,TRUE,saithe,FALSE,0.808,0.6245,wrasse,0.125,0.49950000000000006,saithe,17.14603227531103,0,0,saithe_0
r7f5-7,r7f5,r7f5-7,r7f5;r7f5-7,110,No_MP_1,No_MP,r7f5,4.711240816483881,2.241902471817008,7.349370726141449,11.0379594881731,TRUE,poor_cod,TRUE,0.7755,0.361,norway_pout,0.321,0.03999999999999998,gadoids_unknown,NA,NA,NA,gadoids_unknown
r7f5-70,r7f5,r7f5-70,r7f5;r7f5-70,110,No_MP_1,No_MP,r7f5,1.3951294847361757,0.5718091509909444,0.6110504457907641,3.2006419364492915,TRUE,saithe,FALSE,0.965,0.734,cod,0.185,0.5489999999999999,saithe,28.54554289130013,0,0,saithe_0
r7f5-71,r7f5,r7f5-71,r7f5;r7f5-71,110,No_MP_1,No_MP,r7f5,1.132843223135445,0.7363141342142776,0.6098742755330123,2.954243736493302,TRUE,wrasse,FALSE,0.076,0.9005,saithe,0.049,0.8514999999999999,wrasse,NA,NA,NA,wrasse
r7f5-72,r7f5,r7f5-72,r7f5;r7f5-72,110,No_MP_1,No_MP,r7f5,1.2870282901800745,0.5264353746118233,0.517816585378794,2.9473380943011787,TRUE,saithe,FALSE,0.9575,0.6955,cod,0.2035,0.492,saithe,26.00516481923175,0,0,saithe_0
r7f5-73,r7f5,r7f5-73,r7f5;r7f5-73,110,No_MP_1,No_MP,r7f5,1.1612848578776318,0.4822941741525256,0.4421352349532859,2.703268269806372,TRUE,saithe,FALSE,0.9065,0.743,cod,0.1085,0.6345,saithe,23.05019416012435,0,0,saithe_0
r7f5-74,r7f5,r7f5-74,r7f5;r7f5-74,110,No_MP_1,No_MP,r7f5,1.2717029328581506,0.5766199446509347,0.5483497799603506,2.9734099390029716,TRUE,saithe,FALSE,0.8135,0.6295,wrasse,0.122,0.5075,saithe,25.645018922166543,0,0,saithe_0
r7f5-75,r7f5,r7f5-75,r7f5;r7f5-75,110,No_MP_1,No_MP,r7f5,1.3651222682587227,0.5792332683034048,0.6076697020897921,3.1676837097264525,TRUE,saithe,FALSE,0.921,0.762,cod,0.113,0.649,saithe,27.840373304079982,0,0,saithe_0
r7f5-76,r7f5,r7f5-76,r7f5;r7f5-76,110,No_MP_1,No_MP,r7f5,1.1918345907130732,0.5530380749518728,0.5100507516893762,2.821717533838432,TRUE,saithe,FALSE,0.7315,0.5465,wrasse,0.188,0.3585,saithe,23.76811288175722,0,0,saithe_0
r7f5-77,r7f5,r7f5-77,r7f5;r7f5-77,110,No_MP_1,No_MP,r7f5,1.3455409645412342,0.5634703804301141,0.5855179573020276,3.1114981079110704,TRUE,saithe,FALSE,0.9265,0.712,cod,0.1575,0.5545,saithe,27.380212666719004,0,0,saithe_0
r7f5-78,r7f5,r7f5-78,r7f5;r7f5-78,110,No_MP_1,No_MP,r7f5,1.611844330886323,0.6584683299479841,0.8064299866373903,3.6979994150392472,TRUE,saithe,FALSE,0.973,0.7715,cod,0.1545,0.617,saithe,33.63834177582859,0,0,saithe_0
r7f5-79,r7f5,r7f5-79,r7f5;r7f5-79,110,No_MP_1,No_MP,r7f5,1.3940827394183006,0.5589772685980227,0.5707026221154257,3.161239022493049,TRUE,saithe,FALSE,0.814,0.621,wrasse,0.1795,0.4415,saithe,28.520944376330064,0,0,saithe_0
r7f5-8,r7f5,r7f5-8,r7f5;r7f5-8,110,No_MP_1,No_MP,r7f5,6.606148970809436,3.260616127971119,15.70225923543496,16.094030856664528,TRUE,poor_cod,FALSE,0.951,0.8145,norway_pout,0.0675,0.747,poor_cod,135.67333073900787,1,1,poor_cod_1
r7f5-80,r7f5,r7f5-80,r7f5;r7f5-80,110,No_MP_1,No_MP,r7f5,1.0063684499296466,0.4518448913777056,0.35160402798836066,2.3696550892257404,TRUE,saithe,FALSE,0.7785000000000001,0.6025,wrasse,0.145,0.4575,saithe,19.409658573346697,0,0,saithe_0
r7f5-81,r7f5,r7f5-81,r7f5;r7f5-81,110,No_MP_1,No_MP,r7f5,0.8992591469934702,0.44881318606344134,0.33162319135141977,2.2374682033844375,TRUE,lesser_sand_eel,FALSE,0.364,0.3325,saithe,0.3035,0.02900000000000002,lesser_sand_eel,53.49549794503005,NA,NA,lesser_sand_eel
r7f5-82,r7f5,r7f5-82,r7f5;r7f5-82,110,No_MP_1,No_MP,r7f5,1.1576062912184604,0.48045901297381666,0.4176492991017581,2.656064131915688,TRUE,saithe,FALSE,0.9205,0.706,cod,0.1725,0.5335,saithe,22.96374784363382,0,0,saithe_0
r7f5-83,r7f5,r7f5-83,r7f5;r7f5-83,110,No_MP_1,No_MP,r7f5,0.9655018514544054,0.44477129955593825,0.3277343629632063,2.271250094397097,TRUE,saithe,FALSE,0.7589999999999999,0.573,wrasse,0.172,0.401,saithe,18.449293509178524,0,0,saithe_0
r7f5-84,r7f5,r7f5-84,r7f5;r7f5-84,110,No_MP_1,No_MP,r7f5,1.1055149789310907,0.48817942861782626,0.41955214479547986,2.595459359842619,TRUE,saithe,FALSE,0.806,0.642,wrasse,0.1275,0.5145,saithe,21.73960200488063,0,0,saithe_0
r7f5-85,r7f5,r7f5-85,r7f5;r7f5-85,110,No_MP_1,No_MP,r7f5,0.9008846479222608,0.43980550635033017,0.3070496998243416,2.1645755753844407,TRUE,saithe,TRUE,0.632,0.468,wrasse,0.262,0.206,gadoids_unknown,NA,NA,NA,gadoids_unknown
r7f5-86,r7f5,r7f5-86,r7f5;r7f5-86,110,No_MP_1,No_MP,r7f5,0.8984137717641074,0.43452933935708826,0.2979643896727815,2.1391763626927496,TRUE,saithe,TRUE,0.665,0.486,wrasse,0.258,0.228,gadoids_unknown,NA,NA,NA,gadoids_unknown
r7f5-87,r7f5,r7f5-87,r7f5;r7f5-87,110,No_MP_1,No_MP,r7f5,1.0441508345775457,0.4673832728313512,0.3733962676587325,2.4471415377096952,TRUE,saithe,FALSE,0.8095,0.6305,wrasse,0.1255,0.5049999999999999,saithe,20.297544612572324,0,0,saithe_0
r7f5-88,r7f5,r7f5-88,r7f5;r7f5-88,110,No_MP_1,No_MP,r7f5,1.03216751629168,0.42543954424142394,0.3365917278045684,2.3780409773600657,TRUE,saithe,FALSE,0.954,0.718,cod,0.199,0.5189999999999999,saithe,20.015936632854476,0,0,saithe_0
r7f5-89,r7f5,r7f5-89,r7f5;r7f5-89,110,No_MP_1,No_MP,r7f5,0.8257513891116601,0.38104319989451946,0.24300430220709127,1.9453546143878255,TRUE,saithe,FALSE,0.7345,0.523,wrasse,0.19,0.333,saithe,15.165157644124013,0,0,saithe_0
r7f5-9,r7f5,r7f5-9,r7f5;r7f5-9,110,No_MP_1,No_MP,r7f5,6.706552570459677,2.8834711810643947,14.557811759771642,15.758446945494844,TRUE,haddock,TRUE,0.9905,0.3845,poor_cod,0.326,0.05849999999999999,gadoids_unknown,NA,NA,NA,gadoids_unknown
r7f5-90,r7f5,r7f5-90,r7f5;r7f5-90,110,No_MP_1,No_MP,r7f5,0.8920336163272726,0.3878042835345706,0.26510367522787637,2.0756737950798043,TRUE,saithe,FALSE,0.841,0.6765,wrasse,0.1015,0.575,saithe,16.72278998369091,0,0,saithe_0
r7f5-91,r7f5,r7f5-91,r7f5;r7f5-91,110,No_MP_1,No_MP,r7f5,1.0491549646602338,0.4672431040856111,0.3716621808713256,2.449475040894016,TRUE,saithe,FALSE,0.8119999999999999,0.6375,wrasse,0.1255,0.512,saithe,20.415141669515492,0,0,saithe_0
r7f5-92,r7f5,r7f5-92,r7f5;r7f5-92,110,No_MP_1,No_MP,r7f5,1.1002995801350814,0.46122329255623473,0.38223414323197347,2.533443967150361,TRUE,saithe,FALSE,0.9635,0.77,cod,0.1445,0.6255000000000001,saithe,21.617040133174413,0,0,saithe_0
r7f5-93,r7f5,r7f5-93,r7f5;r7f5-93,110,No_MP_1,No_MP,r7f5,1.5215694986621977,0.5798466598998754,0.6694703747805069,3.47318939187733,TRUE,saithe,FALSE,0.978,0.835,cod,0.112,0.723,saithe,31.516883218561645,0,0,saithe_0
r7f5-94,r7f5,r7f5-94,r7f5;r7f5-94,110,No_MP_1,No_MP,r7f5,1.4679936807975495,0.6088119704317457,0.6867866839190324,3.388089142984468,TRUE,saithe,FALSE,0.9635,0.7285,cod,0.1955,0.533,saithe,30.25785149874241,0,0,saithe_0
r7f5-95,r7f5,r7f5-95,r7f5;r7f5-95,110,No_MP_1,No_MP,r7f5,1.5257468128819287,0.6354248835657343,0.7217440198188034,3.4893925771064755,TRUE,saithe,FALSE,0.911,0.701,cod,0.1665,0.5345,saithe,31.61505010272532,0,0,saithe_0
r7f5-96,r7f5,r7f5-96,r7f5;r7f5-96,110,No_MP_1,No_MP,r7f5,1.416175562850892,0.5797862046162766,0.62427147590023635,3.2448322438552553,TRUE,saithe,FALSE,0.966,0.7425,cod,0.18,0.5625,saithe,29.04012572699596,0,0,saithe_0
r7f5-97,r7f5,r7f5-97,r7f5;r7f5-97,110,No_MP_1,No_MP,r7f5,1.3046173133510115,0.5172926853739093,0.5079951656045072,2.9654016114399404,TRUE,saithe,FALSE,0.918,0.7175,cod,0.153,0.5645,saithe,26.418506863748767,0,0,saithe_0
r7f5-98,r7f5,r7f5-98,r7f5;r7f5-98,110,No_MP_1,No_MP,r7f5,1.4031938429953037,0.6074751007931907,0.6313431323059401,3.2322225317689033,TRUE,saithe,FALSE,0.8005,0.603,wrasse,0.172,0.431,saithe,28.735055310389633,0,0,saithe_0
r7f5-99,r7f5,r7f5-99,r7f5;r7f5-99,110,No_MP_1,No_MP,r7f5,1.4262821418604072,0.580648716008306,0.6417533628131236,3.2754624987929186,TRUE,saithe,FALSE,0.957,0.6975,cod,0.217,0.4805,saithe,29.27763033371957,0,0,saithe_0
f3r4-1,f3r4,f3r4-1,f3r4;f3r4-1,110,No_MP_2,No_MP,f3r4,7.353300049892699,2.5338882960459075,14.146812547555992,16.457576224932165,TRUE,haddock,TRUE,0.999,0.352,cod,0.319,0.03299999999999997,gadoids_unknown,NA,NA,NA,gadoids_unknown
f3r4-10,f3r4,f3r4-10,f3r4;f3r4-10,110,No_MP_2,No_MP,f3r4,4.232580340747305,1.655958891997292,5.061663271917664,9.852365593295543,TRUE,saithe,FALSE,0.975,0.5645,norway_pout,0.246,0.3185,saithe,95.22563800756167,0,0,saithe_0
f3r4-11,f3r4,f3r4-11,f3r4;f3r4-11,110,No_MP_2,No_MP,f3r4,5.34841403942906,2.1851156298184424,9.130684192239602,12.605558434983264,TRUE,saithe,TRUE,0.71,0.362,lesser_sand_eel,0.283,0.07900000000000001,gadoids_unknown,NA,NA,NA,gadoids_unknown
f3r4-12,f3r4,f3r4-12,f3r4;f3r4-12,110,No_MP_2,No_MP,f3r4,4.749127071584685,1.7470770785462006,6.114935418920121,10.940597108786022,TRUE,saithe,TRUE,0.973,0.4895,norway_pout,0.2815,0.208,gadoids_unknown,NA,NA,NA,gadoids_unknown
f3r4-13,f3r4,f3r4-13,f3r4;f3r4-13,110,No_MP_2,No_MP,f3r4,6.043347975081292,2.2760489929024423,10.42631452410307,13.67977346478902,TRUE,saithe,FALSE,0.988,0.5,cod,0.389,0.111,saithe,140.69897907421475,1,1,saithe_1
f3r4-14,f3r4,f3r4-14,f3r4;f3r4-14,110,No_MP_2,No_MP,f3r4,4.402661485335761,1.6675063610668612,5.312599664850589,10.214146918051917,TRUE,saithe,TRUE,0.9485,0.4755,norway_pout,0.29,0.1855,gadoids_unknown,NA,NA,NA,gadoids_unknown
f3r4-15,f3r4,f3r4-15,f3r4;f3r4-15,110,No_MP_2,No_MP,f3r4,4.634287825782171,1.58621607698258,5.395781439228829,10.511288358368816,TRUE,saithe,FALSE,0.968,0.553,norway_pout,0.2225,0.3305,saithe,104.66576390588102,0,0,saithe_0
f3r4-16,f3r4,f3r4-16,f3r4;f3r4-16,110,No_MP_2,No_MP,f3r4,5.586034129085035,2.1456818055986897,8.992718765328583,12.694267295878335,TRUE,saithe,TRUE,0.97,0.4815,cod,0.366,0.1155,gadoids_unknown,NA,NA,NA,gadoids_unknown
f3r4-17,f3r4,f3r4-17,f3r4;f3r4-17,110,No_MP_2,No_MP,f3r4,4.83201077662764,1.9056832424351808,6.86121559443452,11.326240109547802,TRUE,saithe,TRUE,0.9055,0.3265,cod,0.2425,0.08400000000000002,gadoids_unknown,NA,NA,NA,gadoids_unknown
f3r4-18,f3r4,f3r4-18,f3r4;f3r4-18,110,No_MP_2,No_MP,f3r4,4.670560041312443,1.743256908009877,5.593302159462859,10.662211727442353,TRUE,saithe,TRUE,0.7875000000000001,0.278,norway_pout,0.263,0.01500000000000001,gadoids_unknown,NA,NA,NA,gadoids_unknown
f3r4-19,f3r4,f3r4-19,f3r4;f3r4-19,110,No_MP_2,No_MP,f3r4,4.437681477467643,2.0163294777797023,7.054750727559557,10.89222403517478,TRUE,lesser_sand_eel,FALSE,0.5115000000000001,0.4215,norway_pout,0.2225,0.199,lesser_sand_eel,234.99887138670272,NA,NA,lesser_sand_eel
f3r4-2,f3r4,f3r4-2,f3r4;f3r4-2,110,No_MP_2,No_MP,f3r4,8.053793520131084,2.780785764311351,17.5098504095167,18.168766521403715,TRUE,saithe,FALSE,0.9655,0.58,cod,0.2985,0.2815,saithe,218.33178589787605,1,1,saithe_1
f3r4-20,f3r4,f3r4-20,f3r4;f3r4-20,110,No_MP_2,No_MP,f3r4,4.156635200809066,1.5796132516072183,4.466577141140675,9.35548987432957,TRUE,saithe,TRUE,0.785,0.401,norway_pout,0.2015,0.1995,gadoids_unknown,NA,NA,NA,gadoids_unknown
f3r4-21,f3r4,f3r4-21,f3r4;f3r4-21,110,No_MP_2,No_MP,f3r4,3.064639940763923,1.306759710067994,3.0232176158965856,7.328791700232554,TRUE,saithe,FALSE,0.9565,0.7655,norway_pout,0.077,0.6885,saithe,67.77903860795219,0,0,saithe_0
f3r4-22,f3r4,f3r4-22,f3r4;f3r4-22,110,No_MP_2,No_MP,f3r4,1.4081056166296115,0.6181522577838843,0.715106427385301,3.3632974845982537,TRUE,saithe,TRUE,0.5455,0.416,lesser_sand_eel,0.256,0.15999999999999998,gadoids_unknown,NA,NA,NA,gadoids_unknown
f3r4-3,f3r4,f3r4-3,f3r4;f3r4-3,110,No_MP_2,No_MP,f3r4,7.178312411325106,2.540813373644037,13.485493548724294,16.031459186250377,TRUE,cod,FALSE,0.9995,0.505,saithe,0.2845,0.22050000000000003,cod,161.49133051013538,1,1,cod_1
f3r4-4,f3r4,f3r4-4,f3r4;f3r4-4,110,No_MP_2,No_MP,f3r4,6.387344929235376,2.345454439874501,11.699683726941156,14.49672452574349,TRUE,cod,FALSE,0.991,0.517,saithe,0.4015,0.1155,cod,143.74202021204184,0,0,cod_0
f3r4-5,f3r4,f3r4-5,f3r4;f3r4-5,110,No_MP_2,No_MP,f3r4,6.303048031139871,2.1717690952966917,10.592702726191629,14.115304808654129,TRUE,saithe,FALSE,0.9885,0.5965,cod,0.2705,0.326,saithe,150.05437391349952,1,1,saithe_1
f3r4-6,f3r4,f3r4-6,f3r4;f3r4-6,110,No_MP_2,No_MP,f3r4,5.504575817348282,2.2375930348559727,9.847977325863566,12.98155762270036,TRUE,saithe,TRUE,0.6855,0.363,lesser_sand_eel,0.3135,0.04949999999999999,gadoids_unknown,NA,NA,NA,gadoids_unknown
f3r4-7,f3r4,f3r4-7,f3r4;f3r4-7,110,No_MP_2,No_MP,f3r4,6.957601662415081,2.5299497374937885,13.745452031578717,15.772377403641178,TRUE,saithe,FALSE,0.995,0.5115,cod,0.285,0.2265,saithe,174.5417571626099,1,1,saithe_1
f3r4-8,f3r4,f3r4-8,f3r4;f3r4-8,110,No_MP_2,No_MP,f3r4,8.112748294874963,3.010102232077116,18.315927946601768,18.47972463088022,TRUE,saithe,FALSE,0.997,0.5635,cod,0.23,0.3335,saithe,220.78179429167707,1,1,saithe_1
f3r4-9,f3r4,f3r4-9,f3r4;f3r4-9,110,No_MP_2,No_MP,f3r4,6.4300881052772345,2.181694130100649,10.95251737116346,14.391038050567726,TRUE,saithe,FALSE,0.99,0.5735,haddock,0.2235,0.35,saithe,154.7063389845325,1,1,saithe_1
