Fish_ID,picname,category,sample_group,model_predicted_species,predicted_species,top_probability,second_species,second_probability,probability_margin,gadoid_probability,uncertain_gadoid
r9f5-2,r9f5-2,MP,r9f5,saithe,gadoids_unknown,0.2195,poor_cod,0.2065,0.013000000000000012,0.667,TRUE
r7f5-32,r7f5-32,No_MP,r7f5,poor_cod,gadoids_unknown,0.2655,lesser_sand_eel,0.242,0.02350000000000002,0.6065,TRUE
f2r3-2,f2r3-2,No_MP,f2r3,saithe,gadoids_unknown,0.271,poor_cod,0.256,0.015000000000000013,0.667,TRUE
f3r4-18,f3r4-18,No_MP,f3r4,saithe,gadoids_unknown,0.278,norway_pout,0.263,0.015000000000000013,0.7875000000000001,TRUE
f1r1-20,f1r1-20,No_MP,f1r1,cod,gadoids_unknown,0.2855,saithe,0.2795,0.00599999999999995,0.9065,TRUE
f2r3-1,f2r3-1,No_MP,f2r3,saithe,gadoids_unknown,0.286,wrasse,0.2765,0.009499999999999953,0.648,TRUE
f2r3-14,f2r3-14,No_MP,f2r3,saithe,gadoids_unknown,0.2925,norway_pout,0.279,0.013499999999999956,0.8945000000000001,TRUE
f2r3-18,f2r3-18,No_MP,f2r3,saithe,gadoids_unknown,0.295,poor_cod,0.2465,0.04849999999999999,0.6775,TRUE
f3r1-41,f3r1-41,No_MP,f3r1,norway_pout,gadoids_unknown,0.2955,haddock,0.2915,0.0040000000000000036,0.978,TRUE
f4r5-175,f4r5-175,No_MP,f4r5,saithe,gadoids_unknown,0.2965,lesser_sand_eel,0.2615,0.034999999999999976,0.479,TRUE
f1r1-7,f1r1-7,No_MP,f1r1,norway_pout,gadoids_unknown,0.297,poor_cod,0.276,0.020999999999999963,0.781,TRUE
f1r9-60,f1r9-60,No_MP,f1r9,saithe,gadoids_unknown,0.2995,norway_pout,0.2395,0.06,0.782,TRUE
r9f5-3,r9f5-3,MP,r9f5,saithe,gadoids_unknown,0.3005,poor_cod,0.168,0.13249999999999998,0.7015,TRUE
f1r1-24,f1r1-24,No_MP,f1r1,saithe,gadoids_unknown,0.309,norway_pout,0.2915,0.017500000000000016,0.9295,TRUE
f3r1-23,f3r1-23,No_MP,f3r1,norway_pout,gadoids_unknown,0.313,haddock,0.301,0.01200000000000001,0.9825,TRUE
f3r8-8,f3r8-8,MP,f3r8,saithe,gadoids_unknown,0.3155,lesser_sand_eel,0.286,0.029500000000000026,0.5265,TRUE
f4r5-219,f4r5-219,No_MP,f4r5,saithe,gadoids_unknown,0.317,wrasse,0.3075,0.009500000000000008,0.5855,TRUE
f3r1-27,f3r1-27,No_MP,f3r1,haddock,gadoids_unknown,0.3235,norway_pout,0.2075,0.11600000000000002,0.9105,TRUE
f3r4-17,f3r4-17,No_MP,f3r4,saithe,gadoids_unknown,0.3265,cod,0.2425,0.08400000000000002,0.9055,TRUE
f3r1-11,f3r1-11,No_MP,f3r1,saithe,gadoids_unknown,0.327,wrasse,0.209,0.11800000000000002,0.6665,TRUE
r7f5-152,r7f5-152,No_MP,r7f5,saithe,gadoids_unknown,0.329,lesser_sand_eel,0.2885,0.040500000000000036,0.462,TRUE
r7f5-34,r7f5-34,No_MP,r7f5,saithe,gadoids_unknown,0.329,cod,0.2685,0.0605,0.933,TRUE
f4r1-7,f4r1-7,No_MP,f4r1,haddock,gadoids_unknown,0.3295,saithe,0.3235,0.006000000000000005,0.9585,TRUE
f4r3-148,f4r3-148,MP,f4r3,saithe,gadoids_unknown,0.3375,wrasse,0.299,0.038500000000000034,0.624,TRUE
f3r8-7,f3r8-7,MP,f3r8,saithe,gadoids_unknown,0.339,wrasse,0.213,0.12600000000000003,0.608,TRUE
r7f5-129,r7f5-129,No_MP,r7f5,saithe,gadoids_unknown,0.34,lesser_sand_eel,0.3015,0.038500000000000034,0.41650000000000004,TRUE
f1r9-64,f1r9-64,No_MP,f1r9,saithe,gadoids_unknown,0.35,cod,0.3315,0.01849999999999996,0.997,TRUE
f3r4-1,f3r4-1,No_MP,f3r4,haddock,gadoids_unknown,0.352,cod,0.319,0.032999999999999974,0.999,TRUE
r7f5-17,r7f5-17,No_MP,r7f5,poor_cod,gadoids_unknown,0.354,haddock,0.337,0.01699999999999996,0.9915,TRUE
r7f5-23,r7f5-23,No_MP,r7f5,saithe,gadoids_unknown,0.3575,norway_pout,0.291,0.0665,0.9075,TRUE
f2r3-9,f2r3-9,No_MP,f2r3,saithe,gadoids_unknown,0.3585,wrasse,0.225,0.13349999999999998,0.7015,TRUE
f3r1-26,f3r1-26,No_MP,f3r1,poor_cod,gadoids_unknown,0.3585,norway_pout,0.3095,0.04899999999999999,0.813,TRUE
r7f5-30,r7f5-30,No_MP,r7f5,poor_cod,gadoids_unknown,0.3595,norway_pout,0.2345,0.125,0.7065,TRUE
r7f5-7,r7f5-7,No_MP,r7f5,poor_cod,gadoids_unknown,0.361,norway_pout,0.321,0.03999999999999998,0.7755,TRUE
f3r4-11,f3r4-11,No_MP,f3r4,saithe,gadoids_unknown,0.362,lesser_sand_eel,0.283,0.07900000000000001,0.71,TRUE
r7f5-3,r7f5-3,No_MP,r7f5,poor_cod,gadoids_unknown,0.3625,saithe,0.1885,0.174,0.7875,TRUE
f4r3-194,f4r3-194,MP,f4r3,saithe,gadoids_unknown,0.363,wrasse,0.344,0.019000000000000017,0.5355,TRUE
f3r4-6,f3r4-6,No_MP,f3r4,saithe,gadoids_unknown,0.363,lesser_sand_eel,0.3135,0.04949999999999999,0.6855,TRUE
f4r5-171,f4r5-171,No_MP,f4r5,saithe,gadoids_unknown,0.3665,wrasse,0.352,0.014500000000000013,0.494,TRUE
r9f5-16,r9f5-16,MP,r9f5,cod,gadoids_unknown,0.3695,saithe,0.358,0.01150000000000001,0.9964999999999999,TRUE
r7f5-21,r7f5-21,No_MP,r7f5,saithe,gadoids_unknown,0.3705,wrasse,0.3475,0.02300000000000002,0.543,TRUE
f1r5-25,f1r5-25,MP,f1r5,norway_pout,gadoids_unknown,0.3755,wrasse,0.273,0.10249999999999998,0.683,TRUE
f1r1-23,f1r1-23,No_MP,f1r1,poor_cod,gadoids_unknown,0.3755,norway_pout,0.3005,0.07500000000000001,0.785,TRUE
f4r1-3,f4r1-3,No_MP,f4r1,saithe,gadoids_unknown,0.377,cod,0.3745,0.0025000000000000022,0.794,TRUE
r6f5-68,r6f5-68,MP,r6f5,cod,gadoids_unknown,0.3775,haddock,0.3215,0.055999999999999994,0.9994999999999999,TRUE
f4r7-3,f4r7-3,No_MP,f4r7,cod,gadoids_unknown,0.3775,saithe,0.3635,0.014000000000000012,0.9974999999999999,TRUE
r7f5-35,r7f5-35,No_MP,r7f5,poor_cod,gadoids_unknown,0.3795,lesser_sand_eel,0.369,0.01050000000000001,0.581,TRUE
f4r3-120,f4r3-120,MP,f4r3,saithe,gadoids_unknown,0.3815,lesser_sand_eel,0.3075,0.07400000000000001,0.4655,TRUE
r6f5-66,r6f5-66,MP,r6f5,cod,gadoids_unknown,0.3825,saithe,0.382,5.000000000000004e-4,0.9985,TRUE
r7f5-9,r7f5-9,No_MP,r7f5,haddock,gadoids_unknown,0.3845,poor_cod,0.326,0.058499999999999996,0.9905,TRUE
f1r5-59,f1r5-59,MP,f1r5,norway_pout,gadoids_unknown,0.3855,haddock,0.2335,0.152,0.9475,TRUE
r7f5-182,r7f5-182,No_MP,r7f5,saithe,gadoids_unknown,0.3855,lesser_sand_eel,0.278,0.10749999999999998,0.4885,TRUE
f2r3-3,f2r3-3,No_MP,f2r3,saithe,gadoids_unknown,0.3865,norway_pout,0.2945,0.09200000000000003,0.975,TRUE
r7f5-161,r7f5-161,No_MP,r7f5,saithe,gadoids_unknown,0.3875,wrasse,0.31,0.07750000000000001,0.5425,TRUE
r7f5-187,r7f5-187,No_MP,r7f5,saithe,gadoids_unknown,0.3875,lesser_sand_eel,0.2645,0.123,0.5085,TRUE
f1r9-63,f1r9-63,No_MP,f1r9,saithe,gadoids_unknown,0.3885,lesser_sand_eel,0.2705,0.118,0.498,TRUE
f4r3-195,f4r3-195,MP,f4r3,saithe,gadoids_unknown,0.391,wrasse,0.346,0.04500000000000004,0.584,TRUE
f1r1-5,f1r1-5,No_MP,f1r1,poor_cod,gadoids_unknown,0.391,norway_pout,0.3075,0.08350000000000002,0.7995,TRUE
f3r1-9,f3r1-9,No_MP,f3r1,saithe,gadoids_unknown,0.3925,lesser_sand_eel,0.259,0.1335,0.5375,TRUE
r9f5-27,r9f5-27,MP,r9f5,saithe,gadoids_unknown,0.3935,wrasse,0.2625,0.131,0.5255,TRUE
f2r3-8,f2r3-8,No_MP,f2r3,saithe,gadoids_unknown,0.3935,norway_pout,0.284,0.10950000000000004,0.977,TRUE
r7f5-24,r7f5-24,No_MP,r7f5,norway_pout,gadoids_unknown,0.394,poor_cod,0.3645,0.029500000000000026,0.842,TRUE
f4r5-146,f4r5-146,No_MP,f4r5,saithe,gadoids_unknown,0.3985,wrasse,0.371,0.027500000000000024,0.588,TRUE
f3r1-34,f3r1-34,No_MP,f3r1,poor_cod,gadoids_unknown,0.399,norway_pout,0.239,0.16000000000000003,0.8555,TRUE
f4r5-169,f4r5-169,No_MP,f4r5,saithe,gadoids_unknown,0.4,wrasse,0.2815,0.11850000000000005,0.5980000000000001,TRUE
f3r1-16,f3r1-16,No_MP,f3r1,saithe,gadoids_unknown,0.401,wrasse,0.1665,0.23450000000000001,0.743,TRUE
f3r4-20,f3r4-20,No_MP,f3r4,saithe,gadoids_unknown,0.401,norway_pout,0.2015,0.1995,0.785,TRUE
r7f5-181,r7f5-181,No_MP,r7f5,saithe,gadoids_unknown,0.4015,lesser_sand_eel,0.2575,0.14400000000000002,0.52,TRUE
r7f5-155,r7f5-155,No_MP,r7f5,saithe,gadoids_unknown,0.4025,wrasse,0.2985,0.10400000000000004,0.5790000000000001,TRUE
f2r1-11,f2r1-11,MP,f2r1,cod,gadoids_unknown,0.403,saithe,0.367,0.03600000000000003,0.989,TRUE
f3r1-40,f3r1-40,No_MP,f3r1,norway_pout,gadoids_unknown,0.4045,haddock,0.2175,0.18700000000000003,0.9235,TRUE
f4r10-4,f4r10-4,MP,f4r10,poor_cod,gadoids_unknown,0.4055,haddock,0.2865,0.11900000000000005,0.965,TRUE
f4r3-162,f4r3-162,MP,f4r3,saithe,gadoids_unknown,0.4055,lesser_sand_eel,0.2895,0.11600000000000005,0.48300000000000004,TRUE
r6f3-2,r6f3-2,MP,r6f3,saithe,gadoids_unknown,0.406,cod,0.3675,0.038500000000000034,0.99,TRUE
r6f5-34,r6f5-34,MP,r6f5,saithe,gadoids_unknown,0.406,wrasse,0.3315,0.07450000000000001,0.524,TRUE
f1r9-27,f1r9-27,No_MP,f1r9,saithe,gadoids_unknown,0.4065,wrasse,0.37,0.03649999999999998,0.5785,TRUE
f4r3-75,f4r3-75,MP,f4r3,saithe,gadoids_unknown,0.4115,wrasse,0.2815,0.13,0.5405,TRUE
f4r5-168,f4r5-168,No_MP,f4r5,saithe,gadoids_unknown,0.4115,lesser_sand_eel,0.274,0.13749999999999996,0.515,TRUE
r8f5-75,r8f5-75,MP,r8f5,saithe,gadoids_unknown,0.4125,wrasse,0.238,0.1745,0.5345,TRUE
r7f5-2,r7f5-2,No_MP,r7f5,saithe,gadoids_unknown,0.413,wrasse,0.2435,0.16949999999999998,0.6689999999999999,TRUE
f2r1-19,f2r1-19,MP,f2r1,saithe,gadoids_unknown,0.414,cod,0.3615,0.05249999999999999,0.9994999999999999,TRUE
f4r3-123,f4r3-123,MP,f4r3,saithe,gadoids_unknown,0.4145,lesser_sand_eel,0.2765,0.13799999999999996,0.519,TRUE
r7f5-40,r7f5-40,No_MP,r7f5,poor_cod,gadoids_unknown,0.415,lesser_sand_eel,0.343,0.07199999999999995,0.627,TRUE
r8f4-4,r8f4-4,MP,r8f4,saithe,gadoids_unknown,0.4155,cod,0.177,0.2385,0.8684999999999999,TRUE
f3r4-22,f3r4-22,No_MP,f3r4,saithe,gadoids_unknown,0.416,lesser_sand_eel,0.256,0.15999999999999998,0.5455,TRUE
f4r10-21,f4r10-21,MP,f4r10,poor_cod,gadoids_unknown,0.417,lesser_sand_eel,0.207,0.21,0.763,TRUE
f2r1-4,f2r1-4,MP,f2r1,cod,gadoids_unknown,0.4175,saithe,0.3585,0.059,0.987,TRUE
r7f5-114,r7f5-114,No_MP,r7f5,saithe,gadoids_unknown,0.418,wrasse,0.383,0.034999999999999976,0.5745,TRUE
f1r9-12,f1r9-12,No_MP,f1r9,saithe,gadoids_unknown,0.424,wrasse,0.2985,0.1255,0.5995,TRUE
f4r7-1,f4r7-1,No_MP,f4r7,cod,gadoids_unknown,0.426,saithe,0.4055,0.020499999999999963,0.9975,TRUE
r7f5-1,r7f5-1,No_MP,r7f5,poor_cod,gadoids_unknown,0.427,lesser_sand_eel,0.2285,0.19849999999999998,0.7484999999999999,TRUE
r7f5-19,r7f5-19,No_MP,r7f5,poor_cod,gadoids_unknown,0.427,lesser_sand_eel,0.3015,0.1255,0.6515,TRUE
f4r10-14,f4r10-14,MP,f4r10,poor_cod,gadoids_unknown,0.4275,lesser_sand_eel,0.2345,0.193,0.759,TRUE
f2r3-16,f2r3-16,No_MP,f2r3,saithe,gadoids_unknown,0.428,norway_pout,0.2495,0.1785,0.967,TRUE
r7f5-12,r7f5-12,No_MP,r7f5,poor_cod,gadoids_unknown,0.428,norway_pout,0.261,0.16699999999999998,0.7745,TRUE
f2r1-5,f2r1-5,MP,f2r1,saithe,gadoids_unknown,0.4305,cod,0.2665,0.16399999999999998,0.992,TRUE
f1r5-67,f1r5-67,MP,f1r5,saithe,gadoids_unknown,0.432,lesser_sand_eel,0.237,0.195,0.5575,TRUE
f4r3-92,f4r3-92,MP,f4r3,saithe,gadoids_unknown,0.4335,cod,0.4245,0.009000000000000008,0.994,TRUE
f4r3-95,f4r3-95,MP,f4r3,cod,gadoids_unknown,0.4345,saithe,0.277,0.15749999999999997,0.995,TRUE
r8f5-39,r8f5-39,MP,r8f5,saithe,gadoids_unknown,0.435,lesser_sand_eel,0.3205,0.11449999999999999,0.5335,TRUE
f3r1-8,f3r1-8,No_MP,f3r1,saithe,gadoids_unknown,0.4355,wrasse,0.2215,0.214,0.619,TRUE
r6f5-32,r6f5-32,MP,r6f5,saithe,gadoids_unknown,0.436,wrasse,0.2865,0.14950000000000002,0.5955,TRUE
r9f5-29,r9f5-29,MP,r9f5,saithe,gadoids_unknown,0.436,cod,0.3435,0.09249999999999997,0.9975,TRUE
f4r3-97,f4r3-97,MP,f4r3,saithe,gadoids_unknown,0.4365,cod,0.4275,0.009000000000000008,0.9984999999999999,TRUE
f4r7-10,f4r7-10,No_MP,f4r7,saithe,gadoids_unknown,0.4375,cod,0.3925,0.044999999999999984,0.9825,TRUE
f3r1-25,f3r1-25,No_MP,f3r1,poor_cod,gadoids_unknown,0.438,norway_pout,0.226,0.212,0.7805,TRUE
f4r10-75,f4r10-75,MP,f4r10,saithe,gadoids_unknown,0.4395,wrasse,0.1975,0.242,0.689,TRUE
f4r5-160,f4r5-160,No_MP,f4r5,saithe,gadoids_unknown,0.44,wrasse,0.2765,0.16349999999999998,0.6415,TRUE
r8f4-3,r8f4-3,MP,r8f4,saithe,gadoids_unknown,0.4415,cod,0.1805,0.261,0.874,TRUE
f2r3-23,f2r3-23,No_MP,f2r3,saithe,gadoids_unknown,0.442,norway_pout,0.2485,0.1935,0.974,TRUE
r7f5-164,r7f5-164,No_MP,r7f5,saithe,gadoids_unknown,0.4425,wrasse,0.242,0.2005,0.6695,TRUE
r7f5-52,r7f5-52,No_MP,r7f5,poor_cod,gadoids_unknown,0.444,norway_pout,0.3585,0.08550000000000002,0.861,TRUE
f4r7-8,f4r7-8,No_MP,f4r7,saithe,gadoids_unknown,0.4445,cod,0.3395,0.10499999999999998,0.9025000000000001,TRUE
r7f5-6,r7f5-6,No_MP,r7f5,poor_cod,gadoids_unknown,0.445,norway_pout,0.2505,0.1945,0.797,TRUE
f4r1-4,f4r1-4,No_MP,f4r1,saithe,gadoids_unknown,0.4465,cod,0.4345,0.01200000000000001,0.9255,TRUE
f3r8-12,f3r8-12,MP,f3r8,cod,gadoids_unknown,0.452,saithe,0.3695,0.08250000000000002,0.9994999999999999,TRUE
f3r8-14,f3r8-14,MP,f3r8,cod,gadoids_unknown,0.452,saithe,0.3635,0.08850000000000002,0.9974999999999999,TRUE
f3r1-31,f3r1-31,No_MP,f3r1,poor_cod,gadoids_unknown,0.4565,lesser_sand_eel,0.229,0.2275,0.7645,TRUE
r7f5-5,r7f5-5,No_MP,r7f5,cod,gadoids_unknown,0.457,saithe,0.447,0.010000000000000009,0.9815,TRUE
f3r1-30,f3r1-30,No_MP,f3r1,poor_cod,gadoids_unknown,0.4575,norway_pout,0.196,0.2615,0.8310000000000001,TRUE
f4r3-106,f4r3-106,MP,f4r3,saithe,gadoids_unknown,0.458,wrasse,0.314,0.14400000000000002,0.6675,TRUE
r7f5-168,r7f5-168,No_MP,r7f5,saithe,gadoids_unknown,0.4585,wrasse,0.2655,0.193,0.619,TRUE
f4r3-101,f4r3-101,MP,f4r3,saithe,gadoids_unknown,0.46,cod,0.4505,0.009500000000000008,0.9965,TRUE
f4r3-91,f4r3-91,MP,f4r3,saithe,gadoids_unknown,0.46,cod,0.336,0.124,0.9995,TRUE
f1r9-65,f1r9-65,No_MP,f1r9,cod,gadoids_unknown,0.461,saithe,0.318,0.14300000000000002,0.9955,TRUE
f4r7-17,f4r7-17,No_MP,f4r7,saithe,gadoids_unknown,0.4615,haddock,0.3055,0.15600000000000003,0.9485,TRUE
f3r8-2,f3r8-2,MP,f3r8,saithe,gadoids_unknown,0.462,cod,0.29,0.17200000000000004,0.9994999999999999,TRUE
f4r10-13,f4r10-13,MP,f4r10,poor_cod,gadoids_unknown,0.464,lesser_sand_eel,0.271,0.193,0.7170000000000001,TRUE
f4r10-57,f4r10-57,MP,f4r10,saithe,gadoids_unknown,0.465,wrasse,0.3355,0.1295,0.6325000000000001,TRUE
f2r1-7,f2r1-7,MP,f2r1,cod,gadoids_unknown,0.4655,saithe,0.344,0.12150000000000005,0.906,TRUE
r9f5-7,r9f5-7,MP,r9f5,saithe,gadoids_unknown,0.4665,wrasse,0.2355,0.23100000000000004,0.643,TRUE
f4r5-161,f4r5-161,No_MP,f4r5,saithe,gadoids_unknown,0.468,wrasse,0.2435,0.22450000000000003,0.62,TRUE
r7f5-85,r7f5-85,No_MP,r7f5,saithe,gadoids_unknown,0.468,wrasse,0.262,0.20600000000000002,0.632,TRUE
r8f5-62,r8f5-62,MP,r8f5,saithe,gadoids_unknown,0.47,wrasse,0.263,0.20699999999999996,0.6495,TRUE
f1r1-21,f1r1-21,No_MP,f1r1,saithe,gadoids_unknown,0.471,haddock,0.1925,0.27849999999999997,0.9555,TRUE
f1r9-50,f1r9-50,No_MP,f1r9,saithe,gadoids_unknown,0.471,wrasse,0.3305,0.14049999999999996,0.631,TRUE
f3r1-33,f3r1-33,No_MP,f3r1,poor_cod,gadoids_unknown,0.4715,norway_pout,0.22,0.25149999999999995,0.77,TRUE
r7f5-16,r7f5-16,No_MP,r7f5,saithe,gadoids_unknown,0.4715,wrasse,0.1785,0.293,0.7304999999999999,TRUE
r7f5-38,r7f5-38,No_MP,r7f5,poor_cod,gadoids_unknown,0.4715,lesser_sand_eel,0.263,0.20849999999999996,0.726,TRUE
f4r7-4,f4r7-4,No_MP,f4r7,saithe,gadoids_unknown,0.4725,cod,0.3255,0.14699999999999996,0.9695,TRUE
r6f5-63,r6f5-63,MP,r6f5,cod,gadoids_unknown,0.4735,saithe,0.2945,0.179,0.9994999999999999,TRUE
f3r4-14,f3r4-14,No_MP,f3r4,saithe,gadoids_unknown,0.4755,norway_pout,0.29,0.1855,0.9485,TRUE
r8f5-43,r8f5-43,MP,r8f5,saithe,gadoids_unknown,0.476,wrasse,0.195,0.28099999999999997,0.648,TRUE
f4r5-174,f4r5-174,No_MP,f4r5,saithe,gadoids_unknown,0.476,wrasse,0.253,0.22299999999999998,0.6705,TRUE
f4r10-15,f4r10-15,MP,f4r10,poor_cod,gadoids_unknown,0.479,lesser_sand_eel,0.32,0.15899999999999997,0.591,TRUE
r6f5-10,r6f5-10,MP,r6f5,saithe,gadoids_unknown,0.48,wrasse,0.239,0.241,0.6859999999999999,TRUE
f4r1-2,f4r1-2,No_MP,f4r1,saithe,gadoids_unknown,0.4815,cod,0.2915,0.19,0.882,TRUE
f3r4-16,f3r4-16,No_MP,f3r4,saithe,gadoids_unknown,0.4815,cod,0.366,0.11549999999999999,0.97,TRUE
r6f5-65,r6f5-65,MP,r6f5,poor_cod,gadoids_unknown,0.4825,norway_pout,0.238,0.2445,0.885,TRUE
f4r7-2,f4r7-2,No_MP,f4r7,cod,gadoids_unknown,0.483,saithe,0.4155,0.0675,0.9954999999999999,TRUE
r6f3-25,r6f3-25,MP,r6f3,saithe,gadoids_unknown,0.4835,wrasse,0.2505,0.23299999999999998,0.663,TRUE
r7f5-22,r7f5-22,No_MP,r7f5,saithe,gadoids_unknown,0.4835,cod,0.2785,0.20499999999999996,0.911,TRUE
f4r5-158,f4r5-158,No_MP,f4r5,saithe,gadoids_unknown,0.4855,wrasse,0.253,0.23249999999999998,0.669,TRUE
r7f5-86,r7f5-86,No_MP,r7f5,saithe,gadoids_unknown,0.486,wrasse,0.258,0.22799999999999998,0.665,TRUE
f3r1-42,f3r1-42,No_MP,f3r1,poor_cod,gadoids_unknown,0.4865,lesser_sand_eel,0.2175,0.269,0.7735,TRUE
f4r1-9,f4r1-9,No_MP,f4r1,cod,gadoids_unknown,0.487,saithe,0.438,0.04899999999999999,0.9755,TRUE
r6f5-24,r6f5-24,MP,r6f5,saithe,gadoids_unknown,0.4875,wrasse,0.3045,0.183,0.66,TRUE
r9f5-30,r9f5-30,MP,r9f5,saithe,gadoids_unknown,0.4885,cod,0.3045,0.184,0.9974999999999999,TRUE
r8f5-93,r8f5-93,MP,r8f5,poor_cod,gadoids_unknown,0.489,norway_pout,0.206,0.28300000000000003,0.8845,TRUE
f1r1-17,f1r1-17,No_MP,f1r1,saithe,gadoids_unknown,0.489,norway_pout,0.248,0.241,0.8985,TRUE
f3r1-22,f3r1-22,No_MP,f3r1,poor_cod,gadoids_unknown,0.4895,lesser_sand_eel,0.265,0.22449999999999998,0.7225,TRUE
f3r4-12,f3r4-12,No_MP,f3r4,saithe,gadoids_unknown,0.4895,norway_pout,0.2815,0.20800000000000002,0.973,TRUE
r7f5-41,r7f5-41,No_MP,r7f5,saithe,gadoids_unknown,0.4905,cod,0.179,0.3115,0.819,TRUE
f4r10-8,f4r10-8,MP,f4r10,poor_cod,gadoids_unknown,0.491,lesser_sand_eel,0.2865,0.20450000000000002,0.6975,TRUE
f4r7-19,f4r7-19,No_MP,f4r7,cod,gadoids_unknown,0.4915,saithe,0.3645,0.127,0.9964999999999999,TRUE
f4r1-6,f4r1-6,No_MP,f4r1,saithe,gadoids_unknown,0.492,cod,0.2785,0.21349999999999997,0.996,TRUE
f4r5-164,f4r5-164,No_MP,f4r5,saithe,gadoids_unknown,0.492,wrasse,0.2445,0.2475,0.67,TRUE
r8f4-2,r8f4-2,MP,r8f4,saithe,gadoids_unknown,0.494,cod,0.302,0.192,0.9974999999999999,TRUE
r9f5-17,r9f5-17,MP,r9f5,haddock,gadoids_unknown,0.494,cod,0.2475,0.2465,0.9914999999999999,TRUE
r8f5-90,r8f5-90,MP,r8f5,saithe,gadoids_unknown,0.495,wrasse,0.2355,0.2595,0.6829999999999999,TRUE
f1r1-15,f1r1-15,No_MP,f1r1,saithe,gadoids_unknown,0.495,norway_pout,0.2025,0.2925,0.962,TRUE
f2r1-1,f2r1-1,MP,f2r1,cod,gadoids_unknown,0.4955,saithe,0.438,0.057499999999999996,0.999,TRUE
f4r10-59,f4r10-59,MP,f4r10,saithe,gadoids_unknown,0.4955,wrasse,0.3175,0.178,0.6525,TRUE
f4r3-135,f4r3-135,MP,f4r3,saithe,gadoids_unknown,0.4965,wrasse,0.2615,0.235,0.6935,TRUE
f1r9-16,f1r9-16,No_MP,f1r9,saithe,gadoids_unknown,0.497,wrasse,0.3255,0.17149999999999999,0.654,TRUE
f1r1-6,f1r1-6,No_MP,f1r1,saithe,gadoids_unknown,0.4975,norway_pout,0.272,0.22549999999999998,0.978,TRUE
r8f5-45,r8f5-45,MP,r8f5,saithe,gadoids_unknown,0.498,wrasse,0.1955,0.3025,0.648,TRUE
r7f5-47,r7f5-47,No_MP,r7f5,poor_cod,gadoids_unknown,0.4985,lesser_sand_eel,0.224,0.27449999999999997,0.7615,TRUE
f3r4-13,f3r4-13,No_MP,f3r4,saithe,saithe,0.5,cod,0.389,0.11099999999999999,0.988,FALSE
f4r10-24,f4r10-24,MP,f4r10,poor_cod,poor_cod,0.5005,lesser_sand_eel,0.286,0.21449999999999997,0.706,FALSE
f4r3-102,f4r3-102,MP,f4r3,saithe,saithe,0.5005,cod,0.4035,0.09699999999999992,0.9924999999999999,FALSE
f4r3-93,f4r3-93,MP,f4r3,saithe,saithe,0.501,cod,0.38,0.121,0.999,FALSE
f4r5-173,f4r5-173,No_MP,f4r5,saithe,saithe,0.501,wrasse,0.206,0.29500000000000004,0.683,FALSE
f4r3-193,f4r3-193,MP,f4r3,saithe,saithe,0.502,wrasse,0.2285,0.27349999999999997,0.677,FALSE
r7f5-170,r7f5-170,No_MP,r7f5,saithe,saithe,0.5035,wrasse,0.2045,0.29899999999999993,0.726,FALSE
f3r4-3,f3r4-3,No_MP,f3r4,cod,cod,0.505,saithe,0.2845,0.22050000000000003,0.9994999999999999,FALSE
f1r9-57,f1r9-57,No_MP,f1r9,saithe,saithe,0.5055,lesser_sand_eel,0.297,0.20849999999999996,0.5994999999999999,FALSE
f4r7-6,f4r7-6,No_MP,f4r7,cod,cod,0.5055,saithe,0.36,0.14549999999999996,0.9984999999999999,FALSE
r9f5-14,r9f5-14,MP,r9f5,saithe,saithe,0.5065,wrasse,0.207,0.2995,0.701,FALSE
f4r10-16,f4r10-16,MP,f4r10,poor_cod,poor_cod,0.5075,lesser_sand_eel,0.2995,0.20799999999999996,0.6114999999999999,FALSE
f3r8-13,f3r8-13,MP,f3r8,saithe,saithe,0.508,cod,0.3675,0.1405,0.9984999999999999,FALSE
f3r1-20,f3r1-20,No_MP,f3r1,poor_cod,poor_cod,0.5085,lesser_sand_eel,0.1895,0.31899999999999995,0.8045,FALSE
f4r10-64,f4r10-64,MP,f4r10,saithe,saithe,0.509,wrasse,0.2105,0.2985,0.725,FALSE
f4r7-21,f4r7-21,No_MP,f4r7,saithe,saithe,0.509,cod,0.4035,0.10549999999999998,0.99,FALSE
r7f5-190,r7f5-190,No_MP,r7f5,saithe,saithe,0.509,wrasse,0.209,0.30000000000000004,0.6910000000000001,FALSE
r8f5-66,r8f5-66,MP,r8f5,saithe,saithe,0.511,wrasse,0.181,0.33,0.657,FALSE
r7f5-48,r7f5-48,No_MP,r7f5,poor_cod,poor_cod,0.5115,norway_pout,0.2835,0.22799999999999998,0.847,FALSE
f3r4-7,f3r4-7,No_MP,f3r4,saithe,saithe,0.5115,cod,0.285,0.22649999999999998,0.9949999999999999,FALSE
f2r1-2,f2r1-2,MP,f2r1,saithe,saithe,0.5125,cod,0.395,0.11749999999999994,0.989,FALSE
f4r3-119,f4r3-119,MP,f4r3,saithe,saithe,0.5125,wrasse,0.203,0.30949999999999994,0.6599999999999999,FALSE
r8f4-1,r8f4-1,MP,r8f4,saithe,saithe,0.5125,cod,0.3005,0.21199999999999997,0.9969999999999999,FALSE
r7f5-20,r7f5-20,No_MP,r7f5,poor_cod,poor_cod,0.513,norway_pout,0.2095,0.3035,0.8205,FALSE
r7f5-45,r7f5-45,No_MP,r7f5,poor_cod,poor_cod,0.5145,lesser_sand_eel,0.259,0.25549999999999995,0.731,FALSE
f1r1-3,f1r1-3,No_MP,f1r1,saithe,saithe,0.515,norway_pout,0.284,0.23100000000000004,0.9735,FALSE
f2r1-12,f2r1-12,MP,f2r1,saithe,saithe,0.516,haddock,0.34,0.176,0.997,FALSE
f3r1-10,f3r1-10,No_MP,f3r1,saithe,saithe,0.5165,wrasse,0.215,0.3015,0.706,FALSE
f3r4-4,f3r4-4,No_MP,f3r4,cod,cod,0.517,saithe,0.4015,0.11549999999999999,0.991,FALSE
f4r10-19,f4r10-19,MP,f4r10,poor_cod,poor_cod,0.5175,lesser_sand_eel,0.2995,0.21799999999999997,0.6945,FALSE
f4r5-145,f4r5-145,No_MP,f4r5,saithe,saithe,0.5205,wrasse,0.1835,0.33699999999999997,0.6589999999999999,FALSE
r9f5-21,r9f5-21,MP,r9f5,saithe,saithe,0.521,wrasse,0.22,0.30100000000000005,0.703,FALSE
f4r3-105,f4r3-105,MP,f4r3,saithe,saithe,0.522,wrasse,0.2275,0.2945,0.718,FALSE
r7f5-89,r7f5-89,No_MP,r7f5,saithe,saithe,0.523,wrasse,0.19,0.333,0.7345,FALSE
f3r1-6,f3r1-6,No_MP,f3r1,saithe,saithe,0.5245,wrasse,0.2135,0.31099999999999994,0.7204999999999999,FALSE
r7f5-62,r7f5-62,No_MP,r7f5,saithe,saithe,0.525,wrasse,0.204,0.32100000000000006,0.775,FALSE
r6f5-61,r6f5-61,MP,r6f5,saithe,saithe,0.5255,wrasse,0.1925,0.33299999999999996,0.74,FALSE
f1r5-63,f1r5-63,MP,f1r5,saithe,saithe,0.526,lesser_sand_eel,0.2395,0.28650000000000003,0.6185,FALSE
r6f5-51,r6f5-51,MP,r6f5,saithe,saithe,0.527,wrasse,0.234,0.29300000000000004,0.7030000000000001,FALSE
f4r10-18,f4r10-18,MP,f4r10,poor_cod,poor_cod,0.528,lesser_sand_eel,0.258,0.27,0.7365,FALSE
f4r7-14,f4r7-14,No_MP,f4r7,saithe,saithe,0.528,cod,0.304,0.22400000000000003,0.997,FALSE
r7f5-18,r7f5-18,No_MP,r7f5,poor_cod,poor_cod,0.53,lesser_sand_eel,0.233,0.29700000000000004,0.7575000000000001,FALSE
f3r1-43,f3r1-43,No_MP,f3r1,poor_cod,poor_cod,0.5305,lesser_sand_eel,0.251,0.27949999999999997,0.742,FALSE
r7f5-132,r7f5-132,No_MP,r7f5,saithe,saithe,0.5305,wrasse,0.2245,0.30599999999999994,0.7115,FALSE
r7f5-46,r7f5-46,No_MP,r7f5,poor_cod,poor_cod,0.5305,lesser_sand_eel,0.192,0.33849999999999997,0.7959999999999999,FALSE
r7f5-189,r7f5-189,No_MP,r7f5,saithe,saithe,0.5315,wrasse,0.2165,0.31499999999999995,0.7065,FALSE
f4r10-58,f4r10-58,MP,f4r10,saithe,saithe,0.5335,wrasse,0.2315,0.30199999999999994,0.709,FALSE
f3r3-93,f3r3-93,No_MP,f3r3,saithe,saithe,0.5335,wrasse,0.179,0.3545,0.692,FALSE
f4r3-55,f4r3-55,MP,f4r3,saithe,saithe,0.5345,cod,0.192,0.34249999999999997,0.8049999999999999,FALSE
r7f5-37,r7f5-37,No_MP,r7f5,saithe,saithe,0.536,cod,0.295,0.24100000000000005,0.973,FALSE
r7f5-112,r7f5-112,No_MP,r7f5,saithe,saithe,0.538,wrasse,0.182,0.35600000000000004,0.7035,FALSE
f4r3-157,f4r3-157,MP,f4r3,saithe,saithe,0.5385,wrasse,0.2425,0.296,0.727,FALSE
r6f5-55,r6f5-55,MP,r6f5,saithe,saithe,0.5385,lesser_sand_eel,0.239,0.2995,0.6325,FALSE
f2r3-24,f2r3-24,No_MP,f2r3,saithe,saithe,0.5385,norway_pout,0.2785,0.25999999999999995,0.98,FALSE
r9f5-22,r9f5-22,MP,r9f5,saithe,saithe,0.5405,wrasse,0.192,0.3485,0.7344999999999999,FALSE
f4r5-170,f4r5-170,No_MP,f4r5,saithe,saithe,0.5405,wrasse,0.203,0.33749999999999997,0.7135,FALSE
f4r3-15,f4r3-15,MP,f4r3,saithe,saithe,0.542,wrasse,0.2645,0.2775,0.7040000000000001,FALSE
r7f5-36,r7f5-36,No_MP,r7f5,poor_cod,poor_cod,0.5425,lesser_sand_eel,0.255,0.2875,0.7345,FALSE
f2r1-6,f2r1-6,MP,f2r1,cod,cod,0.543,saithe,0.3155,0.22750000000000004,0.999,FALSE
r7f5-25,r7f5-25,No_MP,r7f5,poor_cod,poor_cod,0.543,lesser_sand_eel,0.2755,0.2675,0.7195,FALSE
f1r9-51,f1r9-51,No_MP,f1r9,saithe,saithe,0.5435,wrasse,0.1875,0.356,0.7244999999999999,FALSE
f3r1-32,f3r1-32,No_MP,f3r1,poor_cod,poor_cod,0.5445,lesser_sand_eel,0.2845,0.26,0.7075,FALSE
r8f5-86,r8f5-86,MP,r8f5,saithe,saithe,0.545,wrasse,0.192,0.35300000000000004,0.7345,FALSE
r7f5-153,r7f5-153,No_MP,r7f5,saithe,saithe,0.545,wrasse,0.17,0.375,0.7605000000000001,FALSE
f2r3-4,f2r3-4,No_MP,f2r3,saithe,saithe,0.5465,norway_pout,0.2235,0.32299999999999995,0.9555,FALSE
r7f5-76,r7f5-76,No_MP,r7f5,saithe,saithe,0.5465,wrasse,0.188,0.3585,0.7315,FALSE
f4r3-99,f4r3-99,MP,f4r3,saithe,saithe,0.547,cod,0.351,0.19600000000000006,0.996,FALSE
r7f5-51,r7f5-51,No_MP,r7f5,norway_pout,norway_pout,0.5485,poor_cod,0.3005,0.248,0.8985,FALSE
f2r1-8,f2r1-8,MP,f2r1,saithe,saithe,0.549,cod,0.401,0.14800000000000002,0.9910000000000001,FALSE
f3r8-9,f3r8-9,MP,f3r8,saithe,saithe,0.5495,norway_pout,0.13,0.4195,0.9045,FALSE
f4r7-18,f4r7-18,No_MP,f4r7,saithe,saithe,0.5495,cod,0.396,0.15349999999999997,0.993,FALSE
f4r3-21,f4r3-21,MP,f4r3,saithe,saithe,0.55,cod,0.1895,0.36050000000000004,0.8095,FALSE
f4r5-101,f4r5-101,No_MP,f4r5,saithe,saithe,0.55,wrasse,0.2005,0.34950000000000003,0.7335,FALSE
f4r7-7,f4r7-7,No_MP,f4r7,saithe,saithe,0.55,cod,0.298,0.25200000000000006,0.993,FALSE
f3r8-4,f3r8-4,MP,f3r8,saithe,saithe,0.5505,cod,0.2765,0.27399999999999997,0.996,FALSE
f2r1-13,f2r1-13,MP,f2r1,saithe,saithe,0.5515,cod,0.341,0.21049999999999996,0.9905,FALSE
f1r1-16,f1r1-16,No_MP,f1r1,saithe,saithe,0.5515,norway_pout,0.242,0.3095,0.979,FALSE
r8f5-91,r8f5-91,MP,r8f5,saithe,saithe,0.552,wrasse,0.186,0.36600000000000005,0.7255,FALSE
f3r1-38,f3r1-38,No_MP,f3r1,poor_cod,poor_cod,0.5525,lesser_sand_eel,0.1815,0.371,0.731,FALSE
f4r5-224,f4r5-224,No_MP,f4r5,saithe,saithe,0.553,wrasse,0.177,0.37600000000000006,0.761,FALSE
f3r4-15,f3r4-15,No_MP,f3r4,saithe,saithe,0.553,norway_pout,0.2225,0.3305,0.9680000000000001,FALSE
f3r1-29,f3r1-29,No_MP,f3r1,saithe,saithe,0.554,lesser_sand_eel,0.223,0.33100000000000007,0.6675000000000001,FALSE
f4r7-13,f4r7-13,No_MP,f4r7,saithe,saithe,0.556,cod,0.3355,0.22050000000000003,0.9975,FALSE
f4r3-151,f4r3-151,MP,f4r3,saithe,saithe,0.557,wrasse,0.187,0.37000000000000005,0.7250000000000001,FALSE
r6f3-34,r6f3-34,MP,r6f3,saithe,saithe,0.558,wrasse,0.161,0.397,0.7755000000000001,FALSE
f2r1-3,f2r1-3,MP,f2r1,cod,cod,0.5585,saithe,0.306,0.2525,0.9465,FALSE
f4r3-131,f4r3-131,MP,f4r3,saithe,saithe,0.5585,wrasse,0.1655,0.393,0.7725,FALSE
f3r1-36,f3r1-36,No_MP,f3r1,poor_cod,poor_cod,0.5585,norway_pout,0.1805,0.378,0.874,FALSE
f4r5-182,f4r5-182,No_MP,f4r5,saithe,saithe,0.5585,wrasse,0.1735,0.385,0.759,FALSE
f4r3-32,f4r3-32,MP,f4r3,saithe,saithe,0.559,wrasse,0.194,0.36500000000000005,0.8015000000000001,FALSE
r8f5-85,r8f5-85,MP,r8f5,saithe,saithe,0.559,wrasse,0.148,0.41100000000000003,0.7705000000000001,FALSE
f4r3-100,f4r3-100,MP,f4r3,saithe,saithe,0.56,cod,0.3445,0.21550000000000008,0.9955,FALSE
f4r5-18,f4r5-18,No_MP,f4r5,saithe,saithe,0.56,wrasse,0.209,0.3510000000000001,0.786,FALSE
f4r3-40,f4r3-40,MP,f4r3,saithe,saithe,0.5625,wrasse,0.2475,0.315,0.744,FALSE
f1r1-1,f1r1-1,No_MP,f1r1,saithe,saithe,0.563,norway_pout,0.2265,0.3364999999999999,0.976,FALSE
f3r4-8,f3r4-8,No_MP,f3r4,saithe,saithe,0.5635,cod,0.23,0.3335,0.997,FALSE
f4r3-36,f4r3-36,MP,f4r3,saithe,saithe,0.564,cod,0.194,0.36999999999999994,0.8334999999999999,FALSE
f2r3-17,f2r3-17,No_MP,f2r3,saithe,saithe,0.564,norway_pout,0.164,0.3999999999999999,0.951,FALSE
f3r4-10,f3r4-10,No_MP,f3r4,saithe,saithe,0.5645,norway_pout,0.246,0.3185,0.975,FALSE
f4r3-98,f4r3-98,MP,f4r3,saithe,saithe,0.565,cod,0.3035,0.26149999999999995,0.9934999999999999,FALSE
f3r8-16,f3r8-16,MP,f3r8,saithe,saithe,0.5665,haddock,0.2245,0.34199999999999997,0.997,FALSE
f4r3-117,f4r3-117,MP,f4r3,saithe,saithe,0.5665,wrasse,0.1855,0.381,0.746,FALSE
r7f5-50,r7f5-50,No_MP,r7f5,saithe,saithe,0.5665,cod,0.2225,0.344,0.9964999999999999,FALSE
f2r1-10,f2r1-10,MP,f2r1,saithe,saithe,0.5675,cod,0.361,0.20650000000000002,0.9954999999999999,FALSE
f4r1-10,f4r1-10,No_MP,f4r1,saithe,saithe,0.5675,cod,0.2495,0.318,0.997,FALSE
f4r10-53,f4r10-53,MP,f4r10,saithe,saithe,0.568,wrasse,0.1685,0.39949999999999997,0.7655,FALSE
r7f5-43,r7f5-43,No_MP,r7f5,saithe,saithe,0.568,norway_pout,0.1425,0.4255,0.9484999999999999,FALSE
r8f5-94,r8f5-94,MP,r8f5,cod,cod,0.569,haddock,0.2695,0.29949999999999993,0.9974999999999999,FALSE
f4r1-8,f4r1-8,No_MP,f4r1,saithe,saithe,0.5695,cod,0.334,0.2355,0.9935,FALSE
r7f5-127,r7f5-127,No_MP,r7f5,saithe,saithe,0.5705,wrasse,0.1775,0.393,0.7475,FALSE
f4r3-87,f4r3-87,MP,f4r3,cod,cod,0.571,saithe,0.369,0.20199999999999996,0.993,FALSE
r9f5-24,r9f5-24,MP,r9f5,saithe,saithe,0.5715,wrasse,0.147,0.4245,0.7895,FALSE
r7f5-180,r7f5-180,No_MP,r7f5,saithe,saithe,0.5715,wrasse,0.1555,0.41600000000000004,0.7505000000000001,FALSE
f4r3-8,f4r3-8,MP,f4r3,saithe,saithe,0.572,wrasse,0.243,0.32899999999999996,0.748,FALSE
f4r3-90,f4r3-90,MP,f4r3,cod,cod,0.572,saithe,0.2695,0.30249999999999994,0.9984999999999999,FALSE
r9f5-28,r9f5-28,MP,r9f5,saithe,saithe,0.572,haddock,0.2225,0.3494999999999999,0.998,FALSE
r7f5-162,r7f5-162,No_MP,r7f5,saithe,saithe,0.572,wrasse,0.1675,0.40449999999999997,0.746,FALSE
r7f5-53,r7f5-53,No_MP,r7f5,saithe,saithe,0.572,wrasse,0.1405,0.43149999999999994,0.7979999999999999,FALSE
f4r3-160,f4r3-160,MP,f4r3,saithe,saithe,0.573,wrasse,0.185,0.38799999999999996,0.8119999999999999,FALSE
r7f5-83,r7f5-83,No_MP,r7f5,saithe,saithe,0.573,wrasse,0.172,0.40099999999999997,0.7589999999999999,FALSE
f4r7-20,f4r7-20,No_MP,f4r7,saithe,saithe,0.5735,cod,0.3005,0.273,0.983,FALSE
f3r4-9,f3r4-9,No_MP,f3r4,saithe,saithe,0.5735,haddock,0.2235,0.35,0.99,FALSE
f4r3-94,f4r3-94,MP,f4r3,saithe,saithe,0.574,cod,0.3345,0.23949999999999994,0.9944999999999999,FALSE
f1r1-14,f1r1-14,No_MP,f1r1,saithe,saithe,0.574,norway_pout,0.183,0.39099999999999996,0.9564999999999999,FALSE
r7f5-183,r7f5-183,No_MP,r7f5,saithe,saithe,0.5745,wrasse,0.1615,0.41300000000000003,0.7375,FALSE
r9f5-12,r9f5-12,MP,r9f5,saithe,saithe,0.575,wrasse,0.1425,0.4325,0.7939999999999999,FALSE
f1r1-18,f1r1-18,No_MP,f1r1,saithe,saithe,0.575,norway_pout,0.1985,0.37649999999999995,0.9335,FALSE
f4r1-5,f4r1-5,No_MP,f4r1,saithe,saithe,0.5775,cod,0.297,0.2805,0.9825,FALSE
f4r10-71,f4r10-71,MP,f4r10,saithe,saithe,0.578,wrasse,0.167,0.4109999999999999,0.7665,FALSE
f1r1-22,f1r1-22,No_MP,f1r1,saithe,saithe,0.578,norway_pout,0.2275,0.3504999999999999,0.972,FALSE
f2r1-14,f2r1-14,MP,f2r1,cod,cod,0.5785,saithe,0.3005,0.278,0.999,FALSE
f4r10-73,f4r10-73,MP,f4r10,saithe,saithe,0.5795,wrasse,0.2285,0.351,0.763,FALSE
r9f5-9,r9f5-9,MP,r9f5,saithe,saithe,0.5795,wrasse,0.1695,0.41000000000000003,0.7465,FALSE
f4r7-16,f4r7-16,No_MP,f4r7,saithe,saithe,0.58,haddock,0.1865,0.39349999999999996,0.9534999999999999,FALSE
f3r4-2,f3r4-2,No_MP,f3r4,saithe,saithe,0.58,cod,0.2985,0.2815,0.9654999999999999,FALSE
f4r3-109,f4r3-109,MP,f4r3,saithe,saithe,0.581,wrasse,0.172,0.409,0.756,FALSE
f4r5-167,f4r5-167,No_MP,f4r5,saithe,saithe,0.581,norway_pout,0.1225,0.45849999999999996,0.858,FALSE
r6f5-37,r6f5-37,MP,r6f5,saithe,saithe,0.582,cod,0.187,0.39499999999999996,0.8325,FALSE
r6f5-27,r6f5-27,MP,r6f5,saithe,saithe,0.5825,wrasse,0.1995,0.383,0.7275,FALSE
r6f5-42,r6f5-42,MP,r6f5,saithe,saithe,0.5825,wrasse,0.152,0.4305,0.779,FALSE
f4r3-11,f4r3-11,MP,f4r3,saithe,saithe,0.583,wrasse,0.194,0.38899999999999996,0.7955,FALSE
r6f5-69,r6f5-69,MP,r6f5,saithe,saithe,0.583,cod,0.327,0.25599999999999995,0.999,FALSE
f2r3-19,f2r3-19,No_MP,f2r3,saithe,saithe,0.583,norway_pout,0.179,0.40399999999999997,0.957,FALSE
r7f5-172,r7f5-172,No_MP,r7f5,saithe,saithe,0.583,wrasse,0.176,0.407,0.7555,FALSE
f4r10-44,f4r10-44,MP,f4r10,saithe,saithe,0.5845,wrasse,0.159,0.4255,0.7785,FALSE
f4r3-149,f4r3-149,MP,f4r3,saithe,saithe,0.5845,cod,0.252,0.3325,0.885,FALSE
f3r1-4,f3r1-4,No_MP,f3r1,saithe,saithe,0.5845,wrasse,0.162,0.4225,0.7295,FALSE
f4r5-227,f4r5-227,No_MP,f4r5,saithe,saithe,0.5845,wrasse,0.134,0.4505,0.8335,FALSE
r7f5-131,r7f5-131,No_MP,r7f5,saithe,saithe,0.585,wrasse,0.144,0.44099999999999995,0.7979999999999999,FALSE
r7f5-142,r7f5-142,No_MP,r7f5,saithe,saithe,0.585,wrasse,0.1495,0.4355,0.8079999999999999,FALSE
f4r10-11,f4r10-11,MP,f4r10,poor_cod,poor_cod,0.5855,lesser_sand_eel,0.166,0.4195,0.8285,FALSE
f1r5-37,f1r5-37,MP,f1r5,saithe,saithe,0.586,wrasse,0.193,0.39299999999999996,0.8009999999999999,FALSE
r8f5-54,r8f5-54,MP,r8f5,saithe,saithe,0.5865,wrasse,0.1835,0.403,0.747,FALSE
r8f5-76,r8f5-76,MP,r8f5,saithe,saithe,0.588,wrasse,0.21,0.378,0.7745,FALSE
f3r3-83,f3r3-83,No_MP,f3r3,saithe,saithe,0.5885,wrasse,0.2085,0.38,0.7825,FALSE
r7f5-39,r7f5-39,No_MP,r7f5,saithe,saithe,0.5885,norway_pout,0.15,0.4385,0.9390000000000001,FALSE
f4r3-142,f4r3-142,MP,f4r3,saithe,saithe,0.5895,wrasse,0.12,0.46950000000000003,0.7615000000000001,FALSE
f4r3-96,f4r3-96,MP,f4r3,saithe,saithe,0.5895,cod,0.224,0.36550000000000005,0.9975,FALSE
r7f5-178,r7f5-178,No_MP,r7f5,saithe,saithe,0.5895,wrasse,0.162,0.4275,0.775,FALSE
r7f5-194,r7f5-194,No_MP,r7f5,saithe,saithe,0.5895,wrasse,0.1425,0.44700000000000006,0.764,FALSE
f4r3-118,f4r3-118,MP,f4r3,saithe,saithe,0.5905,wrasse,0.2085,0.382,0.772,FALSE
f4r3-156,f4r3-156,MP,f4r3,saithe,saithe,0.5905,wrasse,0.144,0.4465,0.7965,FALSE
f1r1-12,f1r1-12,No_MP,f1r1,saithe,saithe,0.591,wrasse,0.1575,0.4335,0.7655,FALSE
f3r3-85,f3r3-85,No_MP,f3r3,saithe,saithe,0.5915,wrasse,0.1255,0.466,0.768,FALSE
f1r9-49,f1r9-49,No_MP,f1r9,saithe,saithe,0.592,wrasse,0.2125,0.37949999999999995,0.7775,FALSE
f4r3-88,f4r3-88,MP,f4r3,cod,cod,0.5925,saithe,0.3725,0.22000000000000003,0.997,FALSE
r6f5-39,r6f5-39,MP,r6f5,saithe,saithe,0.5925,wrasse,0.1855,0.40700000000000003,0.8075,FALSE
r7f5-111,r7f5-111,No_MP,r7f5,saithe,saithe,0.594,wrasse,0.152,0.44199999999999995,0.775,FALSE
f4r1-11,f4r1-11,No_MP,f4r1,saithe,saithe,0.5955,cod,0.2595,0.336,0.93,FALSE
f4r7-5,f4r7-5,No_MP,f4r7,saithe,saithe,0.5955,cod,0.327,0.2685,0.999,FALSE
f4r10-22,f4r10-22,MP,f4r10,poor_cod,poor_cod,0.596,lesser_sand_eel,0.2505,0.3455,0.732,FALSE
f4r3-113,f4r3-113,MP,f4r3,saithe,saithe,0.596,wrasse,0.1945,0.40149999999999997,0.7969999999999999,FALSE
r7f5-11,r7f5-11,No_MP,r7f5,saithe,saithe,0.5965,cod,0.277,0.3195,0.9925,FALSE
f3r4-5,f3r4-5,No_MP,f3r4,saithe,saithe,0.5965,cod,0.2705,0.326,0.9885,FALSE
f4r3-177,f4r3-177,MP,f4r3,saithe,saithe,0.597,wrasse,0.196,0.40099999999999997,0.7979999999999999,FALSE
f4r3-47,f4r3-47,MP,f4r3,saithe,saithe,0.597,wrasse,0.233,0.364,0.743,FALSE
f2r3-6,f2r3-6,No_MP,f2r3,saithe,saithe,0.598,norway_pout,0.162,0.43599999999999994,0.9299999999999999,FALSE
f3r3-84,f3r3-84,No_MP,f3r3,saithe,saithe,0.598,wrasse,0.192,0.40599999999999997,0.8035,FALSE
f4r7-9,f4r7-9,No_MP,f4r7,saithe,saithe,0.5985,cod,0.2795,0.319,0.9835,FALSE
f4r3-161,f4r3-161,MP,f4r3,saithe,saithe,0.6,wrasse,0.1535,0.4465,0.777,FALSE
f4r3-167,f4r3-167,MP,f4r3,saithe,saithe,0.6,wrasse,0.134,0.46599999999999997,0.7855,FALSE
r7f5-169,r7f5-169,No_MP,r7f5,saithe,saithe,0.6,wrasse,0.1575,0.4425,0.7685,FALSE
f4r3-26,f4r3-26,MP,f4r3,saithe,saithe,0.6005,cod,0.161,0.4395,0.8340000000000001,FALSE
r7f5-64,r7f5-64,No_MP,r7f5,saithe,saithe,0.6005,wrasse,0.1515,0.44900000000000007,0.783,FALSE
f2r3-26,f2r3-26,No_MP,f2r3,saithe,saithe,0.601,norway_pout,0.1585,0.4425,0.9445,FALSE
f4r10-76,f4r10-76,MP,f4r10,saithe,saithe,0.6015,wrasse,0.1595,0.44200000000000006,0.8365,FALSE
f4r3-171,f4r3-171,MP,f4r3,saithe,saithe,0.6025,wrasse,0.135,0.4675,0.8175,FALSE
r7f5-80,r7f5-80,No_MP,r7f5,saithe,saithe,0.6025,wrasse,0.145,0.4575,0.7785000000000001,FALSE
r7f5-98,r7f5-98,No_MP,r7f5,saithe,saithe,0.603,wrasse,0.172,0.431,0.8005,FALSE
f1r9-28,f1r9-28,No_MP,f1r9,saithe,saithe,0.6035,wrasse,0.1355,0.468,0.7945000000000001,FALSE
r9f5-11,r9f5-11,MP,r9f5,saithe,saithe,0.6045,wrasse,0.1785,0.42600000000000005,0.8065,FALSE
r7f5-134,r7f5-134,No_MP,r7f5,saithe,saithe,0.6045,wrasse,0.159,0.4455,0.777,FALSE
r8f5-97,r8f5-97,MP,r8f5,saithe,saithe,0.605,wrasse,0.146,0.45899999999999996,0.788,FALSE
f4r5-138,f4r5-138,No_MP,f4r5,saithe,saithe,0.6055,cod,0.2345,0.37100000000000005,0.9085,FALSE
f1r5-56,f1r5-56,MP,f1r5,saithe,saithe,0.606,lesser_sand_eel,0.128,0.478,0.7444999999999999,FALSE
f4r3-132,f4r3-132,MP,f4r3,saithe,saithe,0.606,wrasse,0.143,0.46299999999999997,0.7995,FALSE
r6f3-1,r6f3-1,MP,r6f3,saithe,saithe,0.6065,haddock,0.17,0.4365,0.9835,FALSE
f4r3-121,f4r3-121,MP,f4r3,saithe,saithe,0.607,wrasse,0.192,0.415,0.8039999999999999,FALSE
r7f5-135,r7f5-135,No_MP,r7f5,saithe,saithe,0.607,wrasse,0.139,0.46799999999999997,0.7935,FALSE
f4r3-5,f4r3-5,MP,f4r3,saithe,saithe,0.6075,lesser_sand_eel,0.124,0.48350000000000004,0.7545000000000001,FALSE
f2r3-5,f2r3-5,No_MP,f2r3,saithe,saithe,0.6085,norway_pout,0.2225,0.386,0.9680000000000001,FALSE
r8f5-89,r8f5-89,MP,r8f5,saithe,saithe,0.611,wrasse,0.147,0.46399999999999997,0.784,FALSE
r7f5-107,r7f5-107,No_MP,r7f5,saithe,saithe,0.6115,wrasse,0.1555,0.45600000000000007,0.7755000000000001,FALSE
f4r3-182,f4r3-182,MP,f4r3,saithe,saithe,0.612,cod,0.161,0.45099999999999996,0.8325,FALSE
r9f5-18,r9f5-18,MP,r9f5,haddock,haddock,0.6125,cod,0.214,0.3985000000000001,0.9955,FALSE
f1r9-61,f1r9-61,No_MP,f1r9,saithe,saithe,0.613,lesser_sand_eel,0.1885,0.4245,0.7494999999999999,FALSE
f4r7-24,f4r7-24,No_MP,f4r7,saithe,saithe,0.6135,wrasse,0.139,0.47450000000000003,0.7875000000000001,FALSE
r8f5-95,r8f5-95,MP,r8f5,poor_cod,poor_cod,0.6145,lesser_sand_eel,0.195,0.41950000000000004,0.8,FALSE
f4r5-154,f4r5-154,No_MP,f4r5,saithe,saithe,0.6145,cod,0.207,0.4075000000000001,0.8875000000000001,FALSE
f4r5-179,f4r5-179,No_MP,f4r5,saithe,saithe,0.6145,wrasse,0.146,0.4685,0.791,FALSE
f3r1-24,f3r1-24,No_MP,f3r1,saithe,saithe,0.6155,wrasse,0.142,0.47350000000000003,0.7725000000000001,FALSE
f4r3-28,f4r3-28,MP,f4r3,saithe,saithe,0.616,wrasse,0.16,0.45599999999999996,0.8315,FALSE
f2r3-7,f2r3-7,No_MP,f2r3,saithe,saithe,0.616,norway_pout,0.222,0.394,0.981,FALSE
f3r1-2,f3r1-2,No_MP,f3r1,saithe,saithe,0.616,lesser_sand_eel,0.153,0.46299999999999997,0.762,FALSE
f4r3-185,f4r3-185,MP,f4r3,saithe,saithe,0.6165,cod,0.1755,0.44100000000000006,0.8445,FALSE
r6f5-41,r6f5-41,MP,r6f5,saithe,saithe,0.6165,wrasse,0.182,0.43450000000000005,0.7725000000000001,FALSE
r7f5-115,r7f5-115,No_MP,r7f5,saithe,saithe,0.617,cod,0.1625,0.4545,0.8365,FALSE
r7f5-174,r7f5-174,No_MP,r7f5,saithe,saithe,0.617,wrasse,0.129,0.488,0.7955,FALSE
f3r8-3,f3r8-3,MP,f3r8,cod,cod,0.6175,haddock,0.1515,0.4660000000000001,0.9510000000000001,FALSE
f4r10-34,f4r10-34,MP,f4r10,saithe,saithe,0.6175,wrasse,0.138,0.47950000000000004,0.794,FALSE
f4r5-76,f4r5-76,No_MP,f4r5,saithe,saithe,0.618,wrasse,0.1545,0.4635,0.84,FALSE
r7f5-58,r7f5-58,No_MP,r7f5,saithe,saithe,0.618,wrasse,0.124,0.494,0.8185,FALSE
f4r3-175,f4r3-175,MP,f4r3,saithe,saithe,0.6185,wrasse,0.1335,0.48500000000000004,0.807,FALSE
r6f5-70,r6f5-70,MP,r6f5,poor_cod,poor_cod,0.6185,lesser_sand_eel,0.1605,0.4580000000000001,0.8350000000000001,FALSE
f1r1-2,f1r1-2,No_MP,f1r1,saithe,saithe,0.6185,norway_pout,0.1945,0.42400000000000004,0.9665,FALSE
f1r1-19,f1r1-19,No_MP,f1r1,saithe,saithe,0.619,norway_pout,0.2485,0.3705,0.981,FALSE
f4r3-170,f4r3-170,MP,f4r3,saithe,saithe,0.62,wrasse,0.1305,0.4895,0.8065,FALSE
f4r3-191,f4r3-191,MP,f4r3,saithe,saithe,0.62,cod,0.197,0.423,0.879,FALSE
r8f5-42,r8f5-42,MP,r8f5,saithe,saithe,0.62,wrasse,0.1385,0.4815,0.8,FALSE
f2r3-25,f2r3-25,No_MP,f2r3,saithe,saithe,0.62,norway_pout,0.2175,0.40249999999999997,0.9745,FALSE
f4r3-146,f4r3-146,MP,f4r3,saithe,saithe,0.6205,wrasse,0.123,0.49750000000000005,0.8140000000000001,FALSE
f4r5-190,f4r5-190,No_MP,f4r5,saithe,saithe,0.6205,wrasse,0.164,0.4565,0.8310000000000001,FALSE
r7f5-79,r7f5-79,No_MP,r7f5,saithe,saithe,0.621,wrasse,0.1795,0.4415,0.814,FALSE
f1r5-65,f1r5-65,MP,f1r5,saithe,saithe,0.6215,wrasse,0.1925,0.42900000000000005,0.804,FALSE
r8f5-46,r8f5-46,MP,r8f5,saithe,saithe,0.6215,haddock,0.1535,0.4680000000000001,0.9700000000000001,FALSE
f3r1-28,f3r1-28,No_MP,f3r1,poor_cod,poor_cod,0.622,lesser_sand_eel,0.2225,0.39949999999999997,0.759,FALSE
r7f5-57,r7f5-57,No_MP,r7f5,saithe,saithe,0.622,wrasse,0.1165,0.5055,0.8305,FALSE
f3r3-82,f3r3-82,No_MP,f3r3,saithe,saithe,0.624,wrasse,0.1265,0.4975,0.76,FALSE
r9f5-8,r9f5-8,MP,r9f5,saithe,saithe,0.6245,cod,0.1615,0.4630000000000001,0.8430000000000001,FALSE
r7f5-69,r7f5-69,No_MP,r7f5,saithe,saithe,0.6245,wrasse,0.125,0.49950000000000006,0.808,FALSE
f4r7-11,f4r7-11,No_MP,f4r7,saithe,saithe,0.625,cod,0.2345,0.3905,0.9934999999999999,FALSE
r7f5-185,r7f5-185,No_MP,r7f5,saithe,saithe,0.6265,wrasse,0.14,0.48649999999999993,0.7989999999999999,FALSE
f1r5-4,f1r5-4,MP,f1r5,saithe,saithe,0.627,wrasse,0.188,0.439,0.8085,FALSE
f4r3-43,f4r3-43,MP,f4r3,saithe,saithe,0.6295,lesser_sand_eel,0.141,0.48849999999999993,0.7655,FALSE
f4r3-89,f4r3-89,MP,f4r3,saithe,saithe,0.6295,wrasse,0.155,0.4744999999999999,0.842,FALSE
r7f5-74,r7f5-74,No_MP,r7f5,saithe,saithe,0.6295,wrasse,0.122,0.5075,0.8135,FALSE
r9f5-19,r9f5-19,MP,r9f5,saithe,saithe,0.63,cod,0.1545,0.47550000000000003,0.8395,FALSE
r7f5-87,r7f5-87,No_MP,r7f5,saithe,saithe,0.6305,wrasse,0.1255,0.5049999999999999,0.8095,FALSE
f3r3-94,f3r3-94,No_MP,f3r3,saithe,saithe,0.6315,wrasse,0.1385,0.49299999999999994,0.7875,FALSE
f4r3-139,f4r3-139,MP,f4r3,saithe,saithe,0.632,wrasse,0.1065,0.5255,0.833,FALSE
f3r3-87,f3r3-87,No_MP,f3r3,saithe,saithe,0.633,lesser_sand_eel,0.1035,0.5295,0.8085,FALSE
r6f5-6,r6f5-6,MP,r6f5,saithe,saithe,0.634,wrasse,0.1345,0.4995,0.8075,FALSE
f3r1-21,f3r1-21,No_MP,f3r1,saithe,saithe,0.6345,wrasse,0.13,0.5045,0.8069999999999999,FALSE
f3r8-18,f3r8-18,MP,f3r8,saithe,saithe,0.635,wrasse,0.121,0.514,0.818,FALSE
f4r3-65,f4r3-65,MP,f4r3,saithe,saithe,0.6355,cod,0.161,0.4744999999999999,0.874,FALSE
r7f5-91,r7f5-91,No_MP,r7f5,saithe,saithe,0.6375,wrasse,0.1255,0.512,0.8119999999999999,FALSE
f4r3-155,f4r3-155,MP,f4r3,saithe,saithe,0.6385,cod,0.1475,0.491,0.848,FALSE
f4r3-163,f4r3-163,MP,f4r3,saithe,saithe,0.6395,cod,0.1075,0.5319999999999999,0.851,FALSE
f4r5-181,f4r5-181,No_MP,f4r5,saithe,saithe,0.642,wrasse,0.119,0.523,0.8185,FALSE
r7f5-84,r7f5-84,No_MP,r7f5,saithe,saithe,0.642,wrasse,0.1275,0.5145,0.806,FALSE
f4r10-9,f4r10-9,MP,f4r10,poor_cod,poor_cod,0.6425,norway_pout,0.14,0.5025,0.9595,FALSE
r7f5-109,r7f5-109,No_MP,r7f5,saithe,saithe,0.6425,lesser_sand_eel,0.1835,0.45899999999999996,0.7625,FALSE
f3r1-18,f3r1-18,No_MP,f3r1,saithe,saithe,0.6445,wrasse,0.1005,0.5439999999999999,0.816,FALSE
f4r3-9,f4r3-9,MP,f4r3,saithe,saithe,0.645,wrasse,0.148,0.497,0.8450000000000001,FALSE
r7f5-191,r7f5-191,No_MP,r7f5,saithe,saithe,0.646,wrasse,0.1225,0.5235000000000001,0.8150000000000001,FALSE
f4r7-15,f4r7-15,No_MP,f4r7,saithe,saithe,0.6465,cod,0.24,0.4065,0.981,FALSE
r7f5-122,r7f5-122,No_MP,r7f5,saithe,saithe,0.6465,wrasse,0.1315,0.5149999999999999,0.8384999999999999,FALSE
f4r10-56,f4r10-56,MP,f4r10,saithe,saithe,0.6475,wrasse,0.146,0.5015,0.85,FALSE
f3r3-3,f3r3-3,No_MP,f3r3,saithe,saithe,0.6475,haddock,0.0915,0.5559999999999999,0.8969999999999999,FALSE
f4r5-231,f4r5-231,No_MP,f4r5,saithe,saithe,0.6475,wrasse,0.149,0.49849999999999994,0.8465,FALSE
f4r3-125,f4r3-125,MP,f4r3,saithe,saithe,0.6505,cod,0.142,0.5085,0.878,FALSE
f4r10-23,f4r10-23,MP,f4r10,poor_cod,poor_cod,0.653,norway_pout,0.137,0.516,0.905,FALSE
f4r5-39,f4r5-39,No_MP,f4r5,saithe,saithe,0.6555,cod,0.2025,0.45299999999999996,0.9445,FALSE
f4r3-143,f4r3-143,MP,f4r3,saithe,saithe,0.656,wrasse,0.129,0.527,0.8270000000000001,FALSE
r8f5-87,r8f5-87,MP,r8f5,saithe,saithe,0.656,cod,0.0995,0.5565,0.896,FALSE
f1r1-11,f1r1-11,No_MP,f1r1,saithe,saithe,0.656,wrasse,0.117,0.539,0.8115,FALSE
r6f3-33,r6f3-33,MP,r6f3,saithe,saithe,0.6565,wrasse,0.122,0.5345,0.8245,FALSE
f3r3-51,f3r3-51,No_MP,f3r3,saithe,saithe,0.6565,wrasse,0.089,0.5675,0.825,FALSE
r7f5-148,r7f5-148,No_MP,r7f5,saithe,saithe,0.657,cod,0.192,0.465,0.884,FALSE
f4r3-141,f4r3-141,MP,f4r3,saithe,saithe,0.6575,wrasse,0.142,0.5155,0.854,FALSE
f4r5-178,f4r5-178,No_MP,f4r5,saithe,saithe,0.6595,cod,0.1945,0.46499999999999997,0.917,FALSE
f4r5-186,f4r5-186,No_MP,f4r5,saithe,saithe,0.6595,cod,0.104,0.5555,0.8494999999999999,FALSE
f1r5-5,f1r5-5,MP,f1r5,saithe,saithe,0.66,wrasse,0.1205,0.5395000000000001,0.8140000000000001,FALSE
f4r10-3,f4r10-3,MP,f4r10,poor_cod,poor_cod,0.66,norway_pout,0.1255,0.5345,0.9530000000000001,FALSE
f4r5-245,f4r5-245,No_MP,f4r5,saithe,saithe,0.66,cod,0.1655,0.49450000000000005,0.8785000000000001,FALSE
f1r5-2,f1r5-2,MP,f1r5,saithe,saithe,0.661,cod,0.1625,0.49850000000000005,0.875,FALSE
r7f5-119,r7f5-119,No_MP,r7f5,saithe,saithe,0.661,cod,0.201,0.46,0.922,FALSE
r6f5-54,r6f5-54,MP,r6f5,saithe,saithe,0.662,wrasse,0.118,0.544,0.8425,FALSE
f3r3-48,f3r3-48,No_MP,f3r3,saithe,saithe,0.662,cod,0.207,0.45500000000000007,0.9605,FALSE
f4r3-183,f4r3-183,MP,f4r3,saithe,saithe,0.6625,wrasse,0.127,0.5355,0.8445,FALSE
f4r7-12,f4r7-12,No_MP,f4r7,saithe,saithe,0.6625,cod,0.2065,0.45599999999999996,0.959,FALSE
f3r1-19,f3r1-19,No_MP,f3r1,saithe,saithe,0.6635,wrasse,0.129,0.5345,0.8415,FALSE
f4r5-192,f4r5-192,No_MP,f4r5,saithe,saithe,0.664,wrasse,0.1125,0.5515,0.8235,FALSE
f1r5-36,f1r5-36,MP,f1r5,saithe,saithe,0.6645,cod,0.183,0.4815,0.903,FALSE
f4r3-127,f4r3-127,MP,f4r3,saithe,saithe,0.6645,cod,0.135,0.5295,0.8795,FALSE
f4r3-33,f4r3-33,MP,f4r3,saithe,saithe,0.665,cod,0.1895,0.47550000000000003,0.9215,FALSE
r7f5-195,r7f5-195,No_MP,r7f5,saithe,saithe,0.665,wrasse,0.1015,0.5635,0.8500000000000001,FALSE
f4r5-239,f4r5-239,No_MP,f4r5,saithe,saithe,0.6655,cod,0.1525,0.513,0.8674999999999999,FALSE
f1r5-44,f1r5-44,MP,f1r5,saithe,saithe,0.666,haddock,0.099,0.5670000000000001,0.9305,FALSE
f4r3-173,f4r3-173,MP,f4r3,saithe,saithe,0.6665,wrasse,0.138,0.5285,0.8564999999999999,FALSE
r6f3-5,r6f3-5,MP,r6f3,saithe,saithe,0.6665,cod,0.1675,0.499,0.8785,FALSE
f1r9-37,f1r9-37,No_MP,f1r9,saithe,saithe,0.6675,wrasse,0.114,0.5535,0.8275,FALSE
f4r3-17,f4r3-17,MP,f4r3,saithe,saithe,0.6705,cod,0.1485,0.522,0.8734999999999999,FALSE
f1r9-47,f1r9-47,No_MP,f1r9,saithe,saithe,0.6705,wrasse,0.1265,0.544,0.8325,FALSE
f4r3-37,f4r3-37,MP,f4r3,saithe,saithe,0.671,cod,0.1635,0.5075000000000001,0.8815000000000001,FALSE
r8f5-52,r8f5-52,MP,r8f5,saithe,saithe,0.671,cod,0.1835,0.48750000000000004,0.9375,FALSE
f4r5-107,f4r5-107,No_MP,f4r5,saithe,saithe,0.672,wrasse,0.102,0.5700000000000001,0.8385,FALSE
f1r5-24,f1r5-24,MP,f1r5,saithe,saithe,0.6725,wrasse,0.13,0.5425,0.854,FALSE
r7f5-136,r7f5-136,No_MP,r7f5,saithe,saithe,0.6735,wrasse,0.109,0.5645,0.8395,FALSE
f4r3-61,f4r3-61,MP,f4r3,saithe,saithe,0.674,cod,0.142,0.532,0.8895000000000001,FALSE
r9f5-20,r9f5-20,MP,r9f5,saithe,saithe,0.675,cod,0.195,0.48000000000000004,0.925,FALSE
f4r3-140,f4r3-140,MP,f4r3,saithe,saithe,0.676,cod,0.232,0.44400000000000006,0.9585,FALSE
r8f5-81,r8f5-81,MP,r8f5,saithe,saithe,0.676,wrasse,0.112,0.5640000000000001,0.812,FALSE
f4r5-201,f4r5-201,No_MP,f4r5,saithe,saithe,0.6765,cod,0.174,0.5025,0.9319999999999999,FALSE
r7f5-124,r7f5-124,No_MP,r7f5,saithe,saithe,0.6765,cod,0.1925,0.484,0.9319999999999999,FALSE
r7f5-90,r7f5-90,No_MP,r7f5,saithe,saithe,0.6765,wrasse,0.1015,0.575,0.841,FALSE
f4r3-20,f4r3-20,MP,f4r3,saithe,saithe,0.6775,cod,0.161,0.5165,0.897,FALSE
f3r3-28,f3r3-28,No_MP,f3r3,saithe,saithe,0.6775,cod,0.1945,0.483,0.9305,FALSE
r6f5-64,r6f5-64,MP,r6f5,poor_cod,poor_cod,0.678,norway_pout,0.127,0.551,0.9430000000000001,FALSE
f4r3-168,f4r3-168,MP,f4r3,saithe,saithe,0.6795,cod,0.1875,0.492,0.94,FALSE
f4r5-109,f4r5-109,No_MP,f4r5,saithe,saithe,0.6795,cod,0.1955,0.484,0.9265,FALSE
f1r9-43,f1r9-43,No_MP,f1r9,saithe,saithe,0.68,cod,0.164,0.516,0.9125000000000001,FALSE
f4r5-29,f4r5-29,No_MP,f4r5,saithe,saithe,0.68,cod,0.102,0.5780000000000001,0.8305,FALSE
f4r3-22,f4r3-22,MP,f4r3,saithe,saithe,0.6805,cod,0.17,0.5105,0.8965,FALSE
r7f5-145,r7f5-145,No_MP,r7f5,saithe,saithe,0.6805,cod,0.234,0.4465,0.957,FALSE
r8f5-36,r8f5-36,MP,r8f5,saithe,saithe,0.681,lesser_sand_eel,0.085,0.5960000000000001,0.8310000000000001,FALSE
f3r1-15,f3r1-15,No_MP,f3r1,saithe,saithe,0.681,cod,0.1435,0.5375000000000001,0.8685,FALSE
f1r9-38,f1r9-38,No_MP,f1r9,saithe,saithe,0.6815,cod,0.209,0.47250000000000003,0.951,FALSE
r7f5-56,r7f5-56,No_MP,r7f5,saithe,saithe,0.6815,cod,0.1385,0.5429999999999999,0.8815,FALSE
f1r5-60,f1r5-60,MP,f1r5,saithe,saithe,0.6825,cod,0.17,0.5125,0.9255,FALSE
f4r3-158,f4r3-158,MP,f4r3,saithe,saithe,0.6825,cod,0.111,0.5715,0.864,FALSE
f4r5-156,f4r5-156,No_MP,f4r5,saithe,saithe,0.6825,cod,0.2215,0.46099999999999997,0.9565,FALSE
r7f5-105,r7f5-105,No_MP,r7f5,saithe,saithe,0.6825,cod,0.1135,0.569,0.865,FALSE
f1r5-17,f1r5-17,MP,f1r5,saithe,saithe,0.683,cod,0.1795,0.5035000000000001,0.9255,FALSE
f1r9-32,f1r9-32,No_MP,f1r9,saithe,saithe,0.683,cod,0.112,0.5710000000000001,0.9085000000000001,FALSE
f4r5-22,f4r5-22,No_MP,f4r5,saithe,saithe,0.6835,cod,0.2085,0.475,0.9625,FALSE
r6f5-56,r6f5-56,MP,r6f5,saithe,saithe,0.684,wrasse,0.0875,0.5965,0.8605,FALSE
f3r3-36,f3r3-36,No_MP,f3r3,saithe,saithe,0.684,cod,0.1855,0.49850000000000005,0.9665,FALSE
r8f5-64,r8f5-64,MP,r8f5,saithe,saithe,0.685,wrasse,0.093,0.5920000000000001,0.8530000000000001,FALSE
r7f5-110,r7f5-110,No_MP,r7f5,saithe,saithe,0.6855,cod,0.1275,0.558,0.887,FALSE
r8f5-65,r8f5-65,MP,r8f5,saithe,saithe,0.686,wrasse,0.1025,0.5835,0.8470000000000001,FALSE
f4r5-221,f4r5-221,No_MP,f4r5,saithe,saithe,0.686,cod,0.183,0.5030000000000001,0.92,FALSE
f4r5-229,f4r5-229,No_MP,f4r5,saithe,saithe,0.686,cod,0.097,0.5890000000000001,0.8500000000000001,FALSE
r9f5-13,r9f5-13,MP,r9f5,saithe,saithe,0.687,cod,0.2265,0.4605,0.9630000000000001,FALSE
f1r9-26,f1r9-26,No_MP,f1r9,saithe,saithe,0.687,cod,0.155,0.532,0.889,FALSE
f2r3-15,f2r3-15,No_MP,f2r3,saithe,saithe,0.687,cod,0.167,0.52,0.928,FALSE
f4r3-124,f4r3-124,MP,f4r3,saithe,saithe,0.6875,cod,0.2135,0.474,0.944,FALSE
f1r9-62,f1r9-62,No_MP,f1r9,saithe,saithe,0.6875,norway_pout,0.1505,0.537,0.972,FALSE
f4r5-155,f4r5-155,No_MP,f4r5,saithe,saithe,0.6875,lesser_sand_eel,0.084,0.6035,0.8705,FALSE
r7f5-49,r7f5-49,No_MP,r7f5,norway_pout,norway_pout,0.6875,poor_cod,0.185,0.5025,0.943,FALSE
f4r3-46,f4r3-46,MP,f4r3,saithe,saithe,0.688,cod,0.1625,0.5255,0.9085,FALSE
f1r9-54,f1r9-54,No_MP,f1r9,saithe,saithe,0.688,cod,0.1265,0.5614999999999999,0.8799999999999999,FALSE
f4r3-178,f4r3-178,MP,f4r3,saithe,saithe,0.6885,cod,0.1965,0.492,0.9485,FALSE
f4r3-73,f4r3-73,MP,f4r3,saithe,saithe,0.6885,cod,0.179,0.5095000000000001,0.91,FALSE
r8f5-55,r8f5-55,MP,r8f5,saithe,saithe,0.6885,lesser_sand_eel,0.105,0.5835,0.8135,FALSE
f4r5-120,f4r5-120,No_MP,f4r5,saithe,saithe,0.6885,haddock,0.0935,0.595,0.935,FALSE
f4r3-74,f4r3-74,MP,f4r3,saithe,saithe,0.69,cod,0.211,0.479,0.9524999999999999,FALSE
f4r5-73,f4r5-73,No_MP,f4r5,saithe,saithe,0.69,cod,0.1505,0.5395,0.8889999999999999,FALSE
f4r3-154,f4r3-154,MP,f4r3,saithe,saithe,0.6905,cod,0.197,0.4935,0.951,FALSE
r8f5-48,r8f5-48,MP,r8f5,saithe,saithe,0.6905,cod,0.171,0.5195,0.9125,FALSE
f3r8-10,f3r8-10,MP,f3r8,saithe,saithe,0.6915,cod,0.2045,0.487,0.942,FALSE
f4r3-152,f4r3-152,MP,f4r3,saithe,saithe,0.692,wrasse,0.093,0.599,0.846,FALSE
f3r3-66,f3r3-66,No_MP,f3r3,saithe,saithe,0.692,lesser_sand_eel,0.0775,0.6144999999999999,0.852,FALSE
r7f5-173,r7f5-173,No_MP,r7f5,saithe,saithe,0.692,cod,0.105,0.587,0.8789999999999999,FALSE
f4r5-207,f4r5-207,No_MP,f4r5,saithe,saithe,0.6925,cod,0.1525,0.54,0.896,FALSE
f4r5-93,f4r5-93,No_MP,f4r5,saithe,saithe,0.6925,cod,0.1725,0.52,0.9555,FALSE
f1r9-68,f1r9-68,No_MP,f1r9,saithe,saithe,0.693,cod,0.1375,0.5554999999999999,0.9634999999999999,FALSE
f4r5-77,f4r5-77,No_MP,f4r5,saithe,saithe,0.693,cod,0.194,0.49899999999999994,0.962,FALSE
f4r3-110,f4r3-110,MP,f4r3,saithe,saithe,0.6935,cod,0.1235,0.5700000000000001,0.888,FALSE
f3r3-71,f3r3-71,No_MP,f3r3,saithe,saithe,0.6935,cod,0.2025,0.491,0.965,FALSE
f4r5-241,f4r5-241,No_MP,f4r5,saithe,saithe,0.695,lesser_sand_eel,0.081,0.614,0.8544999999999999,FALSE
f4r3-114,f4r3-114,MP,f4r3,saithe,saithe,0.6955,cod,0.147,0.5485,0.9105,FALSE
r7f5-72,r7f5-72,No_MP,r7f5,saithe,saithe,0.6955,cod,0.2035,0.492,0.9575,FALSE
f4r5-222,f4r5-222,No_MP,f4r5,saithe,saithe,0.6965,lesser_sand_eel,0.0925,0.604,0.837,FALSE
r7f5-99,r7f5-99,No_MP,r7f5,saithe,saithe,0.6975,cod,0.217,0.48050000000000004,0.957,FALSE
f1r9-23,f1r9-23,No_MP,f1r9,saithe,saithe,0.699,cod,0.088,0.611,0.8474999999999999,FALSE
f4r5-127,f4r5-127,No_MP,f4r5,saithe,saithe,0.699,cod,0.173,0.526,0.9199999999999999,FALSE
f4r5-194,f4r5-194,No_MP,f4r5,saithe,saithe,0.699,cod,0.1585,0.5405,0.9119999999999999,FALSE
f1r5-3,f1r5-3,MP,f1r5,saithe,saithe,0.6995,cod,0.171,0.5285,0.9455,FALSE
f4r10-46,f4r10-46,MP,f4r10,saithe,saithe,0.6995,cod,0.1335,0.5660000000000001,0.8965000000000001,FALSE
f4r3-59,f4r3-59,MP,f4r3,saithe,saithe,0.6995,cod,0.153,0.5465,0.9125,FALSE
r6f5-14,r6f5-14,MP,r6f5,saithe,saithe,0.6995,lesser_sand_eel,0.16,0.5395,0.804,FALSE
f4r5-147,f4r5-147,No_MP,f4r5,saithe,saithe,0.7,cod,0.1345,0.5654999999999999,0.9055,FALSE
f4r5-225,f4r5-225,No_MP,f4r5,saithe,saithe,0.7005,cod,0.1215,0.579,0.8745,FALSE
f1r5-8,f1r5-8,MP,f1r5,saithe,saithe,0.701,cod,0.1435,0.5575,0.9125,FALSE
f4r3-180,f4r3-180,MP,f4r3,saithe,saithe,0.701,cod,0.2,0.5009999999999999,0.959,FALSE
f1r9-66,f1r9-66,No_MP,f1r9,saithe,saithe,0.701,cod,0.152,0.5489999999999999,0.8995,FALSE
f3r3-63,f3r3-63,No_MP,f3r3,saithe,saithe,0.701,cod,0.205,0.496,0.972,FALSE
r7f5-95,r7f5-95,No_MP,r7f5,saithe,saithe,0.701,cod,0.1665,0.5345,0.9109999999999999,FALSE
f4r3-27,f4r3-27,MP,f4r3,saithe,saithe,0.702,cod,0.222,0.48,0.9644999999999999,FALSE
f4r7-25,f4r7-25,No_MP,f4r7,saithe,saithe,0.702,cod,0.1195,0.5825,0.86,FALSE
f4r3-184,f4r3-184,MP,f4r3,saithe,saithe,0.7025,cod,0.1145,0.588,0.9005,FALSE
r7f5-63,r7f5-63,No_MP,r7f5,saithe,saithe,0.7025,cod,0.0845,0.618,0.8705,FALSE
f1r5-23,f1r5-23,MP,f1r5,saithe,saithe,0.703,cod,0.194,0.5089999999999999,0.967,FALSE
f4r3-71,f4r3-71,MP,f4r3,saithe,saithe,0.7035,cod,0.1825,0.521,0.9315,FALSE
f1r9-53,f1r9-53,No_MP,f1r9,saithe,saithe,0.7035,cod,0.166,0.5375,0.921,FALSE
f3r3-50,f3r3-50,No_MP,f3r3,saithe,saithe,0.704,cod,0.16,0.5439999999999999,0.947,FALSE
r6f5-28,r6f5-28,MP,r6f5,saithe,saithe,0.705,wrasse,0.0885,0.6164999999999999,0.857,FALSE
r9f5-5,r9f5-5,MP,r9f5,saithe,saithe,0.705,cod,0.1,0.605,0.872,FALSE
f4r5-121,f4r5-121,No_MP,f4r5,saithe,saithe,0.705,cod,0.1935,0.5115,0.9535,FALSE
r6f3-13,r6f3-13,MP,r6f3,saithe,saithe,0.7055,cod,0.195,0.5105,0.9495,FALSE
f4r3-77,f4r3-77,MP,f4r3,saithe,saithe,0.706,cod,0.14,0.566,0.904,FALSE
r8f5-72,r8f5-72,MP,r8f5,saithe,saithe,0.706,cod,0.1375,0.5685,0.948,FALSE
f3r3-49,f3r3-49,No_MP,f3r3,saithe,saithe,0.706,cod,0.1635,0.5425,0.9199999999999999,FALSE
f4r5-44,f4r5-44,No_MP,f4r5,saithe,saithe,0.706,cod,0.132,0.574,0.9015,FALSE
r7f5-82,r7f5-82,No_MP,r7f5,saithe,saithe,0.706,cod,0.1725,0.5335,0.9205,FALSE
f4r3-137,f4r3-137,MP,f4r3,saithe,saithe,0.7065,cod,0.178,0.5285,0.9305,FALSE
f4r3-31,f4r3-31,MP,f4r3,saithe,saithe,0.7065,cod,0.1515,0.555,0.907,FALSE
f4r5-187,f4r5-187,No_MP,f4r5,saithe,saithe,0.7065,cod,0.1305,0.5760000000000001,0.906,FALSE
f4r3-41,f4r3-41,MP,f4r3,saithe,saithe,0.7075,cod,0.169,0.5385,0.931,FALSE
r8f5-84,r8f5-84,MP,r8f5,saithe,saithe,0.7075,cod,0.0735,0.634,0.8945,FALSE
f3r3-21,f3r3-21,No_MP,f3r3,saithe,saithe,0.7075,lesser_sand_eel,0.1005,0.607,0.8355,FALSE
f4r5-133,f4r5-133,No_MP,f4r5,saithe,saithe,0.7075,cod,0.158,0.5495,0.9155,FALSE
f3r3-42,f3r3-42,No_MP,f3r3,saithe,saithe,0.708,cod,0.134,0.574,0.888,FALSE
f4r3-164,f4r3-164,MP,f4r3,saithe,saithe,0.7085,cod,0.156,0.5525,0.924,FALSE
r6f5-38,r6f5-38,MP,r6f5,saithe,saithe,0.7085,norway_pout,0.089,0.6195,0.9480000000000001,FALSE
f3r1-14,f3r1-14,No_MP,f3r1,saithe,saithe,0.7085,norway_pout,0.135,0.5735,0.971,FALSE
f4r5-97,f4r5-97,No_MP,f4r5,saithe,saithe,0.7085,wrasse,0.078,0.6305000000000001,0.8455,FALSE
f1r5-27,f1r5-27,MP,f1r5,saithe,saithe,0.7095,cod,0.1445,0.5650000000000001,0.923,FALSE
f4r5-218,f4r5-218,No_MP,f4r5,saithe,saithe,0.7095,cod,0.119,0.5905,0.89,FALSE
f4r10-17,f4r10-17,MP,f4r10,poor_cod,poor_cod,0.71,norway_pout,0.1275,0.5825,0.9574999999999999,FALSE
f4r3-176,f4r3-176,MP,f4r3,saithe,saithe,0.71,cod,0.178,0.532,0.941,FALSE
f4r3-153,f4r3-153,MP,f4r3,saithe,saithe,0.7105,cod,0.09,0.6205,0.8765000000000001,FALSE
f4r3-4,f4r3-4,MP,f4r3,saithe,saithe,0.7105,cod,0.2015,0.509,0.9570000000000001,FALSE
f4r5-122,f4r5-122,No_MP,f4r5,saithe,saithe,0.711,cod,0.189,0.522,0.947,FALSE
f4r5-215,f4r5-215,No_MP,f4r5,saithe,saithe,0.711,cod,0.152,0.5589999999999999,0.9085,FALSE
r7f5-77,r7f5-77,No_MP,r7f5,saithe,saithe,0.712,cod,0.1575,0.5545,0.9265,FALSE
f3r3-72,f3r3-72,No_MP,f3r3,saithe,saithe,0.7125,cod,0.0975,0.615,0.875,FALSE
f1r5-42,f1r5-42,MP,f1r5,saithe,saithe,0.713,cod,0.2035,0.5095,0.9744999999999999,FALSE
f1r5-57,f1r5-57,MP,f1r5,saithe,saithe,0.713,cod,0.1475,0.5655,0.9634999999999999,FALSE
f4r3-24,f4r3-24,MP,f4r3,saithe,saithe,0.713,cod,0.1775,0.5355,0.945,FALSE
r8f5-25,r8f5-25,MP,r8f5,saithe,saithe,0.713,lesser_sand_eel,0.12,0.593,0.848,FALSE
f1r9-13,f1r9-13,No_MP,f1r9,saithe,saithe,0.713,lesser_sand_eel,0.097,0.616,0.853,FALSE
f4r5-152,f4r5-152,No_MP,f4r5,saithe,saithe,0.713,cod,0.1575,0.5555,0.942,FALSE
f4r3-165,f4r3-165,MP,f4r3,saithe,saithe,0.7135,cod,0.1555,0.558,0.9515,FALSE
r8f5-33,r8f5-33,MP,r8f5,saithe,saithe,0.7135,cod,0.135,0.5785,0.8865000000000001,FALSE
r6f5-26,r6f5-26,MP,r6f5,saithe,saithe,0.7145,cod,0.168,0.5465,0.9325,FALSE
f1r5-26,f1r5-26,MP,f1r5,saithe,saithe,0.715,cod,0.1215,0.5934999999999999,0.8925,FALSE
r6f5-59,r6f5-59,MP,r6f5,saithe,saithe,0.715,cod,0.169,0.5459999999999999,0.9299999999999999,FALSE
r8f5-99,r8f5-99,MP,r8f5,cod,cod,0.715,saithe,0.1675,0.5475,0.999,FALSE
f3r3-88,f3r3-88,No_MP,f3r3,saithe,saithe,0.715,cod,0.092,0.623,0.896,FALSE
f3r1-5,f3r1-5,No_MP,f3r1,saithe,saithe,0.7155,cod,0.1585,0.557,0.9205,FALSE
f4r3-108,f4r3-108,MP,f4r3,saithe,saithe,0.716,cod,0.1325,0.5834999999999999,0.9249999999999999,FALSE
f1r9-18,f1r9-18,No_MP,f1r9,saithe,saithe,0.716,cod,0.149,0.567,0.9259999999999999,FALSE
r6f3-4,r6f3-4,MP,r6f3,cod,cod,0.7165,saithe,0.144,0.5725,0.992,FALSE
f1r9-42,f1r9-42,No_MP,f1r9,saithe,saithe,0.7165,cod,0.117,0.5995,0.906,FALSE
f3r3-40,f3r3-40,No_MP,f3r3,saithe,saithe,0.7165,cod,0.191,0.5255000000000001,0.9455,FALSE
f4r3-169,f4r3-169,MP,f4r3,saithe,saithe,0.717,wrasse,0.0795,0.6375,0.8755,FALSE
f3r3-29,f3r3-29,No_MP,f3r3,saithe,saithe,0.7175,lesser_sand_eel,0.1295,0.5880000000000001,0.8410000000000001,FALSE
f3r3-89,f3r3-89,No_MP,f3r3,saithe,saithe,0.7175,cod,0.147,0.5705,0.978,FALSE
r7f5-97,r7f5-97,No_MP,r7f5,saithe,saithe,0.7175,cod,0.153,0.5645,0.918,FALSE
f4r10-45,f4r10-45,MP,f4r10,saithe,saithe,0.718,wrasse,0.0885,0.6295,0.8554999999999999,FALSE
f4r10-63,f4r10-63,MP,f4r10,saithe,saithe,0.718,cod,0.0975,0.6204999999999999,0.8805,FALSE
f4r3-30,f4r3-30,MP,f4r3,saithe,saithe,0.718,cod,0.123,0.595,0.8935,FALSE
r7f5-167,r7f5-167,No_MP,r7f5,saithe,saithe,0.718,cod,0.1385,0.5794999999999999,0.9175,FALSE
r7f5-88,r7f5-88,No_MP,r7f5,saithe,saithe,0.718,cod,0.199,0.5189999999999999,0.954,FALSE
f3r3-59,f3r3-59,No_MP,f3r3,saithe,saithe,0.7185,cod,0.136,0.5825,0.9155000000000001,FALSE
f1r5-19,f1r5-19,MP,f1r5,saithe,saithe,0.719,cod,0.1745,0.5445,0.9584999999999999,FALSE
r6f5-31,r6f5-31,MP,r6f5,saithe,saithe,0.719,wrasse,0.0865,0.6325,0.874,FALSE
f4r3-78,f4r3-78,MP,f4r3,saithe,saithe,0.7195,cod,0.1955,0.524,0.9690000000000001,FALSE
f3r3-46,f3r3-46,No_MP,f3r3,saithe,saithe,0.7195,cod,0.1385,0.581,0.9035000000000001,FALSE
r7f5-184,r7f5-184,No_MP,r7f5,saithe,saithe,0.7195,cod,0.144,0.5755,0.9195,FALSE
f1r9-55,f1r9-55,No_MP,f1r9,saithe,saithe,0.721,norway_pout,0.1155,0.6054999999999999,0.9645,FALSE
f3r3-7,f3r3-7,No_MP,f3r3,saithe,saithe,0.721,cod,0.1585,0.5625,0.9219999999999999,FALSE
r7f5-154,r7f5-154,No_MP,r7f5,saithe,saithe,0.7215,cod,0.174,0.5475000000000001,0.9455,FALSE
f1r5-66,f1r5-66,MP,f1r5,saithe,saithe,0.722,cod,0.1545,0.5675,0.9309999999999999,FALSE
f4r3-1,f4r3-1,MP,f4r3,saithe,saithe,0.722,cod,0.139,0.583,0.9145,FALSE
f3r3-73,f3r3-73,No_MP,f3r3,saithe,saithe,0.722,cod,0.128,0.594,0.893,FALSE
f4r5-61,f4r5-61,No_MP,f4r5,saithe,saithe,0.722,cod,0.2005,0.5215,0.975,FALSE
f3r1-13,f3r1-13,No_MP,f3r1,saithe,saithe,0.7225,lesser_sand_eel,0.086,0.6365000000000001,0.8985000000000001,FALSE
f3r3-47,f3r3-47,No_MP,f3r3,saithe,saithe,0.7225,cod,0.158,0.5645,0.9450000000000001,FALSE
f3r3-77,f3r3-77,No_MP,f3r3,saithe,saithe,0.7225,cod,0.1355,0.587,0.9175000000000001,FALSE
r6f5-58,r6f5-58,MP,r6f5,saithe,saithe,0.7235,cod,0.1705,0.553,0.9455,FALSE
f3r3-90,f3r3-90,No_MP,f3r3,saithe,saithe,0.7235,cod,0.2045,0.519,0.9755,FALSE
f4r5-202,f4r5-202,No_MP,f4r5,saithe,saithe,0.7235,cod,0.122,0.6015,0.9165,FALSE
f4r5-30,f4r5-30,No_MP,f4r5,saithe,saithe,0.7235,cod,0.1405,0.583,0.9420000000000001,FALSE
f3r8-5,f3r8-5,MP,f3r8,cod,cod,0.724,saithe,0.1135,0.6104999999999999,0.985,FALSE
f4r5-193,f4r5-193,No_MP,f4r5,saithe,saithe,0.724,cod,0.1235,0.6005,0.9179999999999999,FALSE
r7f5-100,r7f5-100,No_MP,r7f5,saithe,saithe,0.724,cod,0.1905,0.5335,0.957,FALSE
f1r5-29,f1r5-29,MP,f1r5,saithe,saithe,0.7245,cod,0.1805,0.544,0.9535,FALSE
r6f5-15,r6f5-15,MP,r6f5,saithe,saithe,0.7245,cod,0.1625,0.562,0.9595,FALSE
f4r3-16,f4r3-16,MP,f4r3,saithe,saithe,0.725,cod,0.185,0.54,0.968,FALSE
f3r3-37,f3r3-37,No_MP,f3r3,saithe,saithe,0.7255,cod,0.1055,0.62,0.894,FALSE
f4r3-68,f4r3-68,MP,f4r3,saithe,saithe,0.726,cod,0.174,0.552,0.9535,FALSE
f4r5-83,f4r5-83,No_MP,f4r5,saithe,saithe,0.726,cod,0.156,0.57,0.949,FALSE
f4r5-33,f4r5-33,No_MP,f4r5,saithe,saithe,0.7265,cod,0.1885,0.538,0.9785,FALSE
r7f5-59,r7f5-59,No_MP,r7f5,saithe,saithe,0.7265,cod,0.1345,0.5920000000000001,0.931,FALSE
f4r3-150,f4r3-150,MP,f4r3,saithe,saithe,0.728,cod,0.2045,0.5235,0.9644999999999999,FALSE
f3r3-43,f3r3-43,No_MP,f3r3,saithe,saithe,0.7285,cod,0.078,0.6505000000000001,0.915,FALSE
r7f5-94,r7f5-94,No_MP,r7f5,saithe,saithe,0.7285,cod,0.1955,0.533,0.9635,FALSE
f4r7-23,f4r7-23,No_MP,f4r7,saithe,saithe,0.729,cod,0.0945,0.6345,0.887,FALSE
r7f5-175,r7f5-175,No_MP,r7f5,saithe,saithe,0.729,cod,0.1235,0.6054999999999999,0.9185,FALSE
r7f5-67,r7f5-67,No_MP,r7f5,saithe,saithe,0.729,cod,0.113,0.616,0.908,FALSE
f4r10-36,f4r10-36,MP,f4r10,saithe,saithe,0.7295,cod,0.154,0.5755,0.9715,FALSE
f1r9-58,f1r9-58,No_MP,f1r9,saithe,saithe,0.7295,cod,0.1675,0.562,0.9510000000000001,FALSE
r7f5-116,r7f5-116,No_MP,r7f5,saithe,saithe,0.73,cod,0.1985,0.5315,0.9715,FALSE
f3r3-65,f3r3-65,No_MP,f3r3,saithe,saithe,0.7305,cod,0.169,0.5615,0.9485,FALSE
f1r9-34,f1r9-34,No_MP,f1r9,saithe,saithe,0.731,cod,0.1185,0.6125,0.902,FALSE
f4r3-159,f4r3-159,MP,f4r3,saithe,saithe,0.7315,cod,0.1185,0.613,0.914,FALSE
r6f5-46,r6f5-46,MP,r6f5,saithe,saithe,0.7315,cod,0.1755,0.556,0.9575,FALSE
f4r5-92,f4r5-92,No_MP,f4r5,saithe,saithe,0.7315,cod,0.089,0.6425000000000001,0.901,FALSE
f4r10-72,f4r10-72,MP,f4r10,saithe,saithe,0.732,cod,0.0955,0.6365,0.8855,FALSE
r7f5-156,r7f5-156,No_MP,r7f5,saithe,saithe,0.732,cod,0.179,0.5529999999999999,0.9545,FALSE
f4r3-189,f4r3-189,MP,f4r3,saithe,saithe,0.7325,cod,0.161,0.5715,0.9535,FALSE
f4r3-50,f4r3-50,MP,f4r3,saithe,saithe,0.7325,cod,0.1905,0.542,0.9740000000000001,FALSE
r6f5-22,r6f5-22,MP,r6f5,saithe,saithe,0.733,cod,0.078,0.655,0.872,FALSE
r8f5-61,r8f5-61,MP,r8f5,saithe,saithe,0.733,cod,0.1755,0.5575,0.956,FALSE
f3r3-69,f3r3-69,No_MP,f3r3,saithe,saithe,0.733,cod,0.1395,0.5934999999999999,0.9390000000000001,FALSE
f4r3-84,f4r3-84,MP,f4r3,saithe,saithe,0.734,cod,0.1125,0.6214999999999999,0.9015,FALSE
f1r9-15,f1r9-15,No_MP,f1r9,saithe,saithe,0.734,cod,0.155,0.579,0.9365,FALSE
f3r3-62,f3r3-62,No_MP,f3r3,saithe,saithe,0.734,wrasse,0.087,0.647,0.86,FALSE
r7f5-70,r7f5-70,No_MP,r7f5,saithe,saithe,0.734,cod,0.185,0.5489999999999999,0.965,FALSE
f4r3-145,f4r3-145,MP,f4r3,saithe,saithe,0.7345,cod,0.192,0.5425,0.9645,FALSE
r9f5-26,r9f5-26,MP,r9f5,saithe,saithe,0.7345,cod,0.181,0.5535000000000001,0.9530000000000001,FALSE
f1r9-40,f1r9-40,No_MP,f1r9,saithe,saithe,0.7345,cod,0.1605,0.5740000000000001,0.9635,FALSE
f4r5-137,f4r5-137,No_MP,f4r5,saithe,saithe,0.7345,cod,0.1215,0.613,0.9275,FALSE
r6f5-29,r6f5-29,MP,r6f5,saithe,saithe,0.735,cod,0.123,0.612,0.9165,FALSE
r7f5-146,r7f5-146,No_MP,r7f5,saithe,saithe,0.735,cod,0.1415,0.5935,0.9235,FALSE
r8f5-16,r8f5-16,MP,r8f5,saithe,saithe,0.7355,cod,0.135,0.6005,0.92,FALSE
r7f5-54,r7f5-54,No_MP,r7f5,saithe,saithe,0.7355,cod,0.186,0.5495000000000001,0.9625,FALSE
f4r3-130,f4r3-130,MP,f4r3,saithe,saithe,0.736,cod,0.1905,0.5455,0.969,FALSE
f3r3-91,f3r3-91,No_MP,f3r3,saithe,saithe,0.736,cod,0.175,0.5609999999999999,0.9745,FALSE
f1r5-47,f1r5-47,MP,f1r5,saithe,saithe,0.7365,cod,0.1955,0.541,0.9780000000000001,FALSE
f1r5-55,f1r5-55,MP,f1r5,saithe,saithe,0.7375,cod,0.1595,0.5780000000000001,0.9405,FALSE
f4r3-57,f4r3-57,MP,f4r3,saithe,saithe,0.7375,cod,0.1445,0.5930000000000001,0.9225,FALSE
f2r3-22,f2r3-22,No_MP,f2r3,saithe,saithe,0.7375,cod,0.117,0.6205,0.9075000000000001,FALSE
f4r3-49,f4r3-49,MP,f4r3,saithe,saithe,0.738,cod,0.175,0.563,0.9645,FALSE
r8f5-82,r8f5-82,MP,r8f5,saithe,saithe,0.738,cod,0.0885,0.6495,0.876,FALSE
r7f5-125,r7f5-125,No_MP,r7f5,saithe,saithe,0.738,cod,0.1255,0.6125,0.92,FALSE
f4r3-83,f4r3-83,MP,f4r3,saithe,saithe,0.7385,cod,0.12,0.6185,0.9055000000000001,FALSE
f4r3-13,f4r3-13,MP,f4r3,saithe,saithe,0.739,cod,0.1535,0.5855,0.974,FALSE
r8f5-27,r8f5-27,MP,r8f5,saithe,saithe,0.739,cod,0.136,0.603,0.924,FALSE
r9f5-6,r9f5-6,MP,r9f5,saithe,saithe,0.7395,cod,0.193,0.5465,0.9710000000000001,FALSE
f4r3-174,f4r3-174,MP,f4r3,saithe,saithe,0.74,cod,0.1295,0.6105,0.9359999999999999,FALSE
f4r3-186,f4r3-186,MP,f4r3,saithe,saithe,0.74,cod,0.1195,0.6205,0.9185,FALSE
f4r3-56,f4r3-56,MP,f4r3,saithe,saithe,0.74,cod,0.169,0.571,0.9595,FALSE
f3r3-61,f3r3-61,No_MP,f3r3,saithe,saithe,0.74,cod,0.157,0.583,0.9325,FALSE
r7f5-150,r7f5-150,No_MP,r7f5,saithe,saithe,0.74,cod,0.193,0.5469999999999999,0.9755,FALSE
f1r5-18,f1r5-18,MP,f1r5,saithe,saithe,0.7405,cod,0.1395,0.601,0.9430000000000001,FALSE
f4r10-70,f4r10-70,MP,f4r10,saithe,saithe,0.7405,cod,0.1645,0.5760000000000001,0.9530000000000001,FALSE
f4r3-136,f4r3-136,MP,f4r3,saithe,saithe,0.7405,cod,0.1625,0.5780000000000001,0.9640000000000001,FALSE
f1r9-19,f1r9-19,No_MP,f1r9,saithe,saithe,0.7405,cod,0.132,0.6085,0.9425,FALSE
f4r5-5,f4r5-5,No_MP,f4r5,saithe,saithe,0.7405,cod,0.18,0.5605,0.9600000000000001,FALSE
r7f5-193,r7f5-193,No_MP,r7f5,saithe,saithe,0.7405,cod,0.114,0.6265000000000001,0.904,FALSE
f4r3-188,f4r3-188,MP,f4r3,saithe,saithe,0.7415,cod,0.145,0.5965,0.9450000000000001,FALSE
f4r5-72,f4r5-72,No_MP,f4r5,saithe,saithe,0.7415,cod,0.1615,0.5800000000000001,0.9690000000000001,FALSE
f4r3-181,f4r3-181,MP,f4r3,saithe,saithe,0.742,cod,0.163,0.579,0.9685,FALSE
f4r3-6,f4r3-6,MP,f4r3,saithe,saithe,0.742,cod,0.148,0.594,0.9545,FALSE
f4r3-60,f4r3-60,MP,f4r3,saithe,saithe,0.742,cod,0.1705,0.5715,0.9485,FALSE
f4r5-23,f4r5-23,No_MP,f4r5,saithe,saithe,0.742,cod,0.175,0.567,0.9695,FALSE
r7f5-177,r7f5-177,No_MP,r7f5,saithe,saithe,0.742,cod,0.191,0.5509999999999999,0.977,FALSE
r7f5-65,r7f5-65,No_MP,r7f5,saithe,saithe,0.742,cod,0.1955,0.5465,0.9755,FALSE
f1r5-51,f1r5-51,MP,f1r5,saithe,saithe,0.7425,cod,0.106,0.6365000000000001,0.919,FALSE
f3r1-7,f3r1-7,No_MP,f3r1,saithe,saithe,0.7425,cod,0.1835,0.559,0.9710000000000001,FALSE
f4r5-75,f4r5-75,No_MP,f4r5,saithe,saithe,0.7425,cod,0.142,0.6005,0.9520000000000001,FALSE
r7f5-96,r7f5-96,No_MP,r7f5,saithe,saithe,0.7425,cod,0.18,0.5625,0.9660000000000001,FALSE
r8f5-44,r8f5-44,MP,r8f5,saithe,saithe,0.743,cod,0.1295,0.6134999999999999,0.9395,FALSE
f1r9-41,f1r9-41,No_MP,f1r9,saithe,saithe,0.743,cod,0.1425,0.6005,0.968,FALSE
f3r3-58,f3r3-58,No_MP,f3r3,saithe,saithe,0.743,cod,0.1645,0.5785,0.9615,FALSE
r7f5-73,r7f5-73,No_MP,r7f5,saithe,saithe,0.743,cod,0.1085,0.6345,0.9065,FALSE
f3r3-27,f3r3-27,No_MP,f3r3,saithe,saithe,0.7435,cod,0.1655,0.5780000000000001,0.9655,FALSE
r7f5-171,r7f5-171,No_MP,r7f5,saithe,saithe,0.7435,cod,0.17,0.5735,0.9595,FALSE
f1r5-20,f1r5-20,MP,f1r5,saithe,saithe,0.7445,cod,0.146,0.5985,0.9395,FALSE
f4r5-132,f4r5-132,No_MP,f4r5,saithe,saithe,0.7445,cod,0.1685,0.5760000000000001,0.9785,FALSE
f4r10-55,f4r10-55,MP,f4r10,saithe,saithe,0.745,cod,0.145,0.6,0.9435,FALSE
f1r9-24,f1r9-24,No_MP,f1r9,saithe,saithe,0.745,cod,0.0865,0.6585,0.8925,FALSE
f4r5-91,f4r5-91,No_MP,f4r5,saithe,saithe,0.745,cod,0.1535,0.5915,0.957,FALSE
f4r5-112,f4r5-112,No_MP,f4r5,saithe,saithe,0.7455,cod,0.1665,0.5790000000000001,0.9650000000000001,FALSE
f4r5-34,f4r5-34,No_MP,f4r5,saithe,saithe,0.7455,cod,0.1705,0.5750000000000001,0.9820000000000001,FALSE
f4r5-51,f4r5-51,No_MP,f4r5,saithe,saithe,0.7455,cod,0.139,0.6065,0.9635,FALSE
f4r5-94,f4r5-94,No_MP,f4r5,saithe,saithe,0.7455,cod,0.1605,0.5850000000000001,0.9710000000000001,FALSE
f1r5-40,f1r5-40,MP,f1r5,saithe,saithe,0.746,cod,0.08,0.666,0.879,FALSE
f4r3-128,f4r3-128,MP,f4r3,saithe,saithe,0.746,cod,0.156,0.59,0.955,FALSE
f4r3-133,f4r3-133,MP,f4r3,saithe,saithe,0.746,cod,0.1155,0.6305,0.9175,FALSE
r6f5-1,r6f5-1,MP,r6f5,saithe,saithe,0.7465,cod,0.154,0.5925,0.9515,FALSE
r6f5-36,r6f5-36,MP,r6f5,saithe,saithe,0.7465,cod,0.066,0.6805000000000001,0.899,FALSE
f3r1-1,f3r1-1,No_MP,f3r1,saithe,saithe,0.7465,cod,0.1095,0.637,0.914,FALSE
f4r10-6,f4r10-6,MP,f4r10,poor_cod,poor_cod,0.747,haddock,0.131,0.616,0.9565,FALSE
f4r3-86,f4r3-86,MP,f4r3,saithe,saithe,0.747,cod,0.1425,0.6045,0.9515,FALSE
f4r10-49,f4r10-49,MP,f4r10,saithe,saithe,0.7475,cod,0.1,0.6475000000000001,0.9,FALSE
f4r5-195,f4r5-195,No_MP,f4r5,saithe,saithe,0.7475,cod,0.1575,0.5900000000000001,0.9550000000000001,FALSE
f4r10-29,f4r10-29,MP,f4r10,saithe,saithe,0.748,cod,0.153,0.595,0.962,FALSE
r7f5-66,r7f5-66,No_MP,r7f5,saithe,saithe,0.748,cod,0.163,0.585,0.9645,FALSE
r6f5-5,r6f5-5,MP,r6f5,saithe,saithe,0.7485,cod,0.1545,0.5940000000000001,0.9470000000000001,FALSE
f1r9-45,f1r9-45,No_MP,f1r9,saithe,saithe,0.7485,cod,0.0845,0.664,0.8945000000000001,FALSE
f3r3-24,f3r3-24,No_MP,f3r3,saithe,saithe,0.7485,cod,0.1155,0.633,0.913,FALSE
f4r5-117,f4r5-117,No_MP,f4r5,saithe,saithe,0.7485,cod,0.163,0.5855,0.9775,FALSE
f4r5-176,f4r5-176,No_MP,f4r5,saithe,saithe,0.7485,cod,0.1795,0.5690000000000001,0.9685,FALSE
f3r3-22,f3r3-22,No_MP,f3r3,saithe,saithe,0.749,cod,0.1,0.649,0.8915,FALSE
f4r5-31,f4r5-31,No_MP,f4r5,saithe,saithe,0.749,cod,0.1565,0.5925,0.9635,FALSE
r6f5-35,r6f5-35,MP,r6f5,saithe,saithe,0.7495,cod,0.1605,0.5890000000000001,0.9615,FALSE
f4r5-13,f4r5-13,No_MP,f4r5,saithe,saithe,0.7495,cod,0.178,0.5715000000000001,0.9675,FALSE
f4r5-166,f4r5-166,No_MP,f4r5,saithe,saithe,0.7495,cod,0.173,0.5765,0.9585,FALSE
f4r5-228,f4r5-228,No_MP,f4r5,saithe,saithe,0.7495,cod,0.13,0.6195,0.9500000000000001,FALSE
r7f5-188,r7f5-188,No_MP,r7f5,saithe,saithe,0.7495,cod,0.162,0.5875,0.9640000000000001,FALSE
f4r5-148,f4r5-148,No_MP,f4r5,saithe,saithe,0.7505,cod,0.1535,0.597,0.948,FALSE
f4r5-232,f4r5-232,No_MP,f4r5,saithe,saithe,0.7505,cod,0.092,0.6585,0.9069999999999999,FALSE
f4r3-58,f4r3-58,MP,f4r3,saithe,saithe,0.751,cod,0.1665,0.5845,0.9735,FALSE
f4r10-51,f4r10-51,MP,f4r10,saithe,saithe,0.7515,cod,0.171,0.5804999999999999,0.958,FALSE
f4r5-150,f4r5-150,No_MP,f4r5,saithe,saithe,0.7515,cod,0.1335,0.6179999999999999,0.944,FALSE
f4r5-184,f4r5-184,No_MP,f4r5,saithe,saithe,0.7515,cod,0.1235,0.6279999999999999,0.9345,FALSE
f4r3-76,f4r3-76,MP,f4r3,saithe,saithe,0.752,cod,0.164,0.588,0.966,FALSE
r6f5-33,r6f5-33,MP,r6f5,saithe,saithe,0.752,cod,0.179,0.573,0.9705,FALSE
r7f5-138,r7f5-138,No_MP,r7f5,saithe,saithe,0.752,cod,0.1595,0.5925,0.9585,FALSE
f4r3-112,f4r3-112,MP,f4r3,saithe,saithe,0.7525,cod,0.12,0.6325,0.9305,FALSE
r6f5-16,r6f5-16,MP,r6f5,saithe,saithe,0.7525,cod,0.1535,0.599,0.9544999999999999,FALSE
f3r3-6,f3r3-6,No_MP,f3r3,saithe,saithe,0.7525,cod,0.1005,0.6519999999999999,0.9215,FALSE
f4r5-46,f4r5-46,No_MP,f4r5,saithe,saithe,0.7525,cod,0.156,0.5964999999999999,0.9604999999999999,FALSE
f1r5-21,f1r5-21,MP,f1r5,saithe,saithe,0.753,cod,0.148,0.605,0.948,FALSE
f4r3-104,f4r3-104,MP,f4r3,saithe,saithe,0.753,cod,0.169,0.584,0.9575,FALSE
f1r9-4,f1r9-4,No_MP,f1r9,saithe,saithe,0.753,cod,0.1445,0.6085,0.9465,FALSE
f3r3-78,f3r3-78,No_MP,f3r3,saithe,saithe,0.753,cod,0.13,0.623,0.9245,FALSE
f3r3-9,f3r3-9,No_MP,f3r3,saithe,saithe,0.753,cod,0.143,0.61,0.9545,FALSE
f4r5-124,f4r5-124,No_MP,f4r5,saithe,saithe,0.753,cod,0.1335,0.6194999999999999,0.96,FALSE
r6f5-13,r6f5-13,MP,r6f5,saithe,saithe,0.7535,cod,0.1625,0.591,0.965,FALSE
f3r3-44,f3r3-44,No_MP,f3r3,saithe,saithe,0.7535,cod,0.1145,0.6389999999999999,0.9235,FALSE
f4r10-41,f4r10-41,MP,f4r10,saithe,saithe,0.754,cod,0.1685,0.5855,0.9735,FALSE
f3r3-55,f3r3-55,No_MP,f3r3,saithe,saithe,0.754,cod,0.102,0.652,0.929,FALSE
f4r5-151,f4r5-151,No_MP,f4r5,saithe,saithe,0.754,cod,0.146,0.608,0.9645,FALSE
f4r10-48,f4r10-48,MP,f4r10,saithe,saithe,0.7545,cod,0.155,0.5994999999999999,0.9724999999999999,FALSE
r7f5-108,r7f5-108,No_MP,r7f5,saithe,saithe,0.7545,cod,0.0955,0.6589999999999999,0.9019999999999999,FALSE
f4r10-43,f4r10-43,MP,f4r10,saithe,saithe,0.755,cod,0.176,0.579,0.976,FALSE
f4r5-36,f4r5-36,No_MP,f4r5,saithe,saithe,0.755,cod,0.1375,0.6174999999999999,0.9510000000000001,FALSE
f1r5-34,f1r5-34,MP,f1r5,saithe,saithe,0.7555,cod,0.1505,0.605,0.967,FALSE
r8f5-50,r8f5-50,MP,r8f5,saithe,saithe,0.7555,cod,0.084,0.6715,0.8939999999999999,FALSE
f3r1-17,f3r1-17,No_MP,f3r1,saithe,saithe,0.7555,cod,0.1325,0.623,0.9564999999999999,FALSE
f4r5-78,f4r5-78,No_MP,f4r5,saithe,saithe,0.7555,cod,0.1405,0.615,0.978,FALSE
f4r3-64,f4r3-64,MP,f4r3,saithe,saithe,0.756,cod,0.174,0.5820000000000001,0.97,FALSE
f1r9-2,f1r9-2,No_MP,f1r9,saithe,saithe,0.756,cod,0.0715,0.6845,0.9425,FALSE
f1r9-6,f1r9-6,No_MP,f1r9,saithe,saithe,0.756,cod,0.1695,0.5865,0.9655,FALSE
f4r5-10,f4r5-10,No_MP,f4r5,saithe,saithe,0.756,cod,0.1455,0.6105,0.9535,FALSE
f1r5-13,f1r5-13,MP,f1r5,saithe,saithe,0.7565,cod,0.1575,0.599,0.9674999999999999,FALSE
f4r10-31,f4r10-31,MP,f4r10,saithe,saithe,0.7565,cod,0.1605,0.596,0.9664999999999999,FALSE
r9f5-10,r9f5-10,MP,r9f5,saithe,saithe,0.7565,cod,0.0865,0.6699999999999999,0.8975,FALSE
f4r5-62,f4r5-62,No_MP,f4r5,saithe,saithe,0.7565,cod,0.168,0.5884999999999999,0.962,FALSE
f3r3-23,f3r3-23,No_MP,f3r3,saithe,saithe,0.757,cod,0.1315,0.6255,0.9445,FALSE
f4r5-149,f4r5-149,No_MP,f4r5,saithe,saithe,0.757,cod,0.1735,0.5835,0.9675,FALSE
f3r8-11,f3r8-11,MP,f3r8,saithe,saithe,0.7575,cod,0.1115,0.6459999999999999,0.9175,FALSE
f4r3-126,f4r3-126,MP,f4r3,saithe,saithe,0.7575,cod,0.1565,0.601,0.962,FALSE
f4r3-144,f4r3-144,MP,f4r3,saithe,saithe,0.7575,cod,0.1795,0.578,0.978,FALSE
f4r3-70,f4r3-70,MP,f4r3,saithe,saithe,0.7575,cod,0.108,0.6495,0.9285,FALSE
f4r5-238,f4r5-238,No_MP,f4r5,saithe,saithe,0.7575,cod,0.1225,0.635,0.9464999999999999,FALSE
r8f5-70,r8f5-70,MP,r8f5,saithe,saithe,0.758,cod,0.133,0.625,0.934,FALSE
f4r5-60,f4r5-60,No_MP,f4r5,saithe,saithe,0.758,cod,0.162,0.596,0.972,FALSE
f4r10-47,f4r10-47,MP,f4r10,saithe,saithe,0.7585,cod,0.139,0.6194999999999999,0.972,FALSE
f4r3-52,f4r3-52,MP,f4r3,saithe,saithe,0.7585,cod,0.1675,0.591,0.9664999999999999,FALSE
f4r10-32,f4r10-32,MP,f4r10,saithe,saithe,0.759,cod,0.152,0.607,0.9635,FALSE
f1r9-25,f1r9-25,No_MP,f1r9,saithe,saithe,0.759,cod,0.1455,0.6135,0.961,FALSE
f4r5-134,f4r5-134,No_MP,f4r5,saithe,saithe,0.759,cod,0.155,0.604,0.96,FALSE
f4r5-47,f4r5-47,No_MP,f4r5,saithe,saithe,0.759,cod,0.136,0.623,0.9480000000000001,FALSE
f4r10-33,f4r10-33,MP,f4r10,saithe,saithe,0.7595,cod,0.1455,0.614,0.959,FALSE
r6f5-23,r6f5-23,MP,r6f5,saithe,saithe,0.7595,cod,0.158,0.6014999999999999,0.9614999999999999,FALSE
r7f5-55,r7f5-55,No_MP,r7f5,saithe,saithe,0.7595,cod,0.166,0.5934999999999999,0.965,FALSE
f4r3-138,f4r3-138,MP,f4r3,saithe,saithe,0.76,cod,0.1855,0.5745,0.9815,FALSE
r6f5-9,r6f5-9,MP,r6f5,saithe,saithe,0.76,cod,0.1605,0.5995,0.9815,FALSE
f4r5-123,f4r5-123,No_MP,f4r5,saithe,saithe,0.76,cod,0.1585,0.6015,0.9615,FALSE
f4r5-200,f4r5-200,No_MP,f4r5,saithe,saithe,0.76,cod,0.161,0.599,0.9655,FALSE
f3r3-41,f3r3-41,No_MP,f3r3,saithe,saithe,0.7605,cod,0.174,0.5865,0.971,FALSE
f4r3-111,f4r3-111,MP,f4r3,saithe,saithe,0.761,cod,0.104,0.657,0.91,FALSE
f4r3-67,f4r3-67,MP,f4r3,saithe,saithe,0.761,cod,0.164,0.597,0.9675,FALSE
f4r3-82,f4r3-82,MP,f4r3,saithe,saithe,0.761,cod,0.14,0.621,0.9565,FALSE
f4r5-143,f4r5-143,No_MP,f4r5,saithe,saithe,0.761,cod,0.16,0.601,0.9835,FALSE
f4r5-24,f4r5-24,No_MP,f4r5,saithe,saithe,0.761,cod,0.156,0.605,0.9655,FALSE
f4r5-69,f4r5-69,No_MP,f4r5,saithe,saithe,0.761,cod,0.1585,0.6025,0.9755,FALSE
f4r10-30,f4r10-30,MP,f4r10,saithe,saithe,0.7615,cod,0.118,0.6435,0.9544999999999999,FALSE
r8f5-58,r8f5-58,MP,r8f5,saithe,saithe,0.7615,cod,0.118,0.6435,0.9385,FALSE
f1r9-44,f1r9-44,No_MP,f1r9,saithe,saithe,0.7615,cod,0.0725,0.689,0.9065,FALSE
f4r3-35,f4r3-35,MP,f4r3,saithe,saithe,0.762,cod,0.1745,0.5875,0.975,FALSE
f3r3-38,f3r3-38,No_MP,f3r3,saithe,saithe,0.762,cod,0.1425,0.6195,0.9565,FALSE
f3r3-99,f3r3-99,No_MP,f3r3,saithe,saithe,0.762,cod,0.1225,0.6395,0.9405,FALSE
f4r5-191,f4r5-191,No_MP,f4r5,saithe,saithe,0.762,cod,0.1565,0.6055,0.9665,FALSE
r7f5-75,r7f5-75,No_MP,r7f5,saithe,saithe,0.762,cod,0.113,0.649,0.921,FALSE
f4r3-129,f4r3-129,MP,f4r3,saithe,saithe,0.7625,cod,0.1635,0.599,0.974,FALSE
f4r3-54,f4r3-54,MP,f4r3,saithe,saithe,0.7625,cod,0.1345,0.6279999999999999,0.952,FALSE
f1r9-35,f1r9-35,No_MP,f1r9,saithe,saithe,0.7625,cod,0.1175,0.645,0.967,FALSE
f4r5-9,f4r5-9,No_MP,f4r5,saithe,saithe,0.7625,cod,0.1315,0.631,0.9694999999999999,FALSE
r7f5-137,r7f5-137,No_MP,r7f5,saithe,saithe,0.7625,cod,0.147,0.6154999999999999,0.949,FALSE
f4r5-234,f4r5-234,No_MP,f4r5,saithe,saithe,0.763,cod,0.0745,0.6885,0.8965,FALSE
f4r5-235,f4r5-235,No_MP,f4r5,saithe,saithe,0.763,cod,0.1665,0.5965,0.9755,FALSE
f4r5-27,f4r5-27,No_MP,f4r5,saithe,saithe,0.763,cod,0.1515,0.6115,0.95,FALSE
r7f5-143,r7f5-143,No_MP,r7f5,saithe,saithe,0.763,cod,0.1575,0.6055,0.9705,FALSE
f4r3-172,f4r3-172,MP,f4r3,saithe,saithe,0.7635,cod,0.1405,0.623,0.952,FALSE
f4r5-87,f4r5-87,No_MP,f4r5,saithe,saithe,0.7635,cod,0.1535,0.61,0.9804999999999999,FALSE
f1r5-62,f1r5-62,MP,f1r5,saithe,saithe,0.764,cod,0.1495,0.6145,0.9785,FALSE
f4r10-50,f4r10-50,MP,f4r10,saithe,saithe,0.764,cod,0.1355,0.6285000000000001,0.9685,FALSE
f4r3-48,f4r3-48,MP,f4r3,saithe,saithe,0.764,cod,0.1175,0.6465000000000001,0.9545,FALSE
r6f3-16,r6f3-16,MP,r6f3,saithe,saithe,0.764,cod,0.1255,0.6385000000000001,0.971,FALSE
f3r3-64,f3r3-64,No_MP,f3r3,saithe,saithe,0.764,cod,0.12,0.644,0.9775,FALSE
f4r5-128,f4r5-128,No_MP,f4r5,saithe,saithe,0.764,cod,0.1575,0.6065,0.9655,FALSE
f4r5-40,f4r5-40,No_MP,f4r5,saithe,saithe,0.764,cod,0.1625,0.6015,0.965,FALSE
f4r5-86,f4r5-86,No_MP,f4r5,saithe,saithe,0.764,cod,0.166,0.598,0.978,FALSE
f4r5-96,f4r5-96,No_MP,f4r5,saithe,saithe,0.764,cod,0.107,0.657,0.9795,FALSE
f4r3-62,f4r3-62,MP,f4r3,saithe,saithe,0.7645,cod,0.15,0.6144999999999999,0.965,FALSE
f3r3-54,f3r3-54,No_MP,f3r3,saithe,saithe,0.7645,cod,0.122,0.6425,0.9455,FALSE
f4r5-230,f4r5-230,No_MP,f4r5,saithe,saithe,0.7645,cod,0.0835,0.6809999999999999,0.897,FALSE
f4r5-71,f4r5-71,No_MP,f4r5,saithe,saithe,0.7645,cod,0.157,0.6074999999999999,0.9634999999999999,FALSE
r7f5-126,r7f5-126,No_MP,r7f5,saithe,saithe,0.765,cod,0.155,0.61,0.9645,FALSE
f4r10-67,f4r10-67,MP,f4r10,saithe,saithe,0.7655,cod,0.167,0.5984999999999999,0.9744999999999999,FALSE
r6f5-53,r6f5-53,MP,r6f5,saithe,saithe,0.7655,cod,0.1395,0.6259999999999999,0.958,FALSE
r8f5-63,r8f5-63,MP,r8f5,saithe,saithe,0.7655,cod,0.111,0.6545,0.9245,FALSE
f1r9-30,f1r9-30,No_MP,f1r9,saithe,saithe,0.7655,cod,0.144,0.6214999999999999,0.962,FALSE
f3r4-21,f3r4-21,No_MP,f3r4,saithe,saithe,0.7655,norway_pout,0.077,0.6885,0.9564999999999999,FALSE
f1r5-52,f1r5-52,MP,f1r5,saithe,saithe,0.766,cod,0.083,0.683,0.9075,FALSE
f4r3-115,f4r3-115,MP,f4r3,saithe,saithe,0.766,cod,0.1155,0.6505,0.932,FALSE
f4r3-51,f4r3-51,MP,f4r3,saithe,saithe,0.766,cod,0.161,0.605,0.9625,FALSE
f4r5-197,f4r5-197,No_MP,f4r5,saithe,saithe,0.766,cod,0.144,0.622,0.9595,FALSE
f3r3-95,f3r3-95,No_MP,f3r3,saithe,saithe,0.7665,cod,0.0715,0.695,0.8975,FALSE
f1r5-6,f1r5-6,MP,f1r5,saithe,saithe,0.767,cod,0.1375,0.6295,0.9555,FALSE
r6f3-26,r6f3-26,MP,r6f3,saithe,saithe,0.767,cod,0.083,0.684,0.925,FALSE
f3r3-31,f3r3-31,No_MP,f3r3,saithe,saithe,0.767,cod,0.148,0.619,0.967,FALSE
f4r5-17,f4r5-17,No_MP,f4r5,saithe,saithe,0.767,cod,0.122,0.645,0.936,FALSE
r7f5-120,r7f5-120,No_MP,r7f5,saithe,saithe,0.767,cod,0.152,0.615,0.962,FALSE
r8f5-60,r8f5-60,MP,r8f5,saithe,saithe,0.7675,cod,0.103,0.6645,0.9169999999999999,FALSE
f4r5-216,f4r5-216,No_MP,f4r5,saithe,saithe,0.7675,cod,0.165,0.6024999999999999,0.983,FALSE
r7f5-102,r7f5-102,No_MP,r7f5,saithe,saithe,0.7675,cod,0.1615,0.606,0.9694999999999999,FALSE
f4r3-39,f4r3-39,MP,f4r3,saithe,saithe,0.768,cod,0.1575,0.6105,0.971,FALSE
f1r9-29,f1r9-29,No_MP,f1r9,saithe,saithe,0.768,cod,0.1205,0.6475,0.9545,FALSE
f4r5-188,f4r5-188,No_MP,f4r5,saithe,saithe,0.768,cod,0.099,0.669,0.9165,FALSE
f4r5-20,f4r5-20,No_MP,f4r5,saithe,saithe,0.768,lesser_sand_eel,0.098,0.67,0.864,FALSE
f4r5-206,f4r5-206,No_MP,f4r5,saithe,saithe,0.768,cod,0.143,0.625,0.9715,FALSE
f4r5-226,f4r5-226,No_MP,f4r5,saithe,saithe,0.768,cod,0.155,0.613,0.9675,FALSE
r7f5-176,r7f5-176,No_MP,r7f5,saithe,saithe,0.768,cod,0.0925,0.6755,0.908,FALSE
r7f5-60,r7f5-60,No_MP,r7f5,saithe,saithe,0.768,cod,0.168,0.6,0.977,FALSE
f4r5-144,f4r5-144,No_MP,f4r5,saithe,saithe,0.7685,cod,0.1475,0.621,0.9544999999999999,FALSE
f4r5-157,f4r5-157,No_MP,f4r5,saithe,saithe,0.7685,cod,0.137,0.6315,0.959,FALSE
f4r5-84,f4r5-84,No_MP,f4r5,saithe,saithe,0.7685,cod,0.148,0.6204999999999999,0.975,FALSE
r8f5-71,r8f5-71,MP,r8f5,saithe,saithe,0.769,cod,0.117,0.652,0.932,FALSE
f4r3-2,f4r3-2,MP,f4r3,saithe,saithe,0.7695,cod,0.144,0.6255,0.9514999999999999,FALSE
f1r9-39,f1r9-39,No_MP,f1r9,saithe,saithe,0.7695,cod,0.1545,0.615,0.979,FALSE
r6f5-25,r6f5-25,MP,r6f5,saithe,saithe,0.77,cod,0.138,0.632,0.9580000000000001,FALSE
r9f5-23,r9f5-23,MP,r9f5,saithe,saithe,0.77,cod,0.148,0.622,0.962,FALSE
f4r5-242,f4r5-242,No_MP,f4r5,saithe,saithe,0.77,cod,0.1325,0.6375,0.9545,FALSE
r7f5-92,r7f5-92,No_MP,r7f5,saithe,saithe,0.77,cod,0.1445,0.6255000000000001,0.9635,FALSE
f1r5-53,f1r5-53,MP,f1r5,saithe,saithe,0.7705,cod,0.1565,0.614,0.9754999999999999,FALSE
r8f5-32,r8f5-32,MP,r8f5,saithe,saithe,0.7705,cod,0.1485,0.622,0.9644999999999999,FALSE
r8f5-77,r8f5-77,MP,r8f5,saithe,saithe,0.7705,lesser_sand_eel,0.056,0.7144999999999999,0.8975,FALSE
f3r3-5,f3r3-5,No_MP,f3r3,saithe,saithe,0.7705,cod,0.146,0.6244999999999999,0.9594999999999999,FALSE
f4r5-1,f4r5-1,No_MP,f4r5,saithe,saithe,0.7705,cod,0.1365,0.6339999999999999,0.976,FALSE
f4r5-115,f4r5-115,No_MP,f4r5,saithe,saithe,0.7705,cod,0.1425,0.628,0.9654999999999999,FALSE
f4r5-130,f4r5-130,No_MP,f4r5,saithe,saithe,0.771,cod,0.142,0.629,0.975,FALSE
f4r5-90,f4r5-90,No_MP,f4r5,saithe,saithe,0.7715,cod,0.142,0.6295,0.9684999999999999,FALSE
r7f5-78,r7f5-78,No_MP,r7f5,saithe,saithe,0.7715,cod,0.1545,0.617,0.973,FALSE
f4r3-166,f4r3-166,MP,f4r3,saithe,saithe,0.772,cod,0.1335,0.6385000000000001,0.9610000000000001,FALSE
f3r3-76,f3r3-76,No_MP,f3r3,saithe,saithe,0.772,cod,0.096,0.676,0.9460000000000001,FALSE
f4r10-39,f4r10-39,MP,f4r10,saithe,saithe,0.7725,cod,0.1495,0.623,0.9614999999999999,FALSE
f4r10-52,f4r10-52,MP,f4r10,saithe,saithe,0.7725,cod,0.171,0.6014999999999999,0.976,FALSE
f3r3-97,f3r3-97,No_MP,f3r3,saithe,saithe,0.7725,cod,0.1555,0.617,0.9714999999999999,FALSE
f3r3-98,f3r3-98,No_MP,f3r3,saithe,saithe,0.7725,cod,0.144,0.6285,0.9614999999999999,FALSE
f1r9-33,f1r9-33,No_MP,f1r9,saithe,saithe,0.773,cod,0.145,0.628,0.966,FALSE
f4r5-209,f4r5-209,No_MP,f4r5,saithe,saithe,0.773,cod,0.1375,0.6355,0.9645,FALSE
r7f5-147,r7f5-147,No_MP,r7f5,saithe,saithe,0.773,cod,0.1685,0.6045,0.98,FALSE
f1r5-43,f1r5-43,MP,f1r5,saithe,saithe,0.7735,wrasse,0.063,0.7104999999999999,0.882,FALSE
f4r3-85,f4r3-85,MP,f4r3,saithe,saithe,0.7735,cod,0.159,0.6144999999999999,0.976,FALSE
r8f5-78,r8f5-78,MP,r8f5,saithe,saithe,0.7735,cod,0.15,0.6234999999999999,0.969,FALSE
f3r3-56,f3r3-56,No_MP,f3r3,saithe,saithe,0.7735,cod,0.143,0.6305,0.9514999999999999,FALSE
f4r7-26,f4r7-26,No_MP,f4r7,saithe,saithe,0.7735,cod,0.1,0.6735,0.9209999999999999,FALSE
r8f5-67,r8f5-67,MP,r8f5,saithe,saithe,0.774,cod,0.1475,0.6265000000000001,0.962,FALSE
f4r5-70,f4r5-70,No_MP,f4r5,saithe,saithe,0.774,cod,0.133,0.641,0.9610000000000001,FALSE
f4r5-89,f4r5-89,No_MP,f4r5,saithe,saithe,0.774,cod,0.1325,0.6415,0.9685,FALSE
f4r5-88,f4r5-88,No_MP,f4r5,saithe,saithe,0.7745,cod,0.1445,0.63,0.9654999999999999,FALSE
f4r10-38,f4r10-38,MP,f4r10,saithe,saithe,0.775,cod,0.1125,0.6625,0.9505,FALSE
f4r10-68,f4r10-68,MP,f4r10,saithe,saithe,0.775,cod,0.1145,0.6605,0.9460000000000001,FALSE
f1r9-22,f1r9-22,No_MP,f1r9,saithe,saithe,0.775,cod,0.112,0.663,0.9450000000000001,FALSE
f1r9-46,f1r9-46,No_MP,f1r9,saithe,saithe,0.775,cod,0.1525,0.6225,0.9695,FALSE
f4r5-2,f4r5-2,No_MP,f4r5,saithe,saithe,0.775,cod,0.1565,0.6185,0.9785,FALSE
f4r10-35,f4r10-35,MP,f4r10,saithe,saithe,0.7755,cod,0.133,0.6425,0.963,FALSE
r8f5-37,r8f5-37,MP,r8f5,saithe,saithe,0.7755,cod,0.1495,0.626,0.9704999999999999,FALSE
f1r9-8,f1r9-8,No_MP,f1r9,saithe,saithe,0.7755,cod,0.15,0.6255,0.9654999999999999,FALSE
f4r5-26,f4r5-26,No_MP,f4r5,saithe,saithe,0.7755,cod,0.154,0.6214999999999999,0.977,FALSE
f4r10-40,f4r10-40,MP,f4r10,saithe,saithe,0.776,cod,0.125,0.651,0.9475,FALSE
f4r5-196,f4r5-196,No_MP,f4r5,saithe,saithe,0.776,cod,0.1445,0.6315000000000001,0.967,FALSE
f1r5-12,f1r5-12,MP,f1r5,saithe,saithe,0.7765,cod,0.1385,0.6379999999999999,0.9565,FALSE
f1r9-5,f1r9-5,No_MP,f1r9,saithe,saithe,0.7765,cod,0.155,0.6214999999999999,0.9634999999999999,FALSE
f4r5-108,f4r5-108,No_MP,f4r5,saithe,saithe,0.7765,cod,0.13,0.6465,0.95,FALSE
r6f5-47,r6f5-47,MP,r6f5,saithe,saithe,0.777,cod,0.074,0.7030000000000001,0.915,FALSE
f1r9-48,f1r9-48,No_MP,f1r9,saithe,saithe,0.777,cod,0.1175,0.6595,0.9315,FALSE
f4r5-126,f4r5-126,No_MP,f4r5,saithe,saithe,0.777,cod,0.1375,0.6395,0.9605,FALSE
f1r9-3,f1r9-3,No_MP,f1r9,saithe,saithe,0.7775,cod,0.1635,0.614,0.979,FALSE
f4r5-233,f4r5-233,No_MP,f4r5,saithe,saithe,0.7775,cod,0.1305,0.647,0.9585,FALSE
f4r5-243,f4r5-243,No_MP,f4r5,saithe,saithe,0.7775,cod,0.1445,0.633,0.977,FALSE
f4r5-63,f4r5-63,No_MP,f4r5,saithe,saithe,0.7775,cod,0.0785,0.699,0.896,FALSE
f1r5-54,f1r5-54,MP,f1r5,saithe,saithe,0.778,cod,0.0905,0.6875,0.92,FALSE
f4r3-14,f4r3-14,MP,f4r3,saithe,saithe,0.778,cod,0.1445,0.6335000000000001,0.9585,FALSE
f4r3-179,f4r3-179,MP,f4r3,saithe,saithe,0.778,cod,0.1575,0.6205,0.9735,FALSE
f4r3-190,f4r3-190,MP,f4r3,saithe,saithe,0.778,cod,0.0765,0.7015,0.917,FALSE
f4r5-28,f4r5-28,No_MP,f4r5,saithe,saithe,0.778,cod,0.1545,0.6235,0.97,FALSE
r7f5-149,r7f5-149,No_MP,r7f5,saithe,saithe,0.778,cod,0.162,0.616,0.977,FALSE
f1r5-22,f1r5-22,MP,f1r5,saithe,saithe,0.7785,cod,0.128,0.6505,0.954,FALSE
r6f3-18,r6f3-18,MP,r6f3,saithe,saithe,0.7785,cod,0.14,0.6385,0.96,FALSE
f1r5-35,f1r5-35,MP,f1r5,saithe,saithe,0.779,cod,0.132,0.647,0.9825,FALSE
f1r9-56,f1r9-56,No_MP,f1r9,saithe,saithe,0.779,cod,0.1405,0.6385000000000001,0.9615,FALSE
f4r3-12,f4r3-12,MP,f4r3,saithe,saithe,0.7795,cod,0.144,0.6355,0.9674999999999999,FALSE
f4r3-81,f4r3-81,MP,f4r3,saithe,saithe,0.7795,cod,0.123,0.6565,0.9605,FALSE
r6f3-19,r6f3-19,MP,r6f3,saithe,saithe,0.7795,cod,0.139,0.6405,0.96,FALSE
f3r3-75,f3r3-75,No_MP,f3r3,saithe,saithe,0.7795,cod,0.154,0.6255,0.9674999999999999,FALSE
f3r3-81,f3r3-81,No_MP,f3r3,saithe,saithe,0.7795,cod,0.1525,0.627,0.9694999999999999,FALSE
f4r5-12,f4r5-12,No_MP,f4r5,saithe,saithe,0.7795,cod,0.116,0.6635,0.975,FALSE
f4r5-7,f4r5-7,No_MP,f4r5,saithe,saithe,0.7795,cod,0.156,0.6234999999999999,0.977,FALSE
f1r5-50,f1r5-50,MP,f1r5,saithe,saithe,0.78,cod,0.125,0.655,0.9590000000000001,FALSE
f4r10-65,f4r10-65,MP,f4r10,saithe,saithe,0.78,cod,0.142,0.638,0.9745,FALSE
f4r3-25,f4r3-25,MP,f4r3,saithe,saithe,0.78,cod,0.1605,0.6195,0.9735,FALSE
f1r9-11,f1r9-11,No_MP,f1r9,saithe,saithe,0.78,cod,0.08,0.7000000000000001,0.9285,FALSE
f1r9-67,f1r9-67,No_MP,f1r9,saithe,saithe,0.78,cod,0.083,0.6970000000000001,0.9695,FALSE
f3r3-79,f3r3-79,No_MP,f3r3,saithe,saithe,0.78,cod,0.155,0.625,0.9765,FALSE
f4r5-142,f4r5-142,No_MP,f4r5,saithe,saithe,0.78,cod,0.1415,0.6385000000000001,0.982,FALSE
f4r5-6,f4r5-6,No_MP,f4r5,saithe,saithe,0.78,cod,0.1645,0.6155,0.9770000000000001,FALSE
f4r5-64,f4r5-64,No_MP,f4r5,saithe,saithe,0.78,cod,0.1475,0.6325000000000001,0.9755,FALSE
f1r5-38,f1r5-38,MP,f1r5,saithe,saithe,0.7805,cod,0.152,0.6285,0.973,FALSE
f4r10-54,f4r10-54,MP,f4r10,saithe,saithe,0.7805,cod,0.1405,0.6399999999999999,0.9595,FALSE
r6f5-2,r6f5-2,MP,r6f5,saithe,saithe,0.7805,cod,0.081,0.6995,0.9225,FALSE
r8f5-38,r8f5-38,MP,r8f5,saithe,saithe,0.7805,cod,0.118,0.6625,0.9704999999999999,FALSE
f1r9-36,f1r9-36,No_MP,f1r9,saithe,saithe,0.7805,cod,0.1275,0.653,0.945,FALSE
f4r5-106,f4r5-106,No_MP,f4r5,saithe,saithe,0.7805,cod,0.142,0.6385,0.962,FALSE
r7f5-103,r7f5-103,No_MP,r7f5,saithe,saithe,0.7805,cod,0.074,0.7065,0.9105,FALSE
f4r3-63,f4r3-63,MP,f4r3,saithe,saithe,0.781,cod,0.1105,0.6705,0.9345,FALSE
f1r9-31,f1r9-31,No_MP,f1r9,saithe,saithe,0.781,cod,0.0915,0.6895,0.979,FALSE
f4r5-105,f4r5-105,No_MP,f4r5,saithe,saithe,0.781,cod,0.144,0.637,0.9645,FALSE
f4r5-204,f4r5-204,No_MP,f4r5,saithe,saithe,0.781,cod,0.1605,0.6205,0.9805,FALSE
r7f5-118,r7f5-118,No_MP,r7f5,saithe,saithe,0.781,cod,0.14,0.641,0.9680000000000001,FALSE
f4r3-34,f4r3-34,MP,f4r3,saithe,saithe,0.7815,cod,0.12,0.6615,0.9495,FALSE
r6f5-18,r6f5-18,MP,r6f5,saithe,saithe,0.782,cod,0.1435,0.6385000000000001,0.9665,FALSE
f4r7-22,f4r7-22,No_MP,f4r7,saithe,saithe,0.782,cod,0.131,0.651,0.9595,FALSE
r7f5-117,r7f5-117,No_MP,r7f5,saithe,saithe,0.782,cod,0.132,0.65,0.9685,FALSE
f4r3-45,f4r3-45,MP,f4r3,saithe,saithe,0.7825,cod,0.062,0.7204999999999999,0.899,FALSE
r6f5-12,r6f5-12,MP,r6f5,saithe,saithe,0.7825,cod,0.116,0.6665,0.9545,FALSE
r8f5-28,r8f5-28,MP,r8f5,saithe,saithe,0.7825,cod,0.1255,0.657,0.9744999999999999,FALSE
r7f5-151,r7f5-151,No_MP,r7f5,saithe,saithe,0.7825,cod,0.141,0.6415,0.976,FALSE
f4r10-27,f4r10-27,MP,f4r10,saithe,saithe,0.783,cod,0.128,0.655,0.9615,FALSE
r6f5-7,r6f5-7,MP,r6f5,saithe,saithe,0.783,cod,0.1545,0.6285000000000001,0.9745,FALSE
f4r5-135,f4r5-135,No_MP,f4r5,saithe,saithe,0.783,cod,0.1485,0.6345000000000001,0.972,FALSE
f3r1-3,f3r1-3,No_MP,f3r1,saithe,saithe,0.7835,cod,0.1275,0.6559999999999999,0.9415,FALSE
f3r3-30,f3r3-30,No_MP,f3r3,saithe,saithe,0.7835,cod,0.123,0.6605,0.9724999999999999,FALSE
f4r5-223,f4r5-223,No_MP,f4r5,saithe,saithe,0.7835,cod,0.1005,0.6829999999999999,0.94,FALSE
f1r5-45,f1r5-45,MP,f1r5,saithe,saithe,0.784,cod,0.1335,0.6505000000000001,0.9705,FALSE
f1r5-46,f1r5-46,MP,f1r5,saithe,saithe,0.784,cod,0.0815,0.7025,0.911,FALSE
f4r10-62,f4r10-62,MP,f4r10,saithe,saithe,0.784,cod,0.121,0.663,0.9635,FALSE
f4r5-205,f4r5-205,No_MP,f4r5,saithe,saithe,0.784,cod,0.1185,0.6655,0.9420000000000001,FALSE
f4r5-4,f4r5-4,No_MP,f4r5,saithe,saithe,0.784,cod,0.138,0.646,0.9610000000000001,FALSE
f4r5-66,f4r5-66,No_MP,f4r5,saithe,saithe,0.784,cod,0.1435,0.6405000000000001,0.974,FALSE
f4r5-111,f4r5-111,No_MP,f4r5,saithe,saithe,0.7845,cod,0.1445,0.64,0.9794999999999999,FALSE
f4r5-118,f4r5-118,No_MP,f4r5,saithe,saithe,0.7845,cod,0.1535,0.631,0.9724999999999999,FALSE
f4r5-131,f4r5-131,No_MP,f4r5,saithe,saithe,0.7845,cod,0.084,0.7005,0.97,FALSE
r7f5-130,r7f5-130,No_MP,r7f5,saithe,saithe,0.7845,cod,0.078,0.7065,0.9169999999999999,FALSE
f4r5-113,f4r5-113,No_MP,f4r5,saithe,saithe,0.785,cod,0.1035,0.6815,0.975,FALSE
f4r5-129,f4r5-129,No_MP,f4r5,saithe,saithe,0.785,cod,0.1175,0.6675,0.9735,FALSE
f4r5-141,f4r5-141,No_MP,f4r5,saithe,saithe,0.785,cod,0.1175,0.6675,0.9665,FALSE
f3r3-34,f3r3-34,No_MP,f3r3,saithe,saithe,0.7855,cod,0.145,0.6405,0.9714999999999999,FALSE
f4r5-11,f4r5-11,No_MP,f4r5,saithe,saithe,0.7855,cod,0.154,0.6315,0.9774999999999999,FALSE
f4r5-211,f4r5-211,No_MP,f4r5,saithe,saithe,0.7855,cod,0.126,0.6595,0.9675,FALSE
f1r5-1,f1r5-1,MP,f1r5,saithe,saithe,0.786,cod,0.1255,0.6605000000000001,0.9560000000000001,FALSE
f1r5-30,f1r5-30,MP,f1r5,saithe,saithe,0.786,cod,0.1415,0.6445000000000001,0.978,FALSE
r6f5-20,r6f5-20,MP,r6f5,saithe,saithe,0.786,cod,0.1305,0.6555,0.9640000000000001,FALSE
r6f5-8,r6f5-8,MP,r6f5,saithe,saithe,0.786,cod,0.1265,0.6595,0.9660000000000001,FALSE
f4r5-52,f4r5-52,No_MP,f4r5,saithe,saithe,0.786,cod,0.101,0.685,0.9770000000000001,FALSE
f4r5-8,f4r5-8,No_MP,f4r5,saithe,saithe,0.786,cod,0.105,0.681,0.9590000000000001,FALSE
r7f5-133,r7f5-133,No_MP,r7f5,saithe,saithe,0.786,cod,0.1215,0.6645000000000001,0.9550000000000001,FALSE
f1r5-14,f1r5-14,MP,f1r5,saithe,saithe,0.7865,cod,0.148,0.6385,0.962,FALSE
f1r5-7,f1r5-7,MP,f1r5,saithe,saithe,0.7865,cod,0.1485,0.638,0.974,FALSE
f4r10-66,f4r10-66,MP,f4r10,saithe,saithe,0.7865,cod,0.1085,0.6779999999999999,0.9545,FALSE
f4r3-192,f4r3-192,MP,f4r3,saithe,saithe,0.7865,cod,0.1005,0.6859999999999999,0.9335,FALSE
f4r5-37,f4r5-37,No_MP,f4r5,saithe,saithe,0.7865,cod,0.107,0.6795,0.977,FALSE
r6f3-3,r6f3-3,MP,r6f3,cod,cod,0.787,saithe,0.0995,0.6875,0.995,FALSE
r8f5-98,r8f5-98,MP,r8f5,saithe,saithe,0.787,cod,0.0785,0.7085,0.9390000000000001,FALSE
f1r9-1,f1r9-1,No_MP,f1r9,saithe,saithe,0.787,cod,0.132,0.655,0.9675,FALSE
f1r9-14,f1r9-14,No_MP,f1r9,saithe,saithe,0.787,cod,0.1125,0.6745,0.9545,FALSE
f1r9-7,f1r9-7,No_MP,f1r9,saithe,saithe,0.787,cod,0.142,0.645,0.973,FALSE
f4r5-214,f4r5-214,No_MP,f4r5,saithe,saithe,0.787,cod,0.116,0.671,0.9630000000000001,FALSE
f4r5-74,f4r5-74,No_MP,f4r5,saithe,saithe,0.787,cod,0.134,0.653,0.9740000000000001,FALSE
f1r5-16,f1r5-16,MP,f1r5,saithe,saithe,0.7875,cod,0.1285,0.659,0.963,FALSE
f1r5-9,f1r5-9,MP,f1r5,saithe,saithe,0.7875,cod,0.1345,0.653,0.964,FALSE
f4r10-74,f4r10-74,MP,f4r10,saithe,saithe,0.7875,cod,0.0815,0.706,0.951,FALSE
f4r5-217,f4r5-217,No_MP,f4r5,saithe,saithe,0.7875,cod,0.1415,0.646,0.976,FALSE
f4r3-53,f4r3-53,MP,f4r3,saithe,saithe,0.788,cod,0.1405,0.6475,0.9750000000000001,FALSE
f4r3-69,f4r3-69,MP,f4r3,saithe,saithe,0.788,cod,0.111,0.677,0.9725,FALSE
r6f5-30,r6f5-30,MP,r6f5,saithe,saithe,0.788,cod,0.1185,0.6695,0.9640000000000001,FALSE
f1r9-20,f1r9-20,No_MP,f1r9,saithe,saithe,0.788,cod,0.0765,0.7115,0.9245,FALSE
f4r5-98,f4r5-98,No_MP,f4r5,saithe,saithe,0.788,cod,0.145,0.643,0.971,FALSE
f4r5-56,f4r5-56,No_MP,f4r5,saithe,saithe,0.7885,cod,0.112,0.6765,0.9735,FALSE
f4r5-100,f4r5-100,No_MP,f4r5,saithe,saithe,0.789,cod,0.1165,0.6725,0.9715,FALSE
f4r5-50,f4r5-50,No_MP,f4r5,saithe,saithe,0.789,cod,0.128,0.661,0.9590000000000001,FALSE
f1r5-61,f1r5-61,MP,f1r5,saithe,saithe,0.7895,cod,0.1,0.6895,0.958,FALSE
f4r7-27,f4r7-27,No_MP,f4r7,saithe,saithe,0.7895,cod,0.133,0.6565,0.9635,FALSE
f1r5-10,f1r5-10,MP,f1r5,saithe,saithe,0.79,cod,0.1335,0.6565000000000001,0.9735,FALSE
r6f3-12,r6f3-12,MP,r6f3,saithe,saithe,0.79,cod,0.1215,0.6685000000000001,0.9610000000000001,FALSE
f3r3-4,f3r3-4,No_MP,f3r3,saithe,saithe,0.79,cod,0.1435,0.6465000000000001,0.9685,FALSE
f3r3-74,f3r3-74,No_MP,f3r3,saithe,saithe,0.79,cod,0.122,0.668,0.9625,FALSE
r6f3-17,r6f3-17,MP,r6f3,saithe,saithe,0.7905,cod,0.115,0.6755,0.96,FALSE
f4r10-69,f4r10-69,MP,f4r10,saithe,saithe,0.791,cod,0.134,0.657,0.9645,FALSE
f4r3-122,f4r3-122,MP,f4r3,saithe,saithe,0.7915,cod,0.143,0.6485,0.98,FALSE
r6f5-11,r6f5-11,MP,r6f5,saithe,saithe,0.7915,cod,0.1155,0.6759999999999999,0.966,FALSE
f3r3-52,f3r3-52,No_MP,f3r3,saithe,saithe,0.7915,cod,0.134,0.6575,0.967,FALSE
f4r5-139,f4r5-139,No_MP,f4r5,saithe,saithe,0.7915,cod,0.139,0.6525,0.9665,FALSE
f4r5-54,f4r5-54,No_MP,f4r5,saithe,saithe,0.7915,cod,0.094,0.6975,0.9725,FALSE
f4r5-102,f4r5-102,No_MP,f4r5,saithe,saithe,0.792,cod,0.115,0.677,0.9610000000000001,FALSE
f4r5-103,f4r5-103,No_MP,f4r5,saithe,saithe,0.792,cod,0.109,0.683,0.9625,FALSE
f4r5-110,f4r5-110,No_MP,f4r5,saithe,saithe,0.792,cod,0.139,0.653,0.9785,FALSE
f4r5-68,f4r5-68,No_MP,f4r5,saithe,saithe,0.792,cod,0.119,0.673,0.978,FALSE
r6f5-50,r6f5-50,MP,r6f5,saithe,saithe,0.7925,cod,0.136,0.6565,0.966,FALSE
r8f5-56,r8f5-56,MP,r8f5,saithe,saithe,0.7925,cod,0.1145,0.6779999999999999,0.96,FALSE
f3r3-35,f3r3-35,No_MP,f3r3,saithe,saithe,0.7925,cod,0.1105,0.6819999999999999,0.9545,FALSE
f4r5-136,f4r5-136,No_MP,f4r5,saithe,saithe,0.7925,cod,0.1015,0.691,0.9745,FALSE
f4r5-16,f4r5-16,No_MP,f4r5,saithe,saithe,0.7925,cod,0.1305,0.6619999999999999,0.9695,FALSE
f4r5-199,f4r5-199,No_MP,f4r5,saithe,saithe,0.7925,cod,0.1415,0.651,0.978,FALSE
f4r5-237,f4r5-237,No_MP,f4r5,saithe,saithe,0.7925,cod,0.129,0.6635,0.9665,FALSE
r8f5-31,r8f5-31,MP,r8f5,saithe,saithe,0.793,cod,0.106,0.687,0.9735,FALSE
f4r5-42,f4r5-42,No_MP,f4r5,saithe,saithe,0.793,cod,0.123,0.67,0.9700000000000001,FALSE
r7f5-61,r7f5-61,No_MP,r7f5,saithe,saithe,0.793,cod,0.147,0.646,0.979,FALSE
f1r5-11,f1r5-11,MP,f1r5,saithe,saithe,0.7935,cod,0.128,0.6655,0.962,FALSE
r6f3-27,r6f3-27,MP,r6f3,saithe,saithe,0.7935,cod,0.1475,0.646,0.9705,FALSE
f4r10-61,f4r10-61,MP,f4r10,saithe,saithe,0.794,cod,0.137,0.657,0.9790000000000001,FALSE
r6f5-62,r6f5-62,MP,r6f5,saithe,saithe,0.794,cod,0.129,0.665,0.9520000000000001,FALSE
r6f5-3,r6f5-3,MP,r6f5,saithe,saithe,0.7945,cod,0.1225,0.6719999999999999,0.978,FALSE
f4r5-3,f4r5-3,No_MP,f4r5,saithe,saithe,0.7945,cod,0.1155,0.6789999999999999,0.957,FALSE
f4r5-55,f4r5-55,No_MP,f4r5,saithe,saithe,0.7945,cod,0.1295,0.665,0.9795,FALSE
f4r10-12,f4r10-12,MP,f4r10,poor_cod,poor_cod,0.7955,haddock,0.1145,0.6809999999999999,0.9835,FALSE
f4r3-23,f4r3-23,MP,f4r3,saithe,saithe,0.7955,cod,0.1475,0.648,0.9715,FALSE
f3r3-68,f3r3-68,No_MP,f3r3,saithe,saithe,0.7955,cod,0.1285,0.667,0.969,FALSE
f3r3-80,f3r3-80,No_MP,f3r3,saithe,saithe,0.7955,cod,0.134,0.6615,0.9785,FALSE
f4r5-21,f4r5-21,No_MP,f4r5,saithe,saithe,0.7955,cod,0.1225,0.673,0.9595,FALSE
f1r5-31,f1r5-31,MP,f1r5,saithe,saithe,0.796,cod,0.1225,0.6735,0.9595,FALSE
f1r5-48,f1r5-48,MP,f1r5,saithe,saithe,0.796,cod,0.1225,0.6735,0.9720000000000001,FALSE
f4r5-80,f4r5-80,No_MP,f4r5,saithe,saithe,0.796,cod,0.096,0.7000000000000001,0.9755,FALSE
f3r3-25,f3r3-25,No_MP,f3r3,saithe,saithe,0.7965,cod,0.081,0.7155,0.9445,FALSE
f4r5-183,f4r5-183,No_MP,f4r5,saithe,saithe,0.7975,cod,0.1185,0.679,0.971,FALSE
r8f5-40,r8f5-40,MP,r8f5,saithe,saithe,0.798,cod,0.1235,0.6745000000000001,0.9695,FALSE
r7f5-121,r7f5-121,No_MP,r7f5,saithe,saithe,0.798,cod,0.146,0.652,0.981,FALSE
f1r5-32,f1r5-32,MP,f1r5,saithe,saithe,0.7985,cod,0.1195,0.679,0.9745,FALSE
r6f5-21,r6f5-21,MP,r6f5,saithe,saithe,0.7985,cod,0.121,0.6775,0.962,FALSE
f4r5-43,f4r5-43,No_MP,f4r5,saithe,saithe,0.7985,cod,0.11,0.6885,0.9635,FALSE
f4r5-153,f4r5-153,No_MP,f4r5,saithe,saithe,0.799,cod,0.132,0.667,0.9705,FALSE
f4r5-99,f4r5-99,No_MP,f4r5,saithe,saithe,0.799,cod,0.1265,0.6725000000000001,0.9545,FALSE
f1r5-64,f1r5-64,MP,f1r5,saithe,saithe,0.7995,cod,0.082,0.7175,0.953,FALSE
f4r10-28,f4r10-28,MP,f4r10,saithe,saithe,0.801,cod,0.1455,0.6555000000000001,0.9785,FALSE
f4r3-80,f4r3-80,MP,f4r3,saithe,saithe,0.801,cod,0.1275,0.6735,0.9770000000000001,FALSE
r6f5-19,r6f5-19,MP,r6f5,saithe,saithe,0.801,cod,0.1055,0.6955,0.9535,FALSE
r6f5-52,r6f5-52,MP,r6f5,saithe,saithe,0.8015,cod,0.1325,0.669,0.982,FALSE
f4r5-35,f4r5-35,No_MP,f4r5,saithe,saithe,0.8015,cod,0.0985,0.703,0.938,FALSE
r7f5-140,r7f5-140,No_MP,r7f5,saithe,saithe,0.8015,cod,0.1115,0.69,0.968,FALSE
f4r10-37,f4r10-37,MP,f4r10,saithe,saithe,0.8025,cod,0.0745,0.728,0.9335,FALSE
f4r5-38,f4r5-38,No_MP,f4r5,saithe,saithe,0.8025,cod,0.104,0.6985,0.98,FALSE
f4r5-58,f4r5-58,No_MP,f4r5,saithe,saithe,0.8025,cod,0.109,0.6935,0.977,FALSE
f1r9-9,f1r9-9,No_MP,f1r9,saithe,saithe,0.803,cod,0.134,0.669,0.9695,FALSE
f4r5-104,f4r5-104,No_MP,f4r5,saithe,saithe,0.803,cod,0.127,0.676,0.9775,FALSE
f4r5-95,f4r5-95,No_MP,f4r5,saithe,saithe,0.803,cod,0.1105,0.6925,0.9695,FALSE
f4r10-25,f4r10-25,MP,f4r10,saithe,saithe,0.8035,cod,0.1355,0.6679999999999999,0.974,FALSE
r8f5-57,r8f5-57,MP,r8f5,saithe,saithe,0.804,cod,0.117,0.687,0.9650000000000001,FALSE
f3r3-33,f3r3-33,No_MP,f3r3,saithe,saithe,0.804,cod,0.1185,0.6855,0.9675,FALSE
r7f5-68,r7f5-68,No_MP,r7f5,saithe,saithe,0.804,lesser_sand_eel,0.0625,0.7415,0.916,FALSE
f4r3-10,f4r3-10,MP,f4r3,saithe,saithe,0.8045,cod,0.1315,0.673,0.983,FALSE
r8f5-30,r8f5-30,MP,r8f5,saithe,saithe,0.8045,cod,0.1175,0.687,0.9695,FALSE
f4r5-53,f4r5-53,No_MP,f4r5,saithe,saithe,0.8045,cod,0.11,0.6945,0.948,FALSE
f3r8-17,f3r8-17,MP,f3r8,saithe,saithe,0.805,cod,0.132,0.673,0.9745,FALSE
r7f5-139,r7f5-139,No_MP,r7f5,saithe,saithe,0.805,cod,0.1375,0.6675,0.9835,FALSE
r8f5-83,r8f5-83,MP,r8f5,saithe,saithe,0.8055,cod,0.1245,0.681,0.9615,FALSE
f3r3-70,f3r3-70,No_MP,f3r3,saithe,saithe,0.806,cod,0.128,0.678,0.9720000000000001,FALSE
f4r5-125,f4r5-125,No_MP,f4r5,saithe,saithe,0.806,cod,0.1005,0.7055,0.9540000000000001,FALSE
f4r5-85,f4r5-85,No_MP,f4r5,saithe,saithe,0.806,cod,0.1335,0.6725000000000001,0.9795,FALSE
f3r1-12,f3r1-12,No_MP,f3r1,saithe,saithe,0.8065,cod,0.0935,0.713,0.965,FALSE
f3r3-32,f3r3-32,No_MP,f3r3,saithe,saithe,0.8065,cod,0.1085,0.698,0.965,FALSE
f4r5-65,f4r5-65,No_MP,f4r5,saithe,saithe,0.8065,cod,0.109,0.6975,0.9575,FALSE
f4r5-81,f4r5-81,No_MP,f4r5,saithe,saithe,0.8065,cod,0.095,0.7115,0.967,FALSE
f1r5-49,f1r5-49,MP,f1r5,saithe,saithe,0.807,cod,0.1295,0.6775,0.9745,FALSE
f4r5-240,f4r5-240,No_MP,f4r5,saithe,saithe,0.8075,cod,0.119,0.6885,0.969,FALSE
f3r3-96,f3r3-96,No_MP,f3r3,saithe,saithe,0.808,cod,0.1095,0.6985,0.9630000000000001,FALSE
f3r3-8,f3r3-8,No_MP,f3r3,saithe,saithe,0.8085,cod,0.1295,0.679,0.9755,FALSE
f4r5-212,f4r5-212,No_MP,f4r5,saithe,saithe,0.8085,cod,0.1365,0.6719999999999999,0.979,FALSE
f4r5-49,f4r5-49,No_MP,f4r5,saithe,saithe,0.8085,cod,0.088,0.7205,0.9715,FALSE
f4r5-116,f4r5-116,No_MP,f4r5,saithe,saithe,0.809,cod,0.103,0.7060000000000001,0.9760000000000001,FALSE
f4r5-244,f4r5-244,No_MP,f4r5,saithe,saithe,0.809,cod,0.0945,0.7145,0.9675,FALSE
r8f5-29,r8f5-29,MP,r8f5,saithe,saithe,0.8095,cod,0.103,0.7065,0.9665,FALSE
f1r9-17,f1r9-17,No_MP,f1r9,saithe,saithe,0.8095,cod,0.1025,0.707,0.9635,FALSE
f4r5-19,f4r5-19,No_MP,f4r5,saithe,saithe,0.8095,cod,0.1235,0.6859999999999999,0.9785,FALSE
f1r5-39,f1r5-39,MP,f1r5,saithe,saithe,0.81,cod,0.124,0.686,0.9745,FALSE
f4r3-107,f4r3-107,MP,f4r3,saithe,saithe,0.81,cod,0.1335,0.6765000000000001,0.9760000000000001,FALSE
f3r3-57,f3r3-57,No_MP,f3r3,saithe,saithe,0.81,cod,0.1065,0.7035,0.9715,FALSE
f4r10-60,f4r10-60,MP,f4r10,saithe,saithe,0.8105,cod,0.125,0.6855,0.967,FALSE
f4r5-114,f4r5-114,No_MP,f4r5,saithe,saithe,0.811,cod,0.089,0.7220000000000001,0.9720000000000001,FALSE
f4r3-187,f4r3-187,MP,f4r3,saithe,saithe,0.8115,cod,0.1285,0.683,0.9765,FALSE
f4r5-208,f4r5-208,No_MP,f4r5,saithe,saithe,0.8115,cod,0.1005,0.711,0.978,FALSE
f4r3-44,f4r3-44,MP,f4r3,saithe,saithe,0.812,cod,0.1125,0.6995,0.9805,FALSE
r8f5-53,r8f5-53,MP,r8f5,saithe,saithe,0.812,cod,0.116,0.6960000000000001,0.9610000000000001,FALSE
f1r5-33,f1r5-33,MP,f1r5,saithe,saithe,0.8125,cod,0.0995,0.713,0.9655,FALSE
f4r3-79,f4r3-79,MP,f4r3,saithe,saithe,0.8135,cod,0.128,0.6855,0.967,FALSE
f4r10-42,f4r10-42,MP,f4r10,saithe,saithe,0.814,cod,0.091,0.723,0.9754999999999999,FALSE
r6f5-4,r6f5-4,MP,r6f5,saithe,saithe,0.814,cod,0.1045,0.7094999999999999,0.967,FALSE
f4r5-198,f4r5-198,No_MP,f4r5,saithe,saithe,0.814,cod,0.12,0.694,0.9804999999999999,FALSE
f4r5-59,f4r5-59,No_MP,f4r5,saithe,saithe,0.814,cod,0.1035,0.7104999999999999,0.962,FALSE
r6f5-48,r6f5-48,MP,r6f5,saithe,saithe,0.8145,cod,0.1055,0.709,0.9585,FALSE
f1r9-21,f1r9-21,No_MP,f1r9,saithe,saithe,0.8145,cod,0.1235,0.6910000000000001,0.9735,FALSE
r7f5-8,r7f5-8,No_MP,r7f5,poor_cod,poor_cod,0.8145,norway_pout,0.0675,0.747,0.951,FALSE
r8f5-69,r8f5-69,MP,r8f5,saithe,saithe,0.815,cod,0.1005,0.7144999999999999,0.9734999999999999,FALSE
f1r5-15,f1r5-15,MP,f1r5,saithe,saithe,0.8155,cod,0.091,0.7245,0.9575,FALSE
f4r3-7,f4r3-7,MP,f4r3,saithe,saithe,0.8155,cod,0.1085,0.707,0.977,FALSE
f4r5-236,f4r5-236,No_MP,f4r5,saithe,saithe,0.8155,cod,0.122,0.6935,0.9815,FALSE
f1r5-41,f1r5-41,MP,f1r5,saithe,saithe,0.816,cod,0.1045,0.7114999999999999,0.958,FALSE
f1r9-52,f1r9-52,No_MP,f1r9,saithe,saithe,0.817,cod,0.1135,0.7034999999999999,0.973,FALSE
f3r3-20,f3r3-20,No_MP,f3r3,saithe,saithe,0.8185,cod,0.104,0.7145,0.9665,FALSE
f3r3-39,f3r3-39,No_MP,f3r3,saithe,saithe,0.8185,cod,0.068,0.7505,0.977,FALSE
f4r5-48,f4r5-48,No_MP,f4r5,saithe,saithe,0.8185,cod,0.114,0.7045,0.973,FALSE
f4r3-72,f4r3-72,MP,f4r3,saithe,saithe,0.819,cod,0.1155,0.7034999999999999,0.9714999999999999,FALSE
f3r3-86,f3r3-86,No_MP,f3r3,saithe,saithe,0.819,cod,0.0885,0.7304999999999999,0.9694999999999999,FALSE
f3r3-67,f3r3-67,No_MP,f3r3,saithe,saithe,0.8205,cod,0.087,0.7335,0.9805,FALSE
f4r10-10,f4r10-10,MP,f4r10,poor_cod,poor_cod,0.821,norway_pout,0.0885,0.7324999999999999,0.9884999999999999,FALSE
f3r3-53,f3r3-53,No_MP,f3r3,saithe,saithe,0.8215,cod,0.088,0.7335,0.9745,FALSE
f4r3-66,f4r3-66,MP,f4r3,saithe,saithe,0.822,cod,0.112,0.71,0.977,FALSE
f3r3-60,f3r3-60,No_MP,f3r3,saithe,saithe,0.8235,cod,0.1045,0.719,0.974,FALSE
f4r10-26,f4r10-26,MP,f4r10,saithe,saithe,0.8255,cod,0.092,0.7335,0.979,FALSE
r7f5-141,r7f5-141,No_MP,r7f5,saithe,saithe,0.8265,cod,0.107,0.7195,0.9755,FALSE
f1r5-28,f1r5-28,MP,f1r5,saithe,saithe,0.827,cod,0.088,0.739,0.972,FALSE
f3r3-45,f3r3-45,No_MP,f3r3,saithe,saithe,0.827,cod,0.082,0.745,0.9654999999999999,FALSE
f4r3-38,f4r3-38,MP,f4r3,saithe,saithe,0.8295,cod,0.1055,0.724,0.9805,FALSE
f4r5-57,f4r5-57,No_MP,f4r5,saithe,saithe,0.83,cod,0.1095,0.7204999999999999,0.977,FALSE
f3r3-26,f3r3-26,No_MP,f3r3,saithe,saithe,0.8305,cod,0.1075,0.723,0.976,FALSE
f4r5-14,f4r5-14,No_MP,f4r5,saithe,saithe,0.8305,cod,0.104,0.7265,0.976,FALSE
f4r5-79,f4r5-79,No_MP,f4r5,saithe,saithe,0.831,cod,0.104,0.727,0.9814999999999999,FALSE
f4r5-41,f4r5-41,No_MP,f4r5,saithe,saithe,0.8315,cod,0.1145,0.717,0.9765,FALSE
f4r5-82,f4r5-82,No_MP,f4r5,saithe,saithe,0.8325,cod,0.079,0.7535000000000001,0.9775,FALSE
f4r3-18,f4r3-18,MP,f4r3,saithe,saithe,0.833,cod,0.113,0.72,0.9824999999999999,FALSE
f4r5-213,f4r5-213,No_MP,f4r5,saithe,saithe,0.833,cod,0.112,0.721,0.977,FALSE
f3r3-92,f3r3-92,No_MP,f3r3,saithe,saithe,0.834,cod,0.0795,0.7545,0.956,FALSE
r7f5-93,r7f5-93,No_MP,r7f5,saithe,saithe,0.835,cod,0.112,0.723,0.978,FALSE
r7f5-27,r7f5-27,No_MP,r7f5,poor_cod,poor_cod,0.839,norway_pout,0.0765,0.7625,0.9385,FALSE
f4r10-5,f4r10-5,MP,f4r10,poor_cod,poor_cod,0.8395,haddock,0.065,0.7745,0.9565,FALSE
f4r5-25,f4r5-25,No_MP,f4r5,saithe,saithe,0.843,cod,0.0755,0.7675,0.9774999999999999,FALSE
f4r5-32,f4r5-32,No_MP,f4r5,saithe,saithe,0.8475,cod,0.0905,0.757,0.98,FALSE
f4r5-15,f4r5-15,No_MP,f4r5,saithe,saithe,0.8495,cod,0.073,0.7765000000000001,0.975,FALSE
r8f5-26,r8f5-26,MP,r8f5,saithe,saithe,0.861,cod,0.08,0.781,0.9805,FALSE
f4r10-20,f4r10-20,MP,f4r10,poor_cod,poor_cod,0.867,lesser_sand_eel,0.0715,0.7955,0.926,FALSE
f3r1-39,f3r1-39,No_MP,f3r1,poor_cod,poor_cod,0.8725,haddock,0.0515,0.8210000000000001,0.9895,FALSE
f4r10-2,f4r10-2,MP,f4r10,poor_cod,poor_cod,0.88,haddock,0.0475,0.8325,0.979,FALSE
r6f5-67,r6f5-67,MP,r6f5,poor_cod,poor_cod,0.8965,norway_pout,0.066,0.8305,0.98,FALSE
r7f5-31,r7f5-31,No_MP,r7f5,poor_cod,poor_cod,0.9035,norway_pout,0.056,0.8474999999999999,0.977,FALSE
f4r10-7,f4r10-7,MP,f4r10,poor_cod,poor_cod,0.907,lesser_sand_eel,0.033,0.874,0.9655,FALSE
r7f5-28,r7f5-28,No_MP,r7f5,poor_cod,poor_cod,0.91,cod,0.0335,0.8765000000000001,0.9630000000000001,FALSE
f3r1-35,f3r1-35,No_MP,f3r1,poor_cod,poor_cod,0.941,lesser_sand_eel,0.033,0.9079999999999999,0.9654999999999999,FALSE
r7f5-29,r7f5-29,No_MP,r7f5,poor_cod,poor_cod,0.947,cod,0.038,0.9089999999999999,0.996,FALSE
f3r1-37,f3r1-37,No_MP,f3r1,poor_cod,poor_cod,0.951,lesser_sand_eel,0.019,0.9319999999999999,0.977,FALSE
r7f5-26,r7f5-26,No_MP,r7f5,poor_cod,poor_cod,0.954,cod,0.016,0.938,0.991,FALSE
