Fish_ID,folder,picname,key,cal,dataset,category,sample_group,OL,OW,OA,OP,AR,C,E,FF,RE,RO,prediction_valid,model_predicted_species,predicted_species,uncertain_gadoid,gadoid_probability,top_probability,second_species,second_probability,probability_margin,prob_cod,prob_saithe,prob_haddock,prob_poor_cod,prob_norway_pout,prob_lesser_sand_eel,prob_wrasse
f1r5-1,f1r5,f1r5-1,f1r5;f1r5-1,110,MP,MP,f1r5,2.438666436581397,0.999805010552533,1.9000776512593964,5.655176477379066,2.4391420435407603,16.831428425624637,0.4184596115312222,0.74660155374738,0.7792981402046905,0.4067959928265646,TRUE,saithe,saithe,FALSE,0.9560000000000001,0.786,cod,0.1255,0.6605000000000001,0.1255,0.786,0.006,0.0095,0.029,0.026,0.018
f1r5-10,f1r5,f1r5-10,f1r5;f1r5-10,110,MP,MP,f1r5,1.862526769151602,0.7423401179053,1.0372574701896558,4.248473036540368,2.508993821332453,17.401198507551165,0.4300360439960678,0.7221554658379453,0.7502070072779137,0.38070768460337806,TRUE,saithe,saithe,FALSE,0.9735,0.79,cod,0.1335,0.6565000000000001,0.1335,0.79,0.017,5e-4,0.0325,0.0045,0.022
f1r5-11,f1r5,f1r5-11,f1r5;f1r5-11,110,MP,MP,f1r5,2.433817832519908,0.9788764529758448,1.8526223575741183,5.6247125535422375,2.486338112558487,17.07708599144978,0.42633217564423825,0.7358615293411856,0.7776263179081341,0.3982179953669286,TRUE,saithe,saithe,FALSE,0.962,0.7935,cod,0.128,0.6655,0.128,0.7935,0.0095,0.003,0.028,0.0145,0.0235
f1r5-12,f1r5,f1r5-12,f1r5;f1r5-12,110,MP,MP,f1r5,2.379828914964895,0.9169739698512274,1.7093807593580208,5.474199840698506,2.595306947863531,17.530830233024254,0.44371926263806866,0.7168154871916378,0.7833143213691335,0.38428856006631074,TRUE,saithe,saithe,FALSE,0.9565,0.7765,cod,0.1385,0.6379999999999999,0.1385,0.7765,0.014,5e-4,0.027,0.016,0.0275
f1r5-13,f1r5,f1r5-13,f1r5;f1r5-13,110,MP,MP,f1r5,2.5390636041890193,1.0157921953914275,1.9573621672442707,5.843419489964536,2.4995895968767616,17.444677284107428,0.4285044161221313,0.7203555795100592,0.7589143030449761,0.3865753413717818,TRUE,saithe,saithe,FALSE,0.9674999999999999,0.7565,cod,0.1575,0.599,0.1575,0.7565,0.0045,5e-4,0.0485,0.009,0.0235
f1r5-14,f1r5,f1r5-14,f1r5;f1r5-14,110,MP,MP,f1r5,2.1349324322689087,0.8757477452616792,1.4334354447520856,4.955294211596817,2.4378394849660467,17.1301336334206,0.4182392724424268,0.7335827544183541,0.7666814870637596,0.40042389729344074,TRUE,saithe,saithe,FALSE,0.962,0.7865,cod,0.148,0.6385,0.148,0.7865,0.003,0.002,0.0225,0.0145,0.0235
f1r5-15,f1r5,f1r5-15,f1r5;f1r5-15,110,MP,MP,f1r5,2.5628230459807084,1.0463610394426712,2.120588403312193,5.987450601893799,2.449272239098044,16.905479938551114,0.42016754220508173,0.7433311955671206,0.790780954025001,0.4110827558551875,TRUE,saithe,saithe,FALSE,0.9575,0.8155,cod,0.091,0.7245,0.091,0.8155,0.0175,0.0035,0.03,0.022,0.0205
f1r5-16,f1r5,f1r5-16,f1r5;f1r5-16,110,MP,MP,f1r5,2.460440289127287,0.985582877257445,1.9126575838109303,5.698175142101861,2.496431650653153,16.975960686791286,0.4279882463521376,0.7402450350946476,0.7887352435969577,0.40227374228780577,TRUE,saithe,saithe,FALSE,0.963,0.7875,cod,0.1285,0.659,0.1285,0.7875,0.007,0.0035,0.0365,0.0215,0.0155
f1r5-17,f1r5,f1r5-17,f1r5;f1r5-17,110,MP,MP,f1r5,2.241055809916086,0.9153425836354286,1.5392580708056227,5.110560273263785,2.4483246491334167,16.967802087269465,0.420008205868142,0.7406009658603585,0.7503693740434659,0.3902260104796457,TRUE,saithe,saithe,FALSE,0.9255,0.683,cod,0.1795,0.5035000000000001,0.1795,0.683,0.014,0.0025,0.0465,0.0085,0.066
f1r5-18,f1r5,f1r5-18,f1r5;f1r5-18,110,MP,MP,f1r5,2.8366602314181955,1.1261014252934056,2.532887785949116,6.559879466474549,2.519009538309663,16.989311114921573,0.4316582611592781,0.7396633406355265,0.7929231935867942,0.4007849714971158,TRUE,saithe,saithe,FALSE,0.9430000000000001,0.7405,cod,0.1395,0.601,0.1395,0.7405,0.0175,0.004,0.0415,0.0465,0.0105
f1r5-19,f1r5,f1r5-19,f1r5;f1r5-19,110,MP,MP,f1r5,2.5759710802605222,1.0678033078778086,2.0575171180164706,5.913046782074969,2.4124022291896634,16.9933566728786,0.4139026217683206,0.7394872511806393,0.7480165593029079,0.39479496905502126,TRUE,saithe,saithe,FALSE,0.9584999999999999,0.719,cod,0.1745,0.5445,0.1745,0.719,0.011,0.004,0.05,0.016,0.0255
f1r5-2,f1r5,f1r5-2,f1r5;f1r5-2,110,MP,MP,f1r5,1.9091346439106267,0.7153788411593982,1.0167527105374121,4.288905046300302,2.6687043760150018,18.091622776650915,0.45484841649399177,0.6945960995039846,0.7444622652280912,0.3551831383687867,TRUE,saithe,saithe,FALSE,0.875,0.661,cod,0.1625,0.49850000000000005,0.1625,0.661,0.0155,0.0015,0.0345,0.0025,0.1225
f1r5-20,f1r5,f1r5-20,f1r5;f1r5-20,110,MP,MP,f1r5,2.16450171793513,0.8854262374156436,1.5020590044728024,5.028132478618036,2.4445872806444213,16.831639867174967,0.41937891623816387,0.7465921748281987,0.7837484071669129,0.4082077465710495,TRUE,saithe,saithe,FALSE,0.9395,0.7445,cod,0.146,0.5985,0.146,0.7445,0.0095,0.012,0.0275,0.026,0.0345
f1r5-21,f1r5,f1r5-21,f1r5;f1r5-21,110,MP,MP,f1r5,2.698931360758314,0.9938429924085829,2.0985978471146627,6.155288492623968,2.7156516485742297,18.05375740736617,0.4617364088026281,0.6960529229905309,0.7823833568925105,0.3668222430742149,TRUE,saithe,saithe,FALSE,0.948,0.753,cod,0.148,0.605,0.148,0.753,0.01,0.001,0.036,0.016,0.036
f1r5-22,f1r5,f1r5-22,f1r5;f1r5-22,110,MP,MP,f1r5,2.2684041465022875,0.9496773073930435,1.6275979921682568,5.265987659881001,2.388605191303641,17.03776126995385,0.4097866564294043,0.7375599654938239,0.7555281536431898,0.40273224134384256,TRUE,saithe,saithe,FALSE,0.954,0.7785,cod,0.128,0.6505,0.128,0.7785,0.0085,0.0045,0.0345,0.0195,0.0265
f1r5-23,f1r5,f1r5-23,f1r5;f1r5-23,110,MP,MP,f1r5,2.23991102619886,0.9090730121954994,1.5545383894974871,5.123574704526623,2.463950635592248,16.88669635321831,0.42262456645602553,0.7441580254366476,0.7634347404946564,0.39450274992574275,TRUE,saithe,saithe,FALSE,0.967,0.703,cod,0.194,0.5089999999999999,0.194,0.703,0.0185,0.0045,0.047,0.01,0.023
f1r5-24,f1r5,f1r5-24,f1r5;f1r5-24,110,MP,MP,f1r5,1.9827062876989265,0.8578863628314284,1.2357865531968177,4.562859343486706,2.311152588036326,16.847315043674932,0.39598072066316437,0.7458975262100903,0.7265329530333857,0.4002550463971276,TRUE,saithe,saithe,FALSE,0.854,0.6725,wrasse,0.13,0.5425,0.127,0.6725,0.009,0.014,0.0315,0.016,0.13
f1r5-25,f1r5,f1r5-25,f1r5;f1r5-25,110,MP,MP,f1r5,3.8615606450532836,1.7303758723741143,4.673319772423108,9.014810240954326,2.231631119402478,17.389523430423914,0.38111748336864754,0.7226403106811787,0.6993944603470406,0.3990339964971417,TRUE,norway_pout,gadoids_unknown,TRUE,0.683,0.3755,wrasse,0.273,0.10249999999999998,0.024,0.0875,0.0795,0.1165,0.3755,0.044,0.273
f1r5-26,f1r5,f1r5-26,f1r5;f1r5-26,110,MP,MP,f1r5,3.0264671097608864,1.2143124829033995,2.914896014975876,7.1019032930899995,2.4923297358556815,17.303200568827155,0.4273163901260414,0.7262454460013779,0.7931524104550162,0.40519237862666924,TRUE,saithe,saithe,FALSE,0.8925,0.715,cod,0.1215,0.5934999999999999,0.1215,0.715,0.009,0.003,0.044,0.0895,0.018
f1r5-27,f1r5,f1r5-27,f1r5;f1r5-27,110,MP,MP,f1r5,2.7344221497139727,1.1161119017441872,2.3669325206626395,6.344110181486636,2.4499534011247395,17.004174662138137,0.4202820248679393,0.7390167922904088,0.7755549500446611,0.40305551569210823,TRUE,saithe,saithe,FALSE,0.923,0.7095,cod,0.1445,0.5650000000000001,0.1445,0.7095,0.014,0.011,0.044,0.0435,0.0335
f1r5-28,f1r5,f1r5-28,f1r5;f1r5-28,110,MP,MP,f1r5,1.8954083525186196,0.6998396062927461,1.0440478445401613,4.317167205323628,2.708346791858707,17.851607832139802,0.46067611465281677,0.7039349470659355,0.7870803932947437,0.37001977909217965,TRUE,saithe,saithe,FALSE,0.972,0.827,cod,0.088,0.739,0.088,0.827,0.0225,0.0025,0.032,0.0085,0.0195
f1r5-29,f1r5,f1r5-29,f1r5;f1r5-29,110,MP,MP,f1r5,1.8740246066366932,0.7530573317557789,1.0603506426941167,4.2913558656627595,2.4885550244459353,17.36758995021483,0.4266967308856918,0.7235529310849335,0.7513567178100893,0.38442271756929275,TRUE,saithe,saithe,FALSE,0.9535,0.7245,cod,0.1805,0.544,0.1805,0.7245,0.012,0.0015,0.035,0.011,0.0355
f1r5-3,f1r5,f1r5-3,f1r5;f1r5-3,110,MP,MP,f1r5,1.7926873863057102,0.7432399310812255,1.0203853263656821,4.133718720665096,2.411990141188734,16.746252636186256,0.41383183501720144,0.7503989631211608,0.7658268831755263,0.4042641200845843,TRUE,saithe,saithe,FALSE,0.9455,0.6995,cod,0.171,0.5285,0.171,0.6995,0.0265,0.013,0.0355,0.018,0.0365
f1r5-30,f1r5,f1r5-30,f1r5;f1r5-30,110,MP,MP,f1r5,2.667602748693699,1.0788600178302663,2.2014179165536323,6.156298847763775,2.4726124841094856,17.216183814071474,0.42406473248831894,0.7299161504123916,0.7649203972068729,0.3938857805488592,TRUE,saithe,saithe,FALSE,0.978,0.786,cod,0.1415,0.6445000000000001,0.1415,0.786,0.007,0.002,0.0415,0.0095,0.0125
f1r5-31,f1r5,f1r5-31,f1r5;f1r5-31,110,MP,MP,f1r5,1.8100114790238029,0.7499913811071017,1.0368463149629472,4.17851697534866,2.4133763728750455,16.839529505296905,0.41406988813383494,0.7462423822712146,0.7637949574027938,0.4029599173857902,TRUE,saithe,saithe,FALSE,0.9595,0.796,cod,0.1225,0.6735,0.1225,0.796,0.0075,0.009,0.0245,0.02,0.0205
f1r5-32,f1r5,f1r5-32,f1r5;f1r5-32,110,MP,MP,f1r5,2.434684458577653,0.9480957006055302,1.7393115883695818,5.545988048463829,2.567973314321189,17.683998450522566,0.4394576910168112,0.7106068601803023,0.7534987389937863,0.3735959349906908,TRUE,saithe,saithe,FALSE,0.9745,0.7985,cod,0.1195,0.679,0.1195,0.7985,0.0135,5e-4,0.0425,0.0055,0.02
f1r5-33,f1r5,f1r5-33,f1r5;f1r5-33,110,MP,MP,f1r5,2.5856765478652672,0.9181752067036587,1.8486940243718535,5.8237324758111955,2.816103646653786,18.345848205649865,0.47590522030141047,0.6849708159303957,0.7786912230606879,0.35206817033071663,TRUE,saithe,saithe,FALSE,0.9655,0.8125,cod,0.0995,0.713,0.0995,0.8125,0.0205,0.001,0.032,0.007,0.0275
f1r5-34,f1r5,f1r5-34,f1r5;f1r5-34,110,MP,MP,f1r5,2.5740367204635795,1.0524584929847771,2.081793736721399,5.962989873201977,2.4457370410528965,17.080101453234345,0.4195726556693745,0.7357316142861412,0.7684541890215655,0.40005374468157523,TRUE,saithe,saithe,FALSE,0.967,0.7555,cod,0.1505,0.605,0.1505,0.7555,0.011,0.0025,0.0475,0.016,0.017
f1r5-35,f1r5,f1r5-35,f1r5;f1r5-35,110,MP,MP,f1r5,2.756697582583031,1.0700613820675957,2.190477304346641,6.236054582401649,2.576205093259679,17.75338036031007,0.4407479582841772,0.7078297405519955,0.7425760559885225,0.3670038545967412,TRUE,saithe,saithe,FALSE,0.9825,0.779,cod,0.132,0.647,0.132,0.779,0.0195,0.002,0.05,0.0045,0.013
f1r5-36,f1r5,f1r5-36,f1r5;f1r5-36,110,MP,MP,f1r5,2.0518180247903284,0.7624822249711888,1.1657611146569866,4.604735593644927,2.6909716155912466,18.18862339873074,0.4581372580727296,0.6908917920218246,0.7451453580084795,0.35256727751986416,TRUE,saithe,saithe,FALSE,0.903,0.6645,cod,0.183,0.4815,0.183,0.6645,0.0155,0.001,0.039,0.004,0.093
f1r5-37,f1r5,f1r5-37,f1r5;f1r5-37,110,MP,MP,f1r5,2.0143499062981234,0.7607769396840819,1.131861518920321,4.533878319005253,2.6477536334560785,18.16127880304143,0.4517173578674248,0.6919320357691283,0.7385859507661898,0.35516780255489366,TRUE,saithe,saithe,FALSE,0.8009999999999999,0.586,wrasse,0.193,0.39299999999999996,0.1325,0.586,0.0445,0.0055,0.0325,0.006,0.193
f1r5-38,f1r5,f1r5-38,f1r5;f1r5-38,110,MP,MP,f1r5,1.9662049722903476,0.7674262655734362,1.1343703514778924,4.4630817931147275,2.5620767238415536,17.559608346675283,0.43852978050313246,0.7156407116983605,0.7517776633488233,0.37360046282654413,TRUE,saithe,saithe,FALSE,0.973,0.7805,cod,0.152,0.6285,0.152,0.7805,0.007,0,0.0335,0.0075,0.0195
f1r5-39,f1r5,f1r5-39,f1r5;f1r5-39,110,MP,MP,f1r5,2.1355808229110793,0.84482112947624,1.3776027208499333,4.89591956721086,2.527849681310724,17.399812040012154,0.43308242111468664,0.722213009282047,0.7635600755510404,0.38459362918623274,TRUE,saithe,saithe,FALSE,0.9745,0.81,cod,0.124,0.686,0.124,0.81,0.0075,0.0015,0.0315,0.007,0.0185
f1r5-4,f1r5,f1r5-4,f1r5;f1r5-4,110,MP,MP,f1r5,1.8809568597123716,0.6987959779206067,0.9761916088293994,4.220885249338212,2.691711056078911,18.25038458325289,0.45824579182416664,0.688553742910736,0.7426870282124501,0.351307578704023,TRUE,saithe,saithe,FALSE,0.8085,0.627,wrasse,0.188,0.439,0.118,0.627,0.029,0.0045,0.03,0.0035,0.188
f1r5-40,f1r5,f1r5-40,f1r5;f1r5-40,110,MP,MP,f1r5,2.309477026199509,0.9992336114162165,1.797636128987449,5.45349667832794,2.311248340541989,16.544297002578503,0.3959981872961429,0.759559056054219,0.7789706730311095,0.42912578786734434,TRUE,saithe,saithe,FALSE,0.879,0.746,cod,0.08,0.666,0.08,0.746,0.0015,0.0375,0.014,0.065,0.056
f1r5-41,f1r5,f1r5-41,f1r5;f1r5-41,110,MP,MP,f1r5,2.1450809863903113,0.8765948495471217,1.467154971054602,4.992185666731181,2.4470609056150994,16.98656121732129,0.41979557229694014,0.7397830822606506,0.7802492887474033,0.4059744679444191,TRUE,saithe,saithe,FALSE,0.958,0.816,cod,0.1045,0.7114999999999999,0.1045,0.816,0.011,0.004,0.0225,0.0205,0.0215
f1r5-42,f1r5,f1r5-42,f1r5;f1r5-42,110,MP,MP,f1r5,2.4872428871251144,0.9842494150284066,1.8435081556080322,5.674560794813286,2.5270453293115036,17.467045163904615,0.4329531340640837,0.7194331094034947,0.753046336969781,0.37941874810338855,TRUE,saithe,saithe,FALSE,0.9744999999999999,0.713,cod,0.2035,0.5095,0.2035,0.713,0.0125,0.003,0.0425,0.006,0.0195
f1r5-43,f1r5,f1r5-43,f1r5;f1r5-43,110,MP,MP,f1r5,2.013504512297064,0.8768212559078672,1.3494708053648137,4.722134171538314,2.2963682720171588,16.523922596444528,0.3932716750801231,0.7604956111972525,0.7643632824293811,0.4238072654077271,TRUE,saithe,saithe,FALSE,0.882,0.7735,wrasse,0.063,0.7104999999999999,0.061,0.7735,0.0045,0.0295,0.0135,0.055,0.063
f1r5-44,f1r5,f1r5-44,f1r5;f1r5-44,110,MP,MP,f1r5,1.549259320909352,0.6696315211416788,0.790123262685401,3.6520839177345494,2.313599751499099,16.88055215188107,0.3964268016693374,0.7444288848667103,0.7616138655232426,0.41913770554931634,TRUE,saithe,saithe,FALSE,0.9305,0.666,haddock,0.099,0.5670000000000001,0.0365,0.666,0.099,0.0455,0.0835,0.022,0.0475
f1r5-45,f1r5,f1r5-45,f1r5;f1r5-45,110,MP,MP,f1r5,1.5142061580547925,0.5635442334198987,0.6551298834375446,3.4201893091378404,2.686933994277167,17.855535529781637,0.45754385538108744,0.7037801018849,0.7677403950280857,0.3638040357978065,TRUE,saithe,saithe,FALSE,0.9705,0.784,cod,0.1335,0.6505000000000001,0.1335,0.784,0.014,0.002,0.037,0.0055,0.024
f1r5-46,f1r5,f1r5-46,f1r5;f1r5-46,110,MP,MP,f1r5,1.5855613626584149,0.6773719023707341,0.8266928753756525,3.7195877647169993,2.3407545502095797,16.735759496107395,0.4013328516234359,0.7508694551497356,0.7697221114731151,0.41868577407950325,TRUE,saithe,saithe,FALSE,0.911,0.784,cod,0.0815,0.7025,0.0815,0.784,0.0115,0.0225,0.0115,0.0415,0.0475
f1r5-47,f1r5,f1r5-47,f1r5;f1r5-47,110,MP,MP,f1r5,1.4500560687419268,0.5677060818430433,0.6226487384242443,3.288179505665571,2.554237333576482,17.364725557529667,0.437291375816065,0.7236722845245406,0.7563708278732576,0.3770367130229984,TRUE,saithe,saithe,FALSE,0.9780000000000001,0.7365,cod,0.1955,0.541,0.1955,0.7365,0.007,0.0025,0.0365,0.005,0.017
f1r5-48,f1r5,f1r5-48,f1r5;f1r5-48,110,MP,MP,f1r5,1.7866605047386883,0.708300972806939,0.9717629013229871,4.1006995209557475,2.522459481678104,17.30436152509347,0.4322149025693839,0.7261967219152454,0.7678925244565139,0.3876023124835724,TRUE,saithe,saithe,FALSE,0.9720000000000001,0.796,cod,0.1225,0.6735,0.1225,0.796,0.022,0.002,0.0295,0.009,0.019
f1r5-49,f1r5,f1r5-49,f1r5;f1r5-49,110,MP,MP,f1r5,1.9230840853932487,0.7631778715753874,1.0949126256162964,4.400852602245484,2.51983732366811,17.688629369662635,0.43179192215742795,0.7104208218592374,0.7460285026954316,0.3769580608277771,TRUE,saithe,saithe,FALSE,0.9745,0.807,cod,0.1295,0.6775,0.1295,0.807,0.012,0.0015,0.0245,0.009,0.0165
f1r5-5,f1r5,f1r5-5,f1r5;f1r5-5,110,MP,MP,f1r5,2.09506315813824,0.9149094206700366,1.496892835994357,4.922846258760919,2.2899131988431316,16.189813128003866,0.3920812255158337,0.7761899729789253,0.7809360844689262,0.4342167664515876,TRUE,saithe,saithe,FALSE,0.8140000000000001,0.66,wrasse,0.1205,0.5395000000000001,0.0555,0.66,0.0035,0.078,0.017,0.0655,0.1205
f1r5-50,f1r5,f1r5-50,f1r5;f1r5-50,110,MP,MP,f1r5,2.1823064113480126,0.8255010336191152,1.3800392472936902,4.958648258614888,2.643614389894181,17.81702411788856,0.4510944940970867,0.7053013191884466,0.7660517122605441,0.3689521955587666,TRUE,saithe,saithe,FALSE,0.9590000000000001,0.78,cod,0.125,0.655,0.125,0.78,0.0155,0.003,0.0355,0.0075,0.0335
f1r5-51,f1r5,f1r5-51,f1r5;f1r5-51,110,MP,MP,f1r5,2.116436298902055,0.8900540239882678,1.4463458702062022,4.906274906802001,2.377873973782464,16.642999407661158,0.4079115989752433,0.7550544410026585,0.7678043890667829,0.4111230963287731,TRUE,saithe,saithe,FALSE,0.919,0.7425,cod,0.106,0.6365000000000001,0.106,0.7425,0.007,0.023,0.0405,0.039,0.042
f1r5-52,f1r5,f1r5-52,f1r5;f1r5-52,110,MP,MP,f1r5,2.0585428511228634,0.8842150554272652,1.403756863494573,4.819883960354397,2.32810201374387,16.54936263923129,0.3990568823489436,0.7593265606839633,0.7712125274899233,0.4217763146109944,TRUE,saithe,saithe,FALSE,0.9075,0.766,cod,0.083,0.683,0.083,0.766,0.004,0.032,0.0225,0.0435,0.049
f1r5-53,f1r5,f1r5-53,f1r5;f1r5-53,110,MP,MP,f1r5,2.239587345639701,0.8625583314021169,1.4515437207791657,5.0807065518043375,2.5964474101121695,17.78353534655587,0.4438956637106444,0.7066294957370721,0.7514042413084813,0.36847177816490023,TRUE,saithe,saithe,FALSE,0.9754999999999999,0.7705,cod,0.1565,0.614,0.1565,0.7705,0.0085,0.002,0.038,0.008,0.0165
f1r5-54,f1r5,f1r5-54,f1r5;f1r5-54,110,MP,MP,f1r5,2.5830942209144725,0.9883073754692269,2.0125830743595903,5.945083959714276,2.613654704021687,17.56152267120628,0.4465436894747658,0.7155627020294136,0.7883544652420055,0.38404617062466223,TRUE,saithe,saithe,FALSE,0.92,0.778,cod,0.0905,0.6875,0.0905,0.778,0.0135,0.0015,0.0365,0.07,0.01
f1r5-55,f1r5,f1r5-55,f1r5;f1r5-55,110,MP,MP,f1r5,1.7703857673696493,0.7318245223772393,0.9661169361664138,4.064635885816095,2.4191397161969586,17.10068860796599,0.41505753902781123,0.7348458826684557,0.7456840056903227,0.39246776759715646,TRUE,saithe,saithe,FALSE,0.9405,0.7375,cod,0.1595,0.5780000000000001,0.1595,0.7375,0.0035,0.0025,0.0375,0.007,0.0525
f1r5-56,f1r5,f1r5-56,f1r5;f1r5-56,110,MP,MP,f1r5,1.0648787198077685,0.47657373925328245,0.39066806167432716,2.511851623164749,2.234446911565604,16.15027998386798,0.3816562600398599,0.7780899542863243,0.7697995480559818,0.4386495920000985,TRUE,saithe,saithe,FALSE,0.7444999999999999,0.606,lesser_sand_eel,0.128,0.478,0.038,0.606,0.0045,0.083,0.013,0.128,0.1275
f1r5-57,f1r5,f1r5-57,f1r5;f1r5-57,110,MP,MP,f1r5,1.9486610018605317,0.8219283349106129,1.197129430848402,4.490978408544853,2.370840521117275,16.847707980683786,0.4066761724648148,0.7458801297343681,0.7474305786715755,0.401401174491678,TRUE,saithe,saithe,FALSE,0.9634999999999999,0.713,cod,0.1475,0.5655,0.1475,0.713,0.031,0.012,0.06,0.014,0.0225
f1r5-58,f1r5,f1r5-58,f1r5;f1r5-58,110,MP,MP,f1r5,2.3438561670024187,1.064301943899186,2.0629758981490003,5.887802418147511,2.202247379550437,16.803985614300124,0.3754386332636238,0.7478208386268339,0.8269863504055024,0.47812599713817955,TRUE,wrasse,wrasse,FALSE,0.441,0.285,lesser_sand_eel,0.274,0.010999999999999954,0.005,0.273,0.008,0.0925,0.0625,0.274,0.285
f1r5-59,f1r5,f1r5-59,f1r5;f1r5-59,110,MP,MP,f1r5,4.502911993070611,1.827272723498565,6.111386934529015,10.325459426697272,2.464280200302649,17.445321907209276,0.42267949347016603,0.7203289616092509,0.7427504968959345,0.38376289530851654,TRUE,norway_pout,gadoids_unknown,TRUE,0.9475,0.3855,haddock,0.2335,0.152,0.0815,0.2325,0.2335,0.0145,0.3855,0.042,0.0105
f1r5-6,f1r5,f1r5-6,f1r5;f1r5-6,110,MP,MP,f1r5,2.1311282318974896,0.8613620321626719,1.3704914875689491,4.8776858242392205,2.474137647496189,17.360063317275642,0.424317570882259,0.7238666348557561,0.7465880518535544,0.3842087897610377,TRUE,saithe,saithe,FALSE,0.9555,0.767,cod,0.1375,0.6295,0.1375,0.767,0.0175,0.004,0.0295,0.0065,0.038
f1r5-60,f1r5,f1r5-60,f1r5;f1r5-60,110,MP,MP,f1r5,2.0196805804492866,0.8511477779190701,1.299786705503197,4.660436290520373,2.3728906223395256,16.710177389905514,0.4070368049430706,0.7520189834699432,0.756109041286793,0.40571104392033264,TRUE,saithe,saithe,FALSE,0.9255,0.6825,cod,0.17,0.5125,0.17,0.6825,0.0075,0.0245,0.041,0.0325,0.042
f1r5-61,f1r5,f1r5-61,f1r5;f1r5-61,110,MP,MP,f1r5,2.8699295331265975,1.2082891818335213,2.663602365198667,6.7398110867693175,2.37520088425489,17.053992021797345,0.40744267716630433,0.7368580094500821,0.7681168130103572,0.41175325749658975,TRUE,saithe,saithe,FALSE,0.958,0.7895,cod,0.1,0.6895,0.1,0.7895,0.016,0.0045,0.048,0.023,0.019
f1r5-62,f1r5,f1r5-62,f1r5;f1r5-62,110,MP,MP,f1r5,3.1486929945502693,1.264617814161741,3.02164875149857,7.242428266885001,2.489837608872684,17.358988921184576,0.4269074311895973,0.7239114369745012,0.7588472518199451,0.3880551590945792,TRUE,saithe,saithe,FALSE,0.9785,0.764,cod,0.1495,0.6145,0.1495,0.764,0.016,0.0015,0.0475,0.0075,0.014
f1r5-63,f1r5,f1r5-63,f1r5;f1r5-63,110,MP,MP,f1r5,1.3410464370018655,0.5986111943800789,0.6275331726639434,3.178162653776689,2.2402628777944114,16.095910612951812,0.38276612872799876,0.7807182157340918,0.7817142658827395,0.4442824660762247,TRUE,saithe,saithe,FALSE,0.6185,0.526,lesser_sand_eel,0.2395,0.28650000000000003,0.0235,0.526,5e-4,0.061,0.0075,0.2395,0.142
f1r5-64,f1r5,f1r5-64,f1r5;f1r5-64,110,MP,MP,f1r5,1.2691675379188134,0.5410423911825298,0.5224631443385014,2.95901824472814,2.345782065514046,16.758672965764582,0.40223243449877244,0.7498428210891372,0.7608611521344284,0.41297890421803557,TRUE,saithe,saithe,FALSE,0.953,0.7995,cod,0.082,0.7175,0.082,0.7995,0.0185,0.0175,0.0355,0.02,0.027
f1r5-65,f1r5,f1r5-65,f1r5;f1r5-65,110,MP,MP,f1r5,1.7493144390693829,0.6645930276666211,0.8335749937390778,3.9113463148624548,2.632158879564546,18.35303375184599,0.44936329430617394,0.6847026374097535,0.7170030717035453,0.34683189972961076,TRUE,saithe,saithe,FALSE,0.804,0.6215,wrasse,0.1925,0.42900000000000005,0.096,0.6215,0.0475,0.005,0.034,0.0035,0.1925
f1r5-66,f1r5,f1r5-66,f1r5;f1r5-66,110,MP,MP,f1r5,1.4142969135188288,0.5935625553845874,0.61775104357533,3.2502974238824853,2.382725966604249,17.101441516883284,0.4087608574431168,0.7348135303069689,0.7358789809488966,0.3932261753200461,TRUE,saithe,saithe,FALSE,0.9309999999999999,0.722,cod,0.1545,0.5675,0.1545,0.722,0.016,0.0055,0.033,0.011,0.058
f1r5-67,f1r5,f1r5-67,f1r5;f1r5-67,110,MP,MP,f1r5,1.3302793999042954,0.5953663885332896,0.6225911479025875,3.165931218603632,2.234387808121811,16.09904110377317,0.3816449607626404,0.7805664035116949,0.7860963193076296,0.4479477179722726,TRUE,saithe,gadoids_unknown,TRUE,0.5575,0.432,lesser_sand_eel,0.237,0.195,0.023,0.432,0.0115,0.078,0.013,0.237,0.2055
f1r5-7,f1r5,f1r5-7,f1r5;f1r5-7,110,MP,MP,f1r5,2.2105898586804082,0.8512409188604311,1.4790031155694057,5.057092656234633,2.5969027213115625,17.29150254284378,0.44396605775573306,0.7267367646751935,0.7859744413465999,0.38535665262355273,TRUE,saithe,saithe,FALSE,0.974,0.7865,cod,0.1485,0.638,0.1485,0.7865,0.013,5e-4,0.0255,0.0135,0.0125
f1r5-8,f1r5,f1r5-8,f1r5;f1r5-8,110,MP,MP,f1r5,1.7768961370287466,0.7496773445356956,1.0227982125517217,4.1099371835501834,2.370214532932495,16.515069586000305,0.4065659676982765,0.7609032798149143,0.7678095872539147,0.41245444905316103,TRUE,saithe,saithe,FALSE,0.9125,0.701,cod,0.1435,0.5575,0.1435,0.701,0.0155,0.03,0.0225,0.0315,0.056
f1r5-9,f1r5,f1r5-9,f1r5;f1r5-9,110,MP,MP,f1r5,1.79209899771435,0.7340483137888156,1.0158738418269206,4.138998147156651,2.4413910692940215,16.86361530025983,0.41883966113438925,0.745176546702032,0.7722414974552466,0.4027410540703932,TRUE,saithe,saithe,FALSE,0.964,0.7875,cod,0.1345,0.653,0.1345,0.7875,0.0075,0.007,0.0275,0.0165,0.0195
f2r1-1,f2r1,f2r1-1,f2r1;f2r1-1,110,MP,MP,f2r1,7.021385945262116,2.692920443622717,14.13156109379005,15.933045869796162,2.607349935602414,17.964183079573935,0.44557638274535527,0.6995236331479882,0.7473839573816504,0.3649678152691519,TRUE,cod,gadoids_unknown,TRUE,0.999,0.4955,saithe,0.438,0.057499999999999996,0.4955,0.438,0.063,0.0025,0,0.001,0
f2r1-10,f2r1,f2r1-10,f2r1;f2r1-10,110,MP,MP,f2r1,6.5748222142666535,2.4560955677279326,12.395694853901485,14.933910597087014,2.676940710555837,17.991866398001303,0.45606955416540745,0.69844730593126,0.7676117278368619,0.36510095387261715,TRUE,saithe,saithe,FALSE,0.9954999999999999,0.5675,cod,0.361,0.20650000000000002,0.361,0.5675,0.064,0.002,0.001,0.004,5e-4
f2r1-11,f2r1,f2r1-11,f2r1;f2r1-11,110,MP,MP,f2r1,6.205493279423839,2.098082547079568,9.899637479070552,13.755596801790658,2.9576973928226002,19.113471960308427,0.4946556541621756,0.6574614303698905,0.7603620107364,0.3273232017356664,TRUE,cod,gadoids_unknown,TRUE,0.989,0.403,saithe,0.367,0.03600000000000003,0.403,0.367,0.1295,0.0035,0.086,0.008,0.003
f2r1-12,f2r1,f2r1-12,f2r1;f2r1-12,110,MP,MP,f2r1,7.54449381746956,2.6454191070603428,15.234867216251578,16.908539815203664,2.8519087192400274,18.766078799646458,0.48077689639680893,0.6696321990609949,0.7633330745396723,0.34079136185227427,TRUE,saithe,saithe,FALSE,0.997,0.516,haddock,0.34,0.176,0.1385,0.516,0.34,0.0025,0,0.0025,5e-4
f2r1-13,f2r1,f2r1-13,f2r1;f2r1-13,110,MP,MP,f2r1,6.5918210907789465,2.3090850734181174,11.837912038689643,14.850448707415087,2.854732883886835,18.62962202209249,0.4811573044762199,0.674537067872712,0.7777316322341042,0.346876121034356,TRUE,saithe,saithe,FALSE,0.9905,0.5515,cod,0.341,0.21049999999999996,0.341,0.5515,0.0955,0.002,5e-4,0.0095,0
f2r1-14,f2r1,f2r1-14,f2r1;f2r1-14,110,MP,MP,f2r1,7.233953818015155,2.492033037014282,13.650341062172267,16.067235118884852,2.902832229978056,18.912058181529762,0.48755163375002536,0.6644634070887097,0.7572058756279748,0.33212545127440624,TRUE,cod,cod,FALSE,0.999,0.5785,saithe,0.3005,0.278,0.5785,0.3005,0.1195,5e-4,0,5e-4,5e-4
f2r1-19,f2r1,f2r1-19,f2r1;f2r1-19,110,MP,MP,f2r1,7.002164878636626,2.4362435201575914,12.90527511544574,15.584109470621552,2.8741645983664563,18.819007407416123,0.48375967277092435,0.6677488531837799,0.7565092410967305,0.33512954764991304,TRUE,saithe,gadoids_unknown,TRUE,0.9994999999999999,0.414,cod,0.3615,0.05249999999999999,0.3615,0.414,0.2205,0.0025,0.001,0,5e-4
f2r1-2,f2r1,f2r1-2,f2r1;f2r1-2,110,MP,MP,f2r1,6.4350957283190295,2.40623198647434,11.856390923101308,14.614234054250158,2.6743455180096176,18.013562337613894,0.4556853757500209,0.6976060802876003,0.7657023900987415,0.3645462248638441,TRUE,saithe,saithe,FALSE,0.989,0.5125,cod,0.395,0.11749999999999994,0.395,0.5125,0.0785,0.0025,5e-4,0.0105,5e-4
f2r1-3,f2r1,f2r1-3,f2r1;f2r1-3,110,MP,MP,f2r1,6.0376242446979855,2.5727272594758426,11.631014711174165,13.905132159531709,2.3467797538430357,16.62388924573235,0.4024106313827665,0.7559224215587929,0.7487861036741974,0.40625204652669694,TRUE,cod,cod,FALSE,0.9465,0.5585,saithe,0.306,0.2525,0.5585,0.306,0.0175,0.0605,0.004,0.0455,0.008
f2r1-4,f2r1,f2r1-4,f2r1;f2r1-4,110,MP,MP,f2r1,6.2470445472124485,2.326966757659072,10.63111617588593,14.047666128407519,2.6846299057133822,18.56220178487167,0.4572046443799409,0.6769870708226465,0.7313311670564148,0.3468484651131491,TRUE,cod,gadoids_unknown,TRUE,0.987,0.4175,saithe,0.3585,0.059,0.4175,0.3585,0.2005,0.004,0.0065,0.011,0.002
f2r1-5,f2r1,f2r1-5,f2r1;f2r1-5,110,MP,MP,f2r1,6.320010275309447,2.1549100490920368,10.3368433973261,14.122531228469038,2.93284180375527,19.294660916569093,0.49146187418718396,0.6512874555659037,0.7589986544572057,0.3295053623479834,TRUE,saithe,gadoids_unknown,TRUE,0.992,0.4305,cod,0.2665,0.16399999999999998,0.2665,0.4305,0.206,0.004,0.085,0.005,0.003
f2r1-6,f2r1,f2r1-6,f2r1;f2r1-6,110,MP,MP,f2r1,7.193654730822946,2.4287340461134503,13.223727878906073,15.951923106686142,2.961894795494178,19.242973927763376,0.49519103781489127,0.6530368258842083,0.7568753361765519,0.325360512439781,TRUE,cod,cod,FALSE,0.999,0.543,saithe,0.3155,0.22750000000000004,0.543,0.3155,0.1395,0.001,0,5e-4,5e-4
f2r1-7,f2r1,f2r1-7,f2r1;f2r1-7,110,MP,MP,f2r1,5.631503380237529,2.4111664302361078,10.170247474581807,13.017414032544766,2.3355929767511223,16.661646485810923,0.4004064602786141,0.7542094129209084,0.748996836161281,0.4083127497705636,TRUE,cod,gadoids_unknown,TRUE,0.906,0.4655,saithe,0.344,0.12150000000000005,0.4655,0.344,0.0145,0.067,0.015,0.088,0.006
f2r1-8,f2r1,f2r1-8,f2r1;f2r1-8,110,MP,MP,f2r1,6.513878645046098,2.3564742742595026,11.973026437541934,14.75553027810223,2.7642477222005817,18.184681619452835,0.468685339648476,0.6910415522984167,0.7800125229379842,0.3592813992816305,TRUE,saithe,saithe,FALSE,0.9910000000000001,0.549,cod,0.401,0.14800000000000002,0.401,0.549,0.039,0.002,0,0.0085,5e-4
f3r8-1,f3r8,f3r8-1,f3r8;f3r8-1,110,MP,MP,f3r8,3.1080049335332145,1.534505135981521,3.7584709299189782,7.598257888687831,2.0254118807789,15.360907140035115,0.3389329853873996,0.8180747725248241,0.78806338477044,0.4954021820301053,TRUE,lesser_sand_eel,lesser_sand_eel,FALSE,0.3785,0.385,saithe,0.251,0.134,0.004,0.251,0.0085,0.062,0.053,0.385,0.2365
f3r8-10,f3r8,f3r8-10,f3r8;f3r8-10,110,MP,MP,f3r8,1.7117186586345994,0.6714344431531376,0.8687833931661432,3.8775161084795333,2.5493459206473843,17.305960599367715,0.4365158976572198,0.7261296211906489,0.7559194329038965,0.37753468715717076,TRUE,saithe,saithe,FALSE,0.942,0.6915,cod,0.2045,0.487,0.2045,0.6915,0.007,5e-4,0.0385,0.0065,0.0515
f3r8-11,f3r8,f3r8-11,f3r8;f3r8-11,110,MP,MP,f3r8,1.1378477200523733,0.48095306636620205,0.4232679839193799,2.640423404957174,2.365818620617767,16.47144603966447,0.4057909158417701,0.7629184823298703,0.7734434714619639,0.4162528796165564,TRUE,saithe,saithe,FALSE,0.9175,0.7575,cod,0.1115,0.6459999999999999,0.1115,0.7575,0.0025,0.028,0.018,0.0425,0.04
f3r8-12,f3r8,f3r8-12,f3r8;f3r8-12,110,MP,MP,f3r8,6.811827905444704,2.6058372561871805,13.28492566455425,15.450521484453374,2.614064976341486,17.96913435341868,0.44660651839619164,0.699330884126223,0.7484248040352792,0.3645372496027421,TRUE,cod,gadoids_unknown,TRUE,0.9994999999999999,0.452,saithe,0.3695,0.08250000000000002,0.452,0.3695,0.172,0.005,0.001,5e-4,0
f3r8-13,f3r8,f3r8-13,f3r8;f3r8-13,110,MP,MP,f3r8,6.777370844483854,2.531851530999545,12.980948096721507,15.380100686507365,2.6768437096342015,18.222667201546493,0.4560552044245105,0.6896010597884765,0.7564965095472799,0.3598272353156332,TRUE,saithe,saithe,FALSE,0.9984999999999999,0.508,cod,0.3675,0.1405,0.3675,0.508,0.1195,0.003,5e-4,0.001,5e-4
f3r8-14,f3r8,f3r8-14,f3r8;f3r8-14,110,MP,MP,f3r8,6.966440937568768,2.4955384616304905,12.88999885945175,15.655282070347102,2.791558232693861,19.013799719805082,0.4725123874521052,0.6609079089683394,0.7414427993349639,0.338174672917863,TRUE,cod,gadoids_unknown,TRUE,0.9974999999999999,0.452,saithe,0.3635,0.08850000000000002,0.452,0.3635,0.1755,0.005,0.0015,0.0025,0
f3r8-15,f3r8,f3r8-15,f3r8;f3r8-15,110,MP,MP,f3r8,3.3848505850806903,1.5775681272241011,4.346028979556466,8.270018975297019,2.1456129384641502,15.736943810888397,0.3641938664658143,0.7985267511512938,0.8138886495439118,0.48297397682183163,TRUE,lesser_sand_eel,lesser_sand_eel,FALSE,0.4645,0.357,saithe,0.218,0.13899999999999998,0.0165,0.218,0.015,0.096,0.119,0.357,0.1785
f3r8-16,f3r8,f3r8-16,f3r8;f3r8-16,110,MP,MP,f3r8,6.937635945671496,2.4530497614012905,13.090304593702104,15.588081316524422,2.8281676363990313,18.5624618121936,0.4775568392085093,0.6769775874288603,0.7691869148264576,0.3462875342484485,TRUE,saithe,saithe,FALSE,0.997,0.5665,haddock,0.2245,0.34199999999999997,0.204,0.5665,0.2245,0.001,0.001,0.0025,5e-4
f3r8-17,f3r8,f3r8-17,f3r8;f3r8-17,110,MP,MP,f3r8,1.652166887124962,0.6534823281125383,0.8329288676715686,3.7925186843222853,2.528250292394192,17.268218846996504,0.4331467911130407,0.7277166641042928,0.7714719724541408,0.3885171598470432,TRUE,saithe,saithe,FALSE,0.9745,0.805,cod,0.132,0.673,0.132,0.805,0.0105,5e-4,0.0265,0.0105,0.015
f3r8-18,f3r8,f3r8-18,f3r8;f3r8-18,110,MP,MP,f3r8,1.1322710064630015,0.5072918104833982,0.43380340241156073,2.6484505595501404,2.231991494962359,16.169283890786105,0.3811864903984554,0.7771754580621832,0.7552395346616326,0.43082639134106115,TRUE,saithe,saithe,FALSE,0.818,0.635,wrasse,0.121,0.514,0.0755,0.635,0.001,0.086,0.0205,0.061,0.121
f3r8-2,f3r8,f3r8-2,f3r8;f3r8-2,110,MP,MP,f3r8,6.97791236343815,2.4727267745492325,13.14558370592305,15.642815906574512,2.8219504213967164,18.614440785670578,0.47670697432304515,0.6750871948854238,0.761865368718624,0.34374704383951243,TRUE,saithe,gadoids_unknown,TRUE,0.9994999999999999,0.462,cod,0.29,0.17200000000000004,0.29,0.462,0.2445,0.0025,5e-4,0,5e-4
f3r8-3,f3r8,f3r8-3,f3r8;f3r8-3,110,MP,MP,f3r8,6.841640274406326,2.8363417920451424,14.5164852760596,15.69632447243165,2.412135340527196,16.972056063059185,0.4138567787023982,0.7404153372855464,0.7480707571715126,0.39486725901647496,TRUE,cod,cod,FALSE,0.9510000000000001,0.6175,haddock,0.1515,0.4660000000000001,0.6175,0.1115,0.1515,0.0665,0.004,0.0165,0.0325
f3r8-4,f3r8,f3r8-4,f3r8;f3r8-4,110,MP,MP,f3r8,6.8225852679420544,2.4088546847219536,12.477354085346228,15.309957375120792,2.832294248056546,18.785616984557304,0.47811940562386335,0.6689357408217864,0.7592117587313469,0.3412987314817239,TRUE,saithe,saithe,FALSE,0.996,0.5505,cod,0.2765,0.27399999999999997,0.2765,0.5505,0.1655,0.0025,0.001,0.0035,5e-4
f3r8-5,f3r8,f3r8-5,f3r8;f3r8-5,110,MP,MP,f3r8,6.667565756172854,2.7697026929725403,14.045121648284466,15.483371095889455,2.4073218302781054,17.068900255649073,0.41302873646169197,0.7362144265972991,0.7605452256362922,0.40225459041668105,TRUE,cod,cod,FALSE,0.985,0.724,saithe,0.1135,0.6104999999999999,0.724,0.1135,0.1085,0.039,0,0.014,0.001
f3r8-6,f3r8,f3r8-6,f3r8;f3r8-6,110,MP,MP,f3r8,2.4628514723538855,1.3262406008034935,2.416181266123764,6.071838411827731,1.8570170984524106,15.258466827901586,0.2999691877646234,0.8235670566442722,0.7397227441813846,0.5071812482591893,TRUE,wrasse,wrasse,FALSE,0.528,0.35,saithe,0.295,0.05499999999999999,0.0175,0.295,0.02,0.156,0.0395,0.122,0.35
f3r8-7,f3r8,f3r8-7,f3r8;f3r8-7,110,MP,MP,f3r8,2.973305416311006,1.35535245019977,3.1809589243199117,7.110120101195635,2.1937507220891215,15.892631453653435,0.37377704960901137,0.7907042110053075,0.7893439668349091,0.4581304260564468,TRUE,saithe,gadoids_unknown,TRUE,0.608,0.339,wrasse,0.213,0.12600000000000003,0.02,0.339,0.042,0.144,0.063,0.179,0.213
f3r8-8,f3r8,f3r8-8,f3r8;f3r8-8,110,MP,MP,f3r8,2.8768941789227878,1.2967901687185241,2.9990060253983906,6.920442041101603,2.218473156505888,15.969463761875716,0.3785873292256116,0.7868999737085205,0.803866150232058,0.4613597275891838,TRUE,saithe,gadoids_unknown,TRUE,0.5265,0.3155,lesser_sand_eel,0.286,0.029500000000000026,0.02,0.3155,0.035,0.0975,0.0585,0.286,0.1875
f3r8-9,f3r8,f3r8-9,f3r8;f3r8-9,110,MP,MP,f3r8,2.723242171934449,1.2080330100026087,2.42680396967037,6.353163690037684,2.2542779455410478,16.632035128035355,0.3854243449793945,0.7555521929590564,0.7376827551316495,0.4166508647084217,TRUE,saithe,saithe,FALSE,0.9045,0.5495,norway_pout,0.13,0.4195,0.043,0.5495,0.104,0.078,0.13,0.033,0.0625
f4r10-10,f4r10,f4r10-10,f4r10;f4r10-10,110,MP,MP,f4r10,7.0686221909247635,3.4376735610519202,17.30934474062711,16.906176877878746,2.056222635857775,16.51239956849845,0.3455974127883947,0.7610263161468478,0.712329981352888,0.44108390081048177,TRUE,poor_cod,poor_cod,FALSE,0.9884999999999999,0.821,norway_pout,0.0885,0.7324999999999999,0.022,0.0135,0.0435,0.821,0.0885,0.0045,0.007
f4r10-11,f4r10,f4r10-11,f4r10;f4r10-11,110,MP,MP,f4r10,5.682844130909673,2.573330069008275,10.6877907046311,13.36786839733904,2.208361919580631,16.72000420172373,0.37662893085907767,0.7515770009832687,0.7308473919237587,0.4213728702316141,TRUE,poor_cod,poor_cod,FALSE,0.8285,0.5855,lesser_sand_eel,0.166,0.4195,0.027,0.0395,0.092,0.5855,0.0845,0.166,0.0055
f4r10-12,f4r10,f4r10-12,f4r10;f4r10-12,110,MP,MP,f4r10,7.140672515766257,3.316282559107092,17.002445651409975,16.76632380159576,2.1532159544598275,16.533481099329062,0.3657269185222625,0.7600559458025522,0.7179938964660962,0.42456411302620867,TRUE,poor_cod,poor_cod,FALSE,0.9835,0.7955,haddock,0.1145,0.6809999999999999,0.041,0.0105,0.1145,0.7955,0.022,0.0155,0.001
f4r10-13,f4r10,f4r10-13,f4r10;f4r10-13,110,MP,MP,f4r10,5.538836302034915,2.5290832533010414,10.251638985688118,13.031824783301827,2.190056928654067,16.565981051397745,0.37305194084927196,0.7585648308645683,0.7318324258470927,0.4254674718801181,TRUE,poor_cod,gadoids_unknown,TRUE,0.7170000000000001,0.464,lesser_sand_eel,0.271,0.193,0.029,0.065,0.11,0.464,0.049,0.271,0.012
f4r10-14,f4r10,f4r10-14,f4r10;f4r10-14,110,MP,MP,f4r10,5.145476256144011,2.385435162248,8.872067986638385,12.201558887928837,2.1570388235976985,16.780534089663224,0.3664949619717252,0.7488659507029656,0.7228225053666585,0.4266618605048439,TRUE,poor_cod,gadoids_unknown,TRUE,0.759,0.4275,lesser_sand_eel,0.2345,0.193,0.027,0.0355,0.039,0.4275,0.23,0.2345,0.0065
f4r10-15,f4r10,f4r10-15,f4r10;f4r10-15,110,MP,MP,f4r10,4.929137181712689,2.5454327374270513,9.363801022873291,11.970234497989564,1.9364633404908234,15.302174147747095,0.3189085753525176,0.8212147171393479,0.7463106619427685,0.490705002038489,TRUE,poor_cod,gadoids_unknown,TRUE,0.591,0.479,lesser_sand_eel,0.32,0.15899999999999997,0.0075,0.046,0.029,0.479,0.0295,0.32,0.089
f4r10-16,f4r10,f4r10-16,f4r10;f4r10-16,110,MP,MP,f4r10,5.2267527592465015,2.723564517532389,10.329212177609755,12.646424593155054,1.9190853477493743,15.483470785607029,0.3148538799860691,0.8115990780336212,0.7256005008480706,0.4814081106100221,TRUE,poor_cod,poor_cod,FALSE,0.6114999999999999,0.5075,lesser_sand_eel,0.2995,0.20799999999999996,0.0075,0.038,0.027,0.5075,0.0315,0.2995,0.089
f4r10-17,f4r10,f4r10-17,f4r10;f4r10-17,110,MP,MP,f4r10,6.38476610790712,2.948287630126705,13.690495682241185,15.20111173299101,2.1655845388574684,16.878409904370194,0.36820515280825655,0.7445233695329002,0.7272844965356662,0.42760158499772166,TRUE,poor_cod,poor_cod,FALSE,0.9574999999999999,0.71,norway_pout,0.1275,0.5825,0.059,0.0095,0.0515,0.71,0.1275,0.0405,0.002
f4r10-18,f4r10,f4r10-18,f4r10;f4r10-18,110,MP,MP,f4r10,5.226196656932451,2.415535234139888,9.175525146040767,12.389723255054715,2.163577075203943,16.7298590427907,0.3678042442284837,0.7511342792678415,0.726828260654077,0.42772984346241266,TRUE,poor_cod,poor_cod,FALSE,0.7365,0.528,lesser_sand_eel,0.258,0.27,0.0285,0.0275,0.0485,0.528,0.104,0.258,0.0055
f4r10-19,f4r10,f4r10-19,f4r10;f4r10-19,110,MP,MP,f4r10,5.330329749150304,2.481779877039266,9.818412939191488,12.66038208970135,2.1477850628353568,16.32496775700184,0.3646326035366256,0.7697638856878849,0.7422051408641814,0.4399904590110511,TRUE,poor_cod,poor_cod,FALSE,0.6945,0.5175,lesser_sand_eel,0.2995,0.21799999999999997,0.0355,0.0405,0.052,0.5175,0.049,0.2995,0.006
f4r10-2,f4r10,f4r10-2,f4r10;f4r10-2,110,MP,MP,f4r10,7.005031761094881,3.2889714574703715,16.97364401561555,16.77119009427862,2.129854835068293,16.571150951419835,0.3609927279722031,0.7583281723278533,0.7367240989250741,0.44041792936592633,TRUE,poor_cod,poor_cod,FALSE,0.979,0.88,haddock,0.0475,0.8325,0.0295,0.0075,0.0475,0.88,0.0145,0.021,0
f4r10-20,f4r10,f4r10-20,f4r10;f4r10-20,110,MP,MP,f4r10,5.9888802020951655,2.970347876492752,12.748083076200844,14.444514040253702,2.016221820175001,16.366694867920952,0.3369187946913135,0.7678013622035265,0.7166249820197754,0.45254706437682873,TRUE,poor_cod,poor_cod,FALSE,0.926,0.867,lesser_sand_eel,0.0715,0.7955,0.0105,0.022,0.012,0.867,0.0145,0.0715,0.0025
f4r10-21,f4r10,f4r10-21,f4r10;f4r10-21,110,MP,MP,f4r10,4.5854451626217045,2.250628482115673,7.465628207330237,10.901011891284865,2.037406528469425,15.917221826993343,0.3415435236429096,0.7894826591565368,0.7234042289598888,0.45207809942197436,TRUE,poor_cod,gadoids_unknown,TRUE,0.763,0.417,lesser_sand_eel,0.207,0.21,0.0325,0.098,0.0595,0.417,0.156,0.207,0.03
f4r10-22,f4r10,f4r10-22,f4r10;f4r10-22,110,MP,MP,f4r10,4.766833624316265,2.3596892983046702,8.204463462639463,11.437472548594691,2.020110710228257,15.944464728930894,0.33777262097493044,0.7881337397020145,0.7293993437769947,0.45972732271480876,TRUE,poor_cod,poor_cod,FALSE,0.732,0.596,lesser_sand_eel,0.2505,0.3455,0.004,0.038,0.011,0.596,0.083,0.2505,0.0175
f4r10-23,f4r10,f4r10-23,f4r10;f4r10-23,110,MP,MP,f4r10,5.95171895034473,2.8181700374896304,11.853687203324599,14.09861186611714,2.1119091010017272,16.76869425875097,0.35730770562797043,0.7493947006518556,0.7067142602063169,0.42606783715081986,TRUE,poor_cod,poor_cod,FALSE,0.905,0.653,norway_pout,0.137,0.516,0.023,0.0195,0.0725,0.653,0.137,0.0925,0.0025
f4r10-24,f4r10,f4r10-24,f4r10;f4r10-24,110,MP,MP,f4r10,5.400281550951486,2.42585439503438,9.91113302439273,12.80107027606948,2.2261358975236236,16.533669743869666,0.3800633130379918,0.7600472737771066,0.7565579028500528,0.4327136725400066,TRUE,poor_cod,poor_cod,FALSE,0.706,0.5005,lesser_sand_eel,0.286,0.21449999999999997,0.031,0.048,0.069,0.5005,0.0575,0.286,0.008
f4r10-25,f4r10,f4r10-25,f4r10;f4r10-25,110,MP,MP,f4r10,2.0989078549407374,0.8611569213354079,1.3429439847566025,4.833690109519832,2.4373117174578733,17.39801536033871,0.4181499484489185,0.7222875916643934,0.742988734673899,0.38813362751410174,TRUE,saithe,saithe,FALSE,0.974,0.8035,cod,0.1355,0.6679999999999999,0.1355,0.8035,0.007,0.001,0.027,0.009,0.017
f4r10-26,f4r10,f4r10-26,f4r10;f4r10-26,110,MP,MP,f4r10,2.6609695627968253,1.0673286535955402,2.158055257681187,6.12580639989952,2.4931117082191525,17.38857423390111,0.4274445917964548,0.722679757714668,0.7598440815697037,0.3880546263924065,TRUE,saithe,saithe,FALSE,0.979,0.8255,cod,0.092,0.7335,0.092,0.8255,0.0175,5e-4,0.0435,0.008,0.013
f4r10-27,f4r10,f4r10-27,f4r10;f4r10-27,110,MP,MP,f4r10,2.578893333317255,1.0248204975254458,2.0422941193493283,5.943305351385352,2.5164341848590146,17.295686338782378,0.43124202107590803,0.7265609683370247,0.7727466022681196,0.39098639574498856,TRUE,saithe,saithe,FALSE,0.9615,0.783,cod,0.128,0.655,0.128,0.783,0.018,5e-4,0.032,0.0085,0.03
f4r10-28,f4r10,f4r10-28,f4r10;f4r10-28,110,MP,MP,f4r10,1.9599890512657268,0.7813666372887734,1.157065790319147,4.481571344710477,2.508411490496444,17.358115576289126,0.4299414406156224,0.7239478593819603,0.7555262260686697,0.3834960379346549,TRUE,saithe,saithe,FALSE,0.9785,0.801,cod,0.1455,0.6555000000000001,0.1455,0.801,0.0035,0.002,0.0265,0.006,0.0155
f4r10-29,f4r10,f4r10-29,f4r10;f4r10-29,110,MP,MP,f4r10,2.4611622843968215,1.0225680383916727,1.8510200943778115,5.6333437638141275,2.406844524759267,17.14436383359228,0.41294650065038613,0.7329738645499876,0.7354932104833738,0.3890816506169291,TRUE,saithe,saithe,FALSE,0.962,0.748,cod,0.153,0.595,0.153,0.748,0.016,0.002,0.043,0.008,0.03
f4r10-3,f4r10,f4r10-3,f4r10;f4r10-3,110,MP,MP,f4r10,6.101557784098432,2.8870225222260224,12.426263443819506,14.520266544027555,2.113443084397506,16.96713911328439,0.35762435805470094,0.7406299041021215,0.7054230660309516,0.42498071041973656,TRUE,poor_cod,poor_cod,FALSE,0.9530000000000001,0.66,norway_pout,0.1255,0.5345,0.041,0.0225,0.104,0.66,0.1255,0.0405,0.0065
f4r10-30,f4r10,f4r10-30,f4r10;f4r10-30,110,MP,MP,f4r10,3.117280551931546,1.2897442506813335,3.115917079486758,7.2854050784358,2.4169757300990327,17.03419115557491,0.41468709233646356,0.7377145471475164,0.7750083846736118,0.4082669555094505,TRUE,saithe,saithe,FALSE,0.9544999999999999,0.7615,cod,0.118,0.6435,0.118,0.7615,0.016,0.0035,0.0555,0.029,0.0165
f4r10-31,f4r10,f4r10-31,f4r10;f4r10-31,110,MP,MP,f4r10,3.0743179365835505,1.2118426659637236,2.9353194977629284,7.110807007542299,2.5368952776874583,17.225919133180653,0.4345323106915205,0.7295036344477994,0.7878805177221054,0.3954284753151666,TRUE,saithe,saithe,FALSE,0.9664999999999999,0.7565,cod,0.1605,0.596,0.1605,0.7565,0.005,0.0015,0.043,0.018,0.0155
f4r10-32,f4r10,f4r10-32,f4r10;f4r10-32,110,MP,MP,f4r10,3.133355008055731,1.2801126203403002,3.0762429397000295,7.239220007336302,2.447718238433406,17.03581522717073,0.41990619253481354,0.7376442187701614,0.7669425756980127,0.39894363680712425,TRUE,saithe,saithe,FALSE,0.9635,0.759,cod,0.152,0.607,0.152,0.759,0.0085,0.0035,0.0405,0.0195,0.017
f4r10-33,f4r10,f4r10-33,f4r10;f4r10-33,110,MP,MP,f4r10,2.9255203295770724,1.2178003371966233,2.7629724127037942,6.808148449676471,2.4022988335769564,16.775732214956864,0.4121621592253466,0.7490803056068861,0.7755277427007586,0.4110365356068306,TRUE,saithe,saithe,FALSE,0.959,0.7595,cod,0.1455,0.614,0.1455,0.7595,0.01,0.01,0.034,0.023,0.018
f4r10-34,f4r10,f4r10-34,f4r10;f4r10-34,110,MP,MP,f4r10,0.900861601464235,0.4048601856237114,0.28040557102463204,2.118123067234853,2.225117789926425,15.999843767577188,0.3798676109607686,0.7854058325134547,0.7688179103664466,0.43992698751088644,TRUE,saithe,saithe,FALSE,0.794,0.6175,wrasse,0.138,0.47950000000000004,0.0505,0.6175,0.0025,0.1,0.0235,0.068,0.138
f4r10-35,f4r10,f4r10-35,f4r10;f4r10-35,110,MP,MP,f4r10,3.0282464796768482,1.2049385002627435,2.899108729508778,7.063471794191395,2.513195884284984,17.209645598835877,0.43071776642279486,0.7301934570465068,0.7945265265533438,0.40252437116997786,TRUE,saithe,saithe,FALSE,0.963,0.7755,cod,0.133,0.6425,0.133,0.7755,0.013,0.001,0.0405,0.0215,0.0155
f4r10-36,f4r10,f4r10-36,f4r10;f4r10-36,110,MP,MP,f4r10,3.0554969972030634,1.2235282158812661,2.7307017714207915,6.927452291529987,2.4972836404939724,17.574088739267548,0.4281275968461309,0.7150510504866674,0.7304296965830662,0.37240942889230894,TRUE,saithe,saithe,FALSE,0.9715,0.7295,cod,0.154,0.5755,0.154,0.7295,0.0335,0.002,0.0525,0.006,0.0225
f4r10-37,f4r10,f4r10-37,f4r10;f4r10-37,110,MP,MP,f4r10,2.8823993822190284,1.2083914298294018,2.7439215738227514,6.757947831788984,2.3853192856771246,16.644010285452698,0.40921377535591474,0.7550085825975794,0.7877889806990013,0.4205072625519976,TRUE,saithe,saithe,FALSE,0.9335,0.8025,cod,0.0745,0.728,0.0745,0.8025,0.0065,0.025,0.025,0.046,0.0205
f4r10-38,f4r10,f4r10-38,f4r10;f4r10-38,110,MP,MP,f4r10,3.1991498786034795,1.3668916327078373,3.3081383642218025,7.481437275153357,2.3404561137490503,16.919456667049282,0.4012793666804483,0.7427171487623616,0.7565105584116253,0.41155189935881037,TRUE,saithe,saithe,FALSE,0.9505,0.775,cod,0.1125,0.6625,0.1125,0.775,0.0085,0.0085,0.046,0.018,0.0315
f4r10-39,f4r10,f4r10-39,f4r10;f4r10-39,110,MP,MP,f4r10,1.9608184428574666,0.7974532581110763,1.1926374424970863,4.525459421451673,2.4588506259314156,17.171843047561996,0.42177323732752103,0.7318009243127404,0.7627212035864844,0.39495152237905734,TRUE,saithe,saithe,FALSE,0.9614999999999999,0.7725,cod,0.1495,0.623,0.1495,0.7725,0.0065,0.0025,0.0305,0.01,0.0285
f4r10-4,f4r10,f4r10-4,f4r10;f4r10-4,110,MP,MP,f4r10,6.648120742258392,3.0579967238278924,14.20237475438333,15.584379846746666,2.1740117281540146,17.100865130511,0.3698826055809228,0.734838297270617,0.6985943257952131,0.4091412708639497,TRUE,poor_cod,gadoids_unknown,TRUE,0.965,0.4055,haddock,0.2865,0.11900000000000005,0.062,0.034,0.2865,0.4055,0.177,0.034,0.001
f4r10-40,f4r10,f4r10-40,f4r10;f4r10-40,110,MP,MP,f4r10,2.249017555445657,0.8956831326245255,1.5785863278039982,5.2052819889879824,2.510952225767163,17.164066423009633,0.4303539691250032,0.732132485662784,0.7836481196473124,0.39736788492161157,TRUE,saithe,saithe,FALSE,0.9475,0.776,cod,0.125,0.651,0.125,0.776,0.009,0.0025,0.035,0.0305,0.022
f4r10-41,f4r10,f4r10-41,f4r10;f4r10-41,110,MP,MP,f4r10,2.3961321091236654,0.9614912936532195,1.758998312671418,5.51139294325943,2.492099642441356,17.268607909508557,0.42727865617208355,0.7277002686151554,0.7635004685479642,0.39008030514653436,TRUE,saithe,saithe,FALSE,0.9735,0.754,cod,0.1685,0.5855,0.1685,0.754,0.003,0.001,0.047,0.0095,0.017
f4r10-42,f4r10,f4r10-42,f4r10;f4r10-42,110,MP,MP,f4r10,2.8897167830082293,1.151231226669788,2.5889769501519733,6.680847415429538,2.5101097990257157,17.23990713228696,0.43021725401435296,0.7289117347288275,0.7782342542084766,0.39475509314784285,TRUE,saithe,saithe,FALSE,0.9754999999999999,0.814,cod,0.091,0.723,0.091,0.814,0.0275,0.001,0.042,0.0155,0.009
f4r10-43,f4r10,f4r10-43,f4r10;f4r10-43,110,MP,MP,f4r10,2.031430045215792,0.8155134160885682,1.231294205016296,4.642155675550112,2.490982987084507,17.501592412478633,0.42709546067702286,0.7180129852298098,0.7432396223650048,0.3798990532314899,TRUE,saithe,saithe,FALSE,0.976,0.755,cod,0.176,0.579,0.176,0.755,0.009,5e-4,0.0355,0.006,0.018
f4r10-44,f4r10,f4r10-44,f4r10;f4r10-44,110,MP,MP,f4r10,1.92864924847095,0.8921768745509263,1.2630592316209448,4.520218096611461,2.16173418465002,16.17689109853691,0.367435754178878,0.7768099901158211,0.7340396222191703,0.43234190449887255,TRUE,saithe,saithe,FALSE,0.7785,0.5845,wrasse,0.159,0.4255,0.063,0.5845,0.0045,0.102,0.0245,0.0625,0.159
f4r10-45,f4r10,f4r10-45,f4r10;f4r10-45,110,MP,MP,f4r10,1.5269707732273115,0.6726247390017792,0.7991672917724838,3.6191624468547734,2.2701674272246364,16.3899811110548,0.3884105188775049,0.7667105001044412,0.7780977145736304,0.4364016362768332,TRUE,saithe,saithe,FALSE,0.8554999999999999,0.718,wrasse,0.0885,0.6295,0.044,0.718,0.0095,0.0625,0.0215,0.056,0.0885
f4r10-46,f4r10,f4r10-46,f4r10;f4r10-46,110,MP,MP,f4r10,1.7949081407681329,0.7633182347796637,1.0604762172475826,4.182590319641599,2.35145455589207,16.496420662185752,0.40324418348926355,0.7617634680694513,0.7740215791684464,0.41910862389673104,TRUE,saithe,saithe,FALSE,0.8965000000000001,0.6995,cod,0.1335,0.5660000000000001,0.1335,0.6995,0.0125,0.0315,0.0195,0.046,0.0575
f4r10-47,f4r10,f4r10-47,f4r10;f4r10-47,110,MP,MP,f4r10,2.303439849294022,0.92341486603287,1.5595969858381276,5.259193238593347,2.4944799288211024,17.734782621423165,0.4276687688188497,0.7085720125590554,0.7332273385947817,0.3742559849824105,TRUE,saithe,saithe,FALSE,0.972,0.7585,cod,0.139,0.6194999999999999,0.139,0.7585,0.023,0.001,0.0505,0.0055,0.0225
f4r10-48,f4r10,f4r10-48,f4r10;f4r10-48,110,MP,MP,f4r10,2.3074473079504307,0.894424708902384,1.563281583252072,5.263198468115756,2.579811676694479,17.71994144340236,0.44131139271360864,0.7091654706927936,0.757463361492834,0.3738382589137018,TRUE,saithe,saithe,FALSE,0.9724999999999999,0.7545,cod,0.155,0.5994999999999999,0.155,0.7545,0.0125,0.0025,0.048,0.0075,0.02
f4r10-49,f4r10,f4r10-49,f4r10;f4r10-49,110,MP,MP,f4r10,1.7115325732406053,0.7165353473680718,0.9540216348189292,3.989345356948443,2.3886226681311515,16.68188204141377,0.4097897004557862,0.7532945373407153,0.7779208921414186,0.4146655961048291,TRUE,saithe,saithe,FALSE,0.9,0.7475,cod,0.1,0.6475000000000001,0.1,0.7475,0.009,0.0235,0.02,0.0415,0.0585
f4r10-5,f4r10,f4r10-5,f4r10;f4r10-5,110,MP,MP,f4r10,7.5378790731209895,3.4694763414723333,19.489328256301825,17.99911390460053,2.1726273164099914,16.622845953966113,0.36960764674272734,0.7559698651578318,0.745218751230287,0.4367256070002866,TRUE,poor_cod,poor_cod,FALSE,0.9565,0.8395,haddock,0.065,0.7745,0.0225,0.0165,0.065,0.8395,0.013,0.043,5e-4
f4r10-50,f4r10,f4r10-50,f4r10;f4r10-50,110,MP,MP,f4r10,2.2915317399031663,0.9338799077553548,1.5590248907695303,5.233621336868388,2.4537756095545755,17.569182159884587,0.42092358447747136,0.7152507441724723,0.728511044561621,0.37801707177314164,TRUE,saithe,saithe,FALSE,0.9685,0.764,cod,0.1355,0.6285000000000001,0.1355,0.764,0.016,0.002,0.051,0.0065,0.025
f4r10-51,f4r10,f4r10-51,f4r10;f4r10-51,110,MP,MP,f4r10,2.1305373405865358,0.8618504355431975,1.3590252663851545,4.888341981402575,2.472049966817879,17.583107480189142,0.4239714234778157,0.7146842859555788,0.7401273880636917,0.3812056678762374,TRUE,saithe,saithe,FALSE,0.958,0.7515,cod,0.171,0.5804999999999999,0.171,0.7515,0.009,0.002,0.0245,0.013,0.029
f4r10-52,f4r10,f4r10-52,f4r10;f4r10-52,110,MP,MP,f4r10,1.9944570379906985,0.7723771346826703,1.18378397475552,4.55094513626176,2.5822321097194534,17.495676639432382,0.4416888859397131,0.7182557653149942,0.7684548611635676,0.37890750172869814,TRUE,saithe,saithe,FALSE,0.976,0.7725,cod,0.171,0.6014999999999999,0.171,0.7725,0.007,5e-4,0.025,0.0085,0.0155
f4r10-53,f4r10,f4r10-53,f4r10;f4r10-53,110,MP,MP,f4r10,1.711665607692584,0.7801234553166865,0.9852780056448525,4.013928720261542,2.194095813973115,16.352363169616883,0.37384470708403295,0.7684742861941701,0.7378643501545049,0.4281846140373432,TRUE,saithe,saithe,FALSE,0.7655,0.568,wrasse,0.1685,0.39949999999999997,0.0675,0.568,0.01,0.101,0.019,0.066,0.1685
f4r10-54,f4r10,f4r10-54,f4r10;f4r10-54,110,MP,MP,f4r10,1.5410750103368813,0.6676222222537821,0.7406606144851317,3.552646036475921,2.3083039464061987,17.040589999863478,0.3954606250212909,0.7374375308871259,0.7198875934753264,0.397083474732197,TRUE,saithe,saithe,FALSE,0.9595,0.7805,cod,0.1405,0.6399999999999999,0.1405,0.7805,0.004,0.0025,0.032,0.007,0.0335
f4r10-55,f4r10,f4r10-55,f4r10;f4r10-55,110,MP,MP,f4r10,1.7205266655814802,0.7242588131175043,0.9332040367659398,3.978224546234791,2.3755688359187985,16.959067810198995,0.4075072684880921,0.740982390954407,0.7488958297817169,0.4013875628219971,TRUE,saithe,saithe,FALSE,0.9435,0.745,cod,0.145,0.6,0.145,0.745,0.0135,0.0055,0.0345,0.0095,0.047
f4r10-56,f4r10,f4r10-56,f4r10;f4r10-56,110,MP,MP,f4r10,1.7621581044670485,0.7010647106194969,0.898303651918658,3.99945415064711,2.5135455797082056,17.806488339398193,0.4307744258248396,0.7057186332779122,0.7271436016197707,0.3683354683351004,TRUE,saithe,saithe,FALSE,0.85,0.6475,wrasse,0.146,0.5015,0.1385,0.6475,0.0245,0.006,0.0335,0.004,0.146
f4r10-57,f4r10,f4r10-57,f4r10;f4r10-57,110,MP,MP,f4r10,1.4168431968920252,0.6457653356523534,0.6722600591591413,3.295048765711543,2.1940527288612164,16.15051529611541,0.37383626077047727,0.7780786175523259,0.734752024811967,0.426386896385298,TRUE,saithe,gadoids_unknown,TRUE,0.6325000000000001,0.465,wrasse,0.3355,0.1295,0.06,0.465,0.019,0.0715,0.017,0.032,0.3355
f4r10-58,f4r10,f4r10-58,f4r10;f4r10-58,110,MP,MP,f4r10,1.513172062099875,0.7127363413205569,0.7896061997873108,3.561843959248809,2.1230460331183227,16.067164104656907,0.3595995772105143,0.7821150348938638,0.7321386464974703,0.43908038846442865,TRUE,saithe,saithe,FALSE,0.709,0.5335,wrasse,0.2315,0.30199999999999994,0.0455,0.5335,0.0045,0.1015,0.024,0.0595,0.2315
f4r10-59,f4r10,f4r10-59,f4r10;f4r10-59,110,MP,MP,f4r10,1.854170963538478,0.8338142531875065,1.1266195630024753,4.324573531584074,2.223721837867787,16.600045697978405,0.37959907815035715,0.7570081940129559,0.72871581985997,0.41724184334559916,TRUE,saithe,gadoids_unknown,TRUE,0.6525,0.4955,wrasse,0.3175,0.178,0.0525,0.4955,0.0185,0.0655,0.0205,0.03,0.3175
f4r10-6,f4r10,f4r10-6,f4r10;f4r10-6,110,MP,MP,f4r10,6.275577706443598,2.8192492143937113,13.261519745126003,14.886114995990143,2.225974800100523,16.70973040290392,0.38003235489078246,0.7520391000548586,0.749559506555049,0.4287419627728784,TRUE,poor_cod,poor_cod,FALSE,0.9565,0.747,haddock,0.131,0.616,0.0285,0.0245,0.131,0.747,0.0255,0.0425,0.001
f4r10-60,f4r10,f4r10-60,f4r10;f4r10-60,110,MP,MP,f4r10,2.1214617087704077,0.8625670621027697,1.409681788383995,4.911221643812599,2.459474517376886,17.110313996681256,0.4218775163817419,0.7344324959084074,0.7703587531105016,0.3988052005268484,TRUE,saithe,saithe,FALSE,0.967,0.8105,cod,0.125,0.6855,0.125,0.8105,0.004,0.0015,0.026,0.0185,0.0145
f4r10-61,f4r10,f4r10-61,f4r10;f4r10-61,110,MP,MP,f4r10,2.2328572267860967,0.8701131601231282,1.4981417840396072,5.111317095152801,2.566168780242479,17.43864481021015,0.43917404832869084,0.7206047689555377,0.7711098048836974,0.3825966181453456,TRUE,saithe,saithe,FALSE,0.9790000000000001,0.794,cod,0.137,0.657,0.137,0.794,0.0175,0.0015,0.029,0.009,0.012
f4r10-62,f4r10,f4r10-62,f4r10;f4r10-62,110,MP,MP,f4r10,2.5983708549248314,1.0039108167421742,2.0089532425689316,5.945927325468292,2.5882486886204643,17.59824520083993,0.4426250314414749,0.7140695263047822,0.770146877616005,0.3788590579206123,TRUE,saithe,saithe,FALSE,0.9635,0.784,cod,0.121,0.663,0.121,0.784,0.0175,0.0035,0.0375,0.0075,0.029
f4r10-63,f4r10,f4r10-63,f4r10;f4r10-63,110,MP,MP,f4r10,1.5391377402597237,0.6590217044062239,0.7873786480890443,3.5921424299427342,2.335488694786587,16.387905956443515,0.4003877143622083,0.7668075865066969,0.7762586062331269,0.42319329423572033,TRUE,saithe,saithe,FALSE,0.8805,0.718,cod,0.0975,0.6204999999999999,0.0975,0.718,0.003,0.0475,0.0145,0.049,0.0705
f4r10-64,f4r10,f4r10-64,f4r10;f4r10-64,110,MP,MP,f4r10,1.711762215926685,0.7929416773830481,1.02733933996578,4.072989200086819,2.1587492053337742,16.14777160638708,0.36683798871310935,0.7782108219432999,0.7568838487210354,0.44641334184716824,TRUE,saithe,saithe,FALSE,0.725,0.509,wrasse,0.2105,0.2985,0.0545,0.509,0.007,0.1295,0.025,0.0645,0.2105
f4r10-65,f4r10,f4r10-65,f4r10;f4r10-65,110,MP,MP,f4r10,2.259294053966477,0.9110275866034788,1.5265928060667864,5.160676651539006,2.479940330226055,17.445767722669792,0.4252775018501305,0.7203105540623403,0.7416840237639091,0.38079199618017556,TRUE,saithe,saithe,FALSE,0.9745,0.78,cod,0.142,0.638,0.142,0.78,0.0145,0.0015,0.0365,0.0045,0.021
f4r10-66,f4r10,f4r10-66,f4r10;f4r10-66,110,MP,MP,f4r10,1.9273823928922205,0.7396243717408982,1.060434759417061,4.373814414347072,2.6058935677790402,18.040008931493766,0.44535245913210636,0.6965833920636889,0.7438833772904245,0.36346140316258135,TRUE,saithe,saithe,FALSE,0.9545,0.7865,cod,0.1085,0.6779999999999999,0.1085,0.7865,0.0245,0.0015,0.0335,0.0065,0.039
f4r10-67,f4r10,f4r10-67,f4r10;f4r10-67,110,MP,MP,f4r10,1.6531851770424664,0.6527843905621911,0.8142912079072966,3.7659238758447757,2.5325133396935398,17.416598019160137,0.4338308712024543,0.7215169461070875,0.7545507967852662,0.37935591411126945,TRUE,saithe,saithe,FALSE,0.9744999999999999,0.7655,cod,0.167,0.5984999999999999,0.167,0.7655,0.004,0.001,0.037,0.0045,0.021
f4r10-68,f4r10,f4r10-68,f4r10;f4r10-68,110,MP,MP,f4r10,2.1833842809221973,0.9169454624286588,1.5364116496664426,5.070893229301097,2.3811495562006466,16.736372799929143,0.4084852010369592,0.7508419395636536,0.7674214015444809,0.41035275309694974,TRUE,saithe,saithe,FALSE,0.9460000000000001,0.775,cod,0.1145,0.6605,0.1145,0.775,0.0115,0.0115,0.0335,0.021,0.033
f4r10-69,f4r10,f4r10-69,f4r10;f4r10-69,110,MP,MP,f4r10,1.827933699258753,0.7540572928228425,1.068035033174758,4.235811075828438,2.4241310529811506,16.799163803435913,0.4159102063985722,0.748035483277387,0.7748554899940436,0.4069815656634092,TRUE,saithe,saithe,FALSE,0.9645,0.791,cod,0.134,0.657,0.134,0.791,0.003,0.01,0.0265,0.021,0.0145
f4r10-7,f4r10,f4r10-7,f4r10;f4r10-7,110,MP,MP,f4r10,7.02939101573593,3.3546852068411135,17.06787182145207,16.868260964001927,2.09539512124747,16.67098458004847,0.35387893252413505,0.7537869496561335,0.7237855311973316,0.4397988479036605,TRUE,poor_cod,poor_cod,FALSE,0.9655,0.907,lesser_sand_eel,0.033,0.874,0.0305,0.0045,0.011,0.907,0.0125,0.033,0.0015
f4r10-70,f4r10,f4r10-70,f4r10;f4r10-70,110,MP,MP,f4r10,2.23164772520069,0.887320879716877,1.4851485196890548,5.080321498426545,2.5150402477993707,17.378508738492165,0.4310164723570031,0.7230983281393732,0.750003940349658,0.37968961983647487,TRUE,saithe,saithe,FALSE,0.9530000000000001,0.7405,cod,0.1645,0.5760000000000001,0.1645,0.7405,0.007,5e-4,0.0405,0.006,0.041
f4r10-71,f4r10,f4r10-71,f4r10;f4r10-71,110,MP,MP,f4r10,1.6612882540923672,0.7666633370529403,0.9504385743951522,3.9110005938854715,2.1669071335514385,16.093544661849037,0.36846900914421304,0.7808329910158762,0.7462328523103857,0.4384743408845965,TRUE,saithe,saithe,FALSE,0.7665,0.578,wrasse,0.167,0.4109999999999999,0.052,0.578,0.007,0.111,0.0185,0.0665,0.167
f4r10-72,f4r10,f4r10-72,f4r10;f4r10-72,110,MP,MP,f4r10,1.5347982305967394,0.6806313711306137,0.7650712087578689,3.5706021810854347,2.254962518179625,16.66406968348871,0.3855536004394536,0.7540997399218952,0.7323835930588163,0.413532262767052,TRUE,saithe,saithe,FALSE,0.8855,0.732,cod,0.0955,0.6365,0.0955,0.732,0.0075,0.033,0.0175,0.0355,0.079
f4r10-73,f4r10,f4r10-73,f4r10;f4r10-73,110,MP,MP,f4r10,1.7647777168973107,0.7586860758218072,0.9342772049859568,4.0234088474065715,2.3260974112193993,17.326569316900756,0.3986947005058494,0.7252659418331376,0.6977882109469938,0.381949414389299,TRUE,saithe,saithe,FALSE,0.763,0.5795,wrasse,0.2285,0.351,0.118,0.5795,0.0295,0.008,0.028,0.0085,0.2285
f4r10-74,f4r10,f4r10-74,f4r10;f4r10-74,110,MP,MP,f4r10,1.779358132800491,0.7362491284370063,1.02060307196685,4.1526004127174225,2.4167881007586596,16.895981073689157,0.41465495049109946,0.7437490939148741,0.7790560594786345,0.4104310933103192,TRUE,saithe,saithe,FALSE,0.951,0.7875,cod,0.0815,0.706,0.0815,0.7875,0.028,0.0045,0.0495,0.0275,0.0215
f4r10-75,f4r10,f4r10-75,f4r10;f4r10-75,110,MP,MP,f4r10,1.382209411652155,0.6473226616596259,0.6823771176565651,3.315915425321806,2.135271161538519,16.113223646255005,0.36209664269722247,0.7798793643182516,0.762657943579637,0.4547648422190689,TRUE,saithe,gadoids_unknown,TRUE,0.689,0.4395,wrasse,0.1975,0.242,0.014,0.4395,0.026,0.1555,0.054,0.1135,0.1975
f4r10-76,f4r10,f4r10-76,f4r10;f4r10-76,110,MP,MP,f4r10,1.6069557116879742,0.615111067118225,0.7293305655004251,3.6095120166337544,2.6124643135044026,17.863747406889505,0.44636131282364777,0.7034565776222689,0.7378481050018705,0.35960582521262485,TRUE,saithe,saithe,FALSE,0.8365,0.6015,wrasse,0.1595,0.44200000000000006,0.1535,0.6015,0.0355,0.007,0.039,0.004,0.1595
f4r10-77,f4r10,f4r10-77,f4r10;f4r10-77,110,MP,MP,f4r10,0.9308611017779019,0.4853394349792428,0.3615222128949823,2.3139744515767604,1.9179589266586454,14.810923289256857,0.31458939269916325,0.8484528863554525,0.8002110124181118,0.5312211283472573,TRUE,wrasse,wrasse,FALSE,0.3425,0.354,lesser_sand_eel,0.3035,0.05049999999999999,0.0055,0.251,0.0065,0.0635,0.016,0.3035,0.354
f4r10-8,f4r10,f4r10-8,f4r10;f4r10-8,110,MP,MP,f4r10,4.8216917640815256,2.5773093439975536,8.817358204397404,11.887127439528761,1.8708238401071433,16.02563891451369,0.30333586754478215,0.7841416296343969,0.709532825438076,0.48289167171597036,TRUE,poor_cod,gadoids_unknown,TRUE,0.6975,0.491,lesser_sand_eel,0.2865,0.20450000000000002,0.0055,0.0285,0.0045,0.491,0.168,0.2865,0.016
f4r10-9,f4r10,f4r10-9,f4r10;f4r10-9,110,MP,MP,f4r10,6.165737436643376,2.909277138947384,12.584335897326566,14.626294337627934,2.119336571308646,16.99958486457551,0.3588380239581052,0.7392163228965394,0.7015525069072915,0.4214735906486493,TRUE,poor_cod,poor_cod,FALSE,0.9595,0.6425,norway_pout,0.14,0.5025,0.05,0.0235,0.1035,0.6425,0.14,0.038,0.0025
f4r3-1,f4r3,f4r3-1,f4r3;f4r3-1,110,MP,MP,f4r3,2.196641137400774,0.8352063276616599,1.3761268126985287,4.952298426835374,2.6300580642758584,17.82194742673685,0.4490446255715831,0.7051064798623998,0.7500765157594603,0.36312015100132883,TRUE,saithe,saithe,FALSE,0.9145,0.722,cod,0.139,0.583,0.139,0.722,0.017,5e-4,0.036,0.0065,0.079
f4r3-10,f4r3,f4r3-10,f4r3;f4r3-10,110,MP,MP,f4r3,1.960984008300603,0.7525872461061929,1.132666049297523,4.453280810401214,2.605656710828582,17.508876502996866,0.44531602412576904,0.7177142755109546,0.767486909741636,0.3750281760020859,TRUE,saithe,saithe,FALSE,0.983,0.8045,cod,0.1315,0.673,0.1315,0.8045,0.0205,5e-4,0.026,0.008,0.009
f4r3-100,f4r3,f4r3-100,f4r3;f4r3-100,110,MP,MP,f4r3,6.424415937266196,2.3674182075389525,11.637684079626652,14.56243508474368,2.713680209439925,18.22222653118943,0.46145066693784387,0.6896177364961624,0.765169991202484,0.3590123434053171,TRUE,saithe,saithe,FALSE,0.9955,0.56,cod,0.3445,0.21550000000000008,0.3445,0.56,0.088,0.002,0.001,0.004,5e-4
f4r3-101,f4r3,f4r3-101,f4r3;f4r3-101,110,MP,MP,f4r3,6.2526529775777275,2.3271682049849103,10.923972868427699,14.113244938011805,2.686807495987713,18.23363029910057,0.45752524313337095,0.6891864323353669,0.7507381954548151,0.3557640655773121,TRUE,saithe,gadoids_unknown,TRUE,0.9965,0.46,cod,0.4505,0.009500000000000008,0.4505,0.46,0.08,0.002,0.004,0.003,5e-4
f4r3-102,f4r3,f4r3-102,f4r3;f4r3-102,110,MP,MP,f4r3,6.464332011826939,2.352822265099867,11.749835296898512,14.613561703845564,2.747479955334644,18.17524929293877,0.46630801929895765,0.6914001789918397,0.7725364928760834,0.3580095318151422,TRUE,saithe,saithe,FALSE,0.9924999999999999,0.5005,cod,0.4035,0.09699999999999992,0.4035,0.5005,0.083,0.004,0.0015,0.007,5e-4
f4r3-104,f4r3,f4r3-104,f4r3;f4r3-104,110,MP,MP,f4r3,1.7149701044331964,0.7091248898863894,0.9122803795767882,3.9329972538908478,2.418431687975239,16.95582602169835,0.41493638529175525,0.7411240595579363,0.7501516203313798,0.39493474730010636,TRUE,saithe,saithe,FALSE,0.9575,0.753,cod,0.169,0.584,0.169,0.753,0.0025,0.0035,0.0295,0.012,0.0305
f4r3-105,f4r3,f4r3-105,f4r3;f4r3-105,110,MP,MP,f4r3,1.4003686200181442,0.6443841528174951,0.6750405366840154,3.273612490367548,2.173189104504192,15.87540029778508,0.3697192527350183,0.7915624411758877,0.7480706770702196,0.43828361108957237,TRUE,saithe,saithe,FALSE,0.718,0.522,wrasse,0.2275,0.2945,0.079,0.522,0.0015,0.097,0.0185,0.0545,0.2275
f4r3-106,f4r3,f4r3-106,f4r3;f4r3-106,110,MP,MP,f4r3,1.9444660591746739,0.8531703059045428,1.157636441284788,4.4659982243541485,2.279106581320976,17.229191677655333,0.3900777695385835,0.7293650711807097,0.6978082359162496,0.3898356697717441,TRUE,saithe,gadoids_unknown,TRUE,0.6675,0.458,wrasse,0.314,0.14400000000000002,0.113,0.458,0.0275,0.0345,0.0345,0.0185,0.314
f4r3-107,f4r3,f4r3-107,f4r3;f4r3-107,110,MP,MP,f4r3,1.354025452398698,0.5547710277126974,0.5650382468003642,3.114491231326651,2.4406924384305,17.167077954349097,0.4187216568208241,0.7320040514626786,0.7522067826702629,0.3924047972753446,TRUE,saithe,saithe,FALSE,0.9760000000000001,0.81,cod,0.1335,0.6765000000000001,0.1335,0.81,0.005,0.0015,0.026,0.007,0.017
f4r3-108,f4r3,f4r3-108,f4r3;f4r3-108,110,MP,MP,f4r3,1.4979992063067151,0.6373244057854736,0.7246871205869702,3.4607352112186125,2.3504500890100055,16.526702161434375,0.4030652757489779,0.7603677062495401,0.7590640266549332,0.4111852194785543,TRUE,saithe,saithe,FALSE,0.9249999999999999,0.716,cod,0.1325,0.5834999999999999,0.1325,0.716,0.0125,0.024,0.04,0.0375,0.0375
f4r3-109,f4r3,f4r3-109,f4r3;f4r3-109,110,MP,MP,f4r3,1.201018893957189,0.5437026445727724,0.5056435175299544,2.83240075599823,2.208962759231967,15.865909013861907,0.37674564958844214,0.7920359686532957,0.7743426115086885,0.44632877128682547,TRUE,saithe,saithe,FALSE,0.756,0.581,wrasse,0.172,0.409,0.0505,0.581,0.0015,0.11,0.013,0.072,0.172
f4r3-11,f4r3,f4r3-11,f4r3;f4r3-11,110,MP,MP,f4r3,1.587037843203484,0.6645478018980281,0.7807606731390639,3.628591881736252,2.3881470056340777,16.86391169174203,0.4097068407379484,0.7451634498603732,0.7402943269206544,0.39468760070245973,TRUE,saithe,saithe,FALSE,0.7955,0.583,wrasse,0.194,0.38899999999999996,0.1495,0.583,0.0245,0.01,0.0285,0.0105,0.194
f4r3-110,f4r3,f4r3-110,f4r3;f4r3-110,110,MP,MP,f4r3,1.265142261816799,0.5429704228988209,0.5212527640898311,2.9218090087719752,2.330039001134598,16.377789187646087,0.3994064335827395,0.7672812533109229,0.7588096310459544,0.41464817915200086,TRUE,saithe,saithe,FALSE,0.888,0.6935,cod,0.1235,0.5700000000000001,0.1235,0.6935,0.0035,0.0425,0.025,0.033,0.079
f4r3-111,f4r3,f4r3-111,f4r3;f4r3-111,110,MP,MP,f4r3,1.578903441491651,0.6780583372341488,0.8225541837729501,3.6932854519321867,2.328565780832543,16.58292875842826,0.3991406113957709,0.7577895797189821,0.7683195499715765,0.420110456861208,TRUE,saithe,saithe,FALSE,0.91,0.761,cod,0.104,0.657,0.104,0.761,0.0025,0.027,0.0155,0.0495,0.0405
f4r3-112,f4r3,f4r3-112,f4r3;f4r3-112,110,MP,MP,f4r3,1.5534596772286529,0.6627473685475304,0.784898235929755,3.5993875089507092,2.34396958924665,16.506076643482047,0.4019084364787623,0.761317839834544,0.7623692241903303,0.4141174221633868,TRUE,saithe,saithe,FALSE,0.9305,0.7525,cod,0.12,0.6325,0.12,0.7525,0.004,0.0205,0.0335,0.0345,0.035
f4r3-113,f4r3,f4r3-113,f4r3;f4r3-113,110,MP,MP,f4r3,1.5933506122435244,0.6617396874354323,0.7796808473998719,3.644916940972494,2.4078208432964687,17.03956118826482,0.41311468766493287,0.7374820557593734,0.7394662080569281,0.39102478106487326,TRUE,saithe,saithe,FALSE,0.7969999999999999,0.596,wrasse,0.1945,0.40149999999999997,0.1345,0.596,0.0295,0.0075,0.0295,0.0085,0.1945
f4r3-114,f4r3,f4r3-114,f4r3;f4r3-114,110,MP,MP,f4r3,1.3583946192515792,0.5806382739820285,0.6009867088130507,3.138039205906216,2.3394851495677034,16.385204387053623,0.401105287065313,0.7669340166600661,0.7619618980148908,0.41468953983883544,TRUE,saithe,saithe,FALSE,0.9105,0.6955,cod,0.147,0.5485,0.147,0.6955,0.0065,0.033,0.0285,0.0335,0.056
f4r3-115,f4r3,f4r3-115,f4r3;f4r3-115,110,MP,MP,f4r3,1.6390575113378127,0.6956082268635524,0.8695965952916759,3.7947841490843,2.356294028792911,16.55984719364195,0.4041046514868964,0.7588458074168674,0.7627091009787998,0.41213506320902416,TRUE,saithe,saithe,FALSE,0.932,0.766,cod,0.1155,0.6505,0.1155,0.766,0.0045,0.022,0.024,0.034,0.034
f4r3-117,f4r3,f4r3-117,f4r3;f4r3-117,110,MP,MP,f4r3,1.146869693160174,0.5329868001345217,0.45912695381574475,2.7019476124218937,2.1517787924029506,15.900876303599011,0.3654376998725922,0.7902942186598166,0.7511077786386345,0.4444416542710336,TRUE,saithe,saithe,FALSE,0.746,0.5665,wrasse,0.1855,0.381,0.059,0.5665,0.001,0.0965,0.023,0.0685,0.1855
f4r3-118,f4r3,f4r3-118,f4r3;f4r3-118,110,MP,MP,f4r3,1.3482804484047517,0.5929642565770368,0.5824236396777339,3.109090477580428,2.2737971698123522,16.59692866026166,0.38908860376507803,0.7571503662871715,0.7285011505123032,0.4079328119200162,TRUE,saithe,saithe,FALSE,0.772,0.5905,wrasse,0.2085,0.382,0.1035,0.5905,0.0185,0.0245,0.035,0.0195,0.2085
f4r3-119,f4r3,f4r3-119,f4r3;f4r3-119,110,MP,MP,f4r3,1.428294553325697,0.650538009762657,0.7258135654033268,3.4171615253467,2.1955589556508737,16.08814363206481,0.3741314030638378,0.7810951282976804,0.7811503364158039,0.4530014992983555,TRUE,saithe,saithe,FALSE,0.6599999999999999,0.5125,wrasse,0.203,0.30949999999999994,0.039,0.5125,0.001,0.094,0.0135,0.137,0.203
f4r3-12,f4r3,f4r3-12,f4r3;f4r3-12,110,MP,MP,f4r3,1.96369885807114,0.7835078773374955,1.1542542237649622,4.481376473523027,2.506291148908613,17.398883784838617,0.42959671200649413,0.7222515403723487,0.7502106371563438,0.381120066806432,TRUE,saithe,saithe,FALSE,0.9674999999999999,0.7795,cod,0.144,0.6355,0.144,0.7795,0.012,5e-4,0.0315,0.0075,0.025
f4r3-120,f4r3,f4r3-120,f4r3;f4r3-120,110,MP,MP,f4r3,1.1969019309878386,0.5537279912737104,0.532937134018488,2.8914921230568806,2.161534092279984,15.68801677349424,0.36739571941238436,0.8010171582421267,0.8041201343480239,0.47366245918874816,TRUE,saithe,gadoids_unknown,TRUE,0.4655,0.3815,lesser_sand_eel,0.3075,0.07400000000000001,0.0225,0.3815,0,0.0525,0.009,0.3075,0.227
f4r3-121,f4r3,f4r3-121,f4r3;f4r3-121,110,MP,MP,f4r3,1.6332751614369572,0.670236238680993,0.79829893996482,3.718671554562466,2.4368648950572993,17.32248088832666,0.41807430286937247,0.7254371181224651,0.7292531090675799,0.38102805718495714,TRUE,saithe,saithe,FALSE,0.8039999999999999,0.607,wrasse,0.192,0.415,0.131,0.607,0.0285,0.005,0.0325,0.004,0.192
f4r3-122,f4r3,f4r3-122,f4r3;f4r3-122,110,MP,MP,f4r3,1.5947730607623436,0.6256263860256313,0.7555864528635772,3.620618373966567,2.5490821621085007,17.349275334706334,0.43647402098693455,0.7243167436060453,0.7573039375138934,0.37826529680344356,TRUE,saithe,saithe,FALSE,0.98,0.7915,cod,0.143,0.6485,0.143,0.7915,0.0105,0,0.035,0.005,0.015
f4r3-123,f4r3,f4r3-123,f4r3;f4r3-123,110,MP,MP,f4r3,1.3899303154160665,0.6358321905106509,0.711092041065274,3.330366337297083,2.1860018038718407,15.597615076644445,0.372253964963401,0.8056597468657758,0.8046189917192061,0.4686513601623221,TRUE,saithe,gadoids_unknown,TRUE,0.519,0.4145,lesser_sand_eel,0.2765,0.13799999999999996,0.025,0.4145,0.0015,0.0695,0.0085,0.2765,0.2045
f4r3-124,f4r3,f4r3-124,f4r3;f4r3-124,110,MP,MP,f4r3,1.4964333680923243,0.5747553834320952,0.6661364108457577,3.411305816030772,2.603600438079448,17.46940593700694,0.4449995124692827,0.7193358869598853,0.7745023525197507,0.3787551301251043,TRUE,saithe,saithe,FALSE,0.944,0.6875,cod,0.2135,0.474,0.2135,0.6875,0.0095,0.0075,0.026,0.0155,0.0405
f4r3-125,f4r3,f4r3-125,f4r3;f4r3-125,110,MP,MP,f4r3,1.6140286007230367,0.6830095794770128,0.8521706485655719,3.7402770270705354,2.363112684245094,16.416515005274956,0.40531281946952286,0.765471271480052,0.7730161201259156,0.4164992636296903,TRUE,saithe,saithe,FALSE,0.878,0.6505,cod,0.142,0.5085,0.142,0.6505,0.0045,0.0505,0.0305,0.0395,0.0825
f4r3-126,f4r3,f4r3-126,f4r3;f4r3-126,110,MP,MP,f4r3,1.4994437452706826,0.6290297988275659,0.7192594774078436,3.471178359553751,2.3837404015922,16.752061783402887,0.40893810912358664,0.7501387457160235,0.7625778676466196,0.40731964620768224,TRUE,saithe,saithe,FALSE,0.962,0.7575,cod,0.1565,0.601,0.1565,0.7575,0.004,0.009,0.035,0.023,0.015
f4r3-127,f4r3,f4r3-127,f4r3;f4r3-127,110,MP,MP,f4r3,1.6643017231659933,0.7254526389393829,0.9004513421739054,3.840152273388059,2.294156274073542,16.377086458892094,0.3928642621660426,0.7673141767860755,0.7457944069445026,0.413910308506564,TRUE,saithe,saithe,FALSE,0.8795,0.6645,cod,0.135,0.5295,0.135,0.6645,0.005,0.046,0.029,0.033,0.0875
f4r3-128,f4r3,f4r3-128,f4r3;f4r3-128,110,MP,MP,f4r3,1.6436687403346044,0.6951064007399339,0.8548370858715164,3.7901951866171335,2.3646289813831887,16.80504951187256,0.4055808200350798,0.7477734954295248,0.7482001170095139,0.40286995712737306,TRUE,saithe,saithe,FALSE,0.955,0.746,cod,0.156,0.59,0.156,0.746,0.0055,0.01,0.0375,0.017,0.028
f4r3-129,f4r3,f4r3-129,f4r3;f4r3-129,110,MP,MP,f4r3,1.5102226293556182,0.6139995550851495,0.7035065741757096,3.4560523790815387,2.4596477584518452,16.978232308561093,0.42190646573367396,0.7401459931740193,0.7586808642760633,0.39273203852495714,TRUE,saithe,saithe,FALSE,0.974,0.7625,cod,0.1635,0.599,0.1635,0.7625,0.008,0.0025,0.0375,0.011,0.015
f4r3-13,f4r3,f4r3-13,f4r3;f4r3-13,110,MP,MP,f4r3,2.295556971840602,0.8977839039041726,1.541686204312501,5.212713685362929,2.556914823108284,17.625106775660104,0.4377149581973238,0.7129812473938065,0.7480594190956414,0.3725031532518316,TRUE,saithe,saithe,FALSE,0.974,0.739,cod,0.1535,0.5855,0.1535,0.739,0.03,0.0015,0.05,0.005,0.021
f4r3-130,f4r3,f4r3-130,f4r3;f4r3-130,110,MP,MP,f4r3,1.4677008341522342,0.5895066520843288,0.6630612375466886,3.3652502939456705,2.4897103857316267,17.079733966659443,0.4268865381558891,0.735747444245291,0.7663504005030992,0.3919121037676205,TRUE,saithe,saithe,FALSE,0.969,0.736,cod,0.1905,0.5455,0.1905,0.736,0.005,0.0035,0.034,0.011,0.02
f4r3-131,f4r3,f4r3-131,f4r3;f4r3-131,110,MP,MP,f4r3,1.508903477298517,0.6758649311594861,0.7739480347586103,3.5391159720199714,2.232551812845067,16.18369877677052,0.38129375311087765,0.7764832247370097,0.7589102696492587,0.4328117093021386,TRUE,saithe,saithe,FALSE,0.7725,0.5585,wrasse,0.1655,0.393,0.0445,0.5585,0.0165,0.1255,0.0275,0.062,0.1655
f4r3-132,f4r3,f4r3-132,f4r3;f4r3-132,110,MP,MP,f4r3,1.4894468951324598,0.6601237052631808,0.7502292083535186,3.4740245792718403,2.256314813809998,16.086879373667198,0.3858087702337562,0.7811565141048556,0.7630335187779367,0.4305801850522709,TRUE,saithe,saithe,FALSE,0.7995,0.606,wrasse,0.143,0.46299999999999997,0.0765,0.606,0.003,0.0945,0.0195,0.0575,0.143
f4r3-133,f4r3,f4r3-133,f4r3;f4r3-133,110,MP,MP,f4r3,1.40542383751972,0.6031767044850767,0.6467263732137101,3.2616041548213333,2.3300366659874743,16.449092078749118,0.3994060124239116,0.7639552720720615,0.7629018993586808,0.4168847989374342,TRUE,saithe,saithe,FALSE,0.9175,0.746,cod,0.1155,0.6305,0.1155,0.746,0.004,0.029,0.023,0.0395,0.043
f4r3-135,f4r3,f4r3-135,f4r3;f4r3-135,110,MP,MP,f4r3,1.4458180025742235,0.6556626023684451,0.6940931961242423,3.3652570600085316,2.205125009954062,16.31618800353448,0.3759993779373163,0.7701780962340586,0.7321899206284833,0.422766581029393,TRUE,saithe,gadoids_unknown,TRUE,0.6935,0.4965,wrasse,0.2615,0.235,0.08,0.4965,0.0155,0.0795,0.022,0.045,0.2615
f4r3-136,f4r3,f4r3-136,f4r3;f4r3-136,110,MP,MP,f4r3,1.8359246207652,0.7754750529510974,1.023223814122392,4.213518024643904,2.3674837943252007,17.350782789615057,0.4060847439354126,0.7242538141783729,0.7187005249553321,0.38651919450873046,TRUE,saithe,saithe,FALSE,0.9640000000000001,0.7405,cod,0.1625,0.5780000000000001,0.1625,0.7405,0.015,0.0045,0.0415,0.0165,0.0195
f4r3-137,f4r3,f4r3-137,f4r3;f4r3-137,110,MP,MP,f4r3,1.6453266796505102,0.6679943650082382,0.8260111438740725,3.752782644470543,2.4630846693298363,17.049863892376695,0.422480190070827,0.7370364182190231,0.7515553445668183,0.3885006458263139,TRUE,saithe,saithe,FALSE,0.9305,0.7065,cod,0.178,0.5285,0.178,0.7065,0.0045,0.001,0.0405,0.01,0.0595
f4r3-138,f4r3,f4r3-138,f4r3;f4r3-138,110,MP,MP,f4r3,1.8062800482139467,0.7179987727245175,0.9804567014428656,4.115144234378426,2.5157146736614022,17.271963203287694,0.4311256214893223,0.7275589037827028,0.7559962348376921,0.38262061749050114,TRUE,saithe,saithe,FALSE,0.9815,0.76,cod,0.1855,0.5745,0.1855,0.76,0.0065,0.002,0.0275,0.0055,0.013
f4r3-139,f4r3,f4r3-139,f4r3;f4r3-139,110,MP,MP,f4r3,1.2216972720188106,0.5263188384091346,0.4992698292064034,2.8466031642609573,2.3212113701108352,16.230000494242898,0.3978100827911907,0.7742680364561118,0.7764666435447732,0.4259103881960484,TRUE,saithe,saithe,FALSE,0.833,0.632,wrasse,0.1065,0.5255,0.0995,0.632,0.0025,0.0815,0.0175,0.0605,0.1065
f4r3-14,f4r3,f4r3-14,f4r3;f4r3-14,110,MP,MP,f4r3,2.278335942095986,0.8977110050372314,1.583530848866328,5.271673048016401,2.537939191245065,17.549728661792837,0.4346991590615316,0.7160435842929678,0.7742339615678597,0.38841958867483956,TRUE,saithe,saithe,FALSE,0.9585,0.778,cod,0.1445,0.6335000000000001,0.1445,0.778,0.0065,0.0015,0.028,0.0185,0.023
f4r3-140,f4r3,f4r3-140,f4r3;f4r3-140,110,MP,MP,f4r3,1.8397086125340345,0.7504985006411077,1.0525791013090646,4.214162619671197,2.4513155069097103,16.872049390822415,0.42051081797769646,0.744804043852235,0.762352576708952,0.3959740983812642,TRUE,saithe,saithe,FALSE,0.9585,0.676,cod,0.232,0.44400000000000006,0.232,0.676,0.005,0.0065,0.039,0.0175,0.024
f4r3-141,f4r3,f4r3-141,f4r3;f4r3-141,110,MP,MP,f4r3,1.680307307209614,0.646716231068682,0.7976464788091262,3.7717968965193673,2.5982142189827973,17.83553517321734,0.4441687241830218,0.7045693046110224,0.7340201387178736,0.3597022371825355,TRUE,saithe,saithe,FALSE,0.854,0.6575,wrasse,0.142,0.5155,0.135,0.6575,0.025,0.005,0.0315,0.004,0.142
f4r3-142,f4r3,f4r3-142,f4r3;f4r3-142,110,MP,MP,f4r3,1.1695696371915687,0.4991618016298079,0.46301133107010917,2.734321211118748,2.3430671845738584,16.14757994862506,0.4017469917359915,0.7782200586304684,0.7930931351099064,0.43097250856832586,TRUE,saithe,saithe,FALSE,0.7615000000000001,0.5895,wrasse,0.12,0.46950000000000003,0.0845,0.5895,0.0055,0.068,0.014,0.1185,0.12
f4r3-143,f4r3,f4r3-143,f4r3;f4r3-143,110,MP,MP,f4r3,1.6117085969981717,0.7102084050246524,0.8531251265467642,3.740914010980897,2.2693459913956198,16.40373399175235,0.388256854654212,0.7660676904829979,0.7453159287087382,0.4181670478415575,TRUE,saithe,saithe,FALSE,0.8270000000000001,0.656,wrasse,0.129,0.527,0.088,0.656,0.002,0.054,0.027,0.044,0.129
f4r3-144,f4r3,f4r3-144,f4r3;f4r3-144,110,MP,MP,f4r3,1.4951416208219184,0.5887575544697463,0.6712916735038617,3.4056229111075615,2.5394860914667845,17.277538021770237,0.4349462186553789,0.7273241476028098,0.7625923361102745,0.38234614558835833,TRUE,saithe,saithe,FALSE,0.978,0.7575,cod,0.1795,0.578,0.1795,0.7575,0.0035,0.001,0.0365,0.008,0.014
f4r3-145,f4r3,f4r3-145,f4r3;f4r3-145,110,MP,MP,f4r3,1.4336512518230187,0.58119788414542,0.6462682783843124,3.3016914255878507,2.4667179474182475,16.867865303637576,0.42308545709943013,0.7449887930779967,0.775613387415669,0.40034639441336173,TRUE,saithe,saithe,FALSE,0.9645,0.7345,cod,0.192,0.5425,0.192,0.7345,0.0035,0.006,0.0285,0.017,0.0185
f4r3-146,f4r3,f4r3-146,f4r3;f4r3-146,110,MP,MP,f4r3,1.2976912157603848,0.5791742587193685,0.5731721894583974,3.0281760826717936,2.2405885555579648,15.998421689528017,0.38282816046801726,0.7854756461748135,0.7626135083386375,0.43336366855813485,TRUE,saithe,saithe,FALSE,0.8140000000000001,0.6205,wrasse,0.123,0.49750000000000005,0.075,0.6205,0.0015,0.0935,0.0235,0.063,0.123
f4r3-148,f4r3,f4r3-148,f4r3;f4r3-148,110,MP,MP,f4r3,1.398021328610601,0.6243331262946392,0.6556164211630978,3.330424284775602,2.2392233724770163,16.918011139723706,0.38256805103545205,0.7427806088183245,0.7511378503904714,0.4271027296426315,TRUE,saithe,gadoids_unknown,TRUE,0.624,0.3375,wrasse,0.299,0.038500000000000034,0.0325,0.3375,0.0205,0.152,0.0815,0.077,0.299
f4r3-149,f4r3,f4r3-149,f4r3;f4r3-149,110,MP,MP,f4r3,1.6482093452537037,0.6607838050579651,0.8083021724651074,3.7357003592824745,2.4943246681251816,17.265148665607025,0.42764333885635625,0.7278460705868096,0.7421675870966516,0.3788428718954203,TRUE,saithe,saithe,FALSE,0.885,0.5845,cod,0.252,0.3325,0.252,0.5845,0.012,0.0015,0.035,0.0055,0.1095
f4r3-15,f4r3,f4r3-15,f4r3;f4r3-15,110,MP,MP,f4r3,2.0350268908317037,0.899286755295353,1.359265302843489,4.729492569744327,2.262934351972458,16.456022176446552,0.38705478435660484,0.7636335488381496,0.7427384064372249,0.41790161064334863,TRUE,saithe,saithe,FALSE,0.7040000000000001,0.542,wrasse,0.2645,0.2775,0.0775,0.542,0.0175,0.0495,0.0175,0.0315,0.2645
f4r3-150,f4r3,f4r3-150,f4r3;f4r3-150,110,MP,MP,f4r3,1.7921968425240866,0.7267653579355293,1.006907221581079,4.132861593346312,2.46599101478234,16.963375158772397,0.4229644590911908,0.7407942403408223,0.7730534626365823,0.3991426704002895,TRUE,saithe,saithe,FALSE,0.9644999999999999,0.728,cod,0.2045,0.5235,0.2045,0.728,0.0055,0.003,0.0235,0.014,0.0215
f4r3-151,f4r3,f4r3-151,f4r3;f4r3-151,110,MP,MP,f4r3,1.2926773553827946,0.5942883335332236,0.5987151609533913,3.0666233962791845,2.175168655419226,15.707267274861904,0.37011219968221354,0.800035448207502,0.7793506642797431,0.45619454956026756,TRUE,saithe,saithe,FALSE,0.7250000000000001,0.557,wrasse,0.187,0.37000000000000005,0.039,0.557,0.002,0.1125,0.0145,0.088,0.187
f4r3-152,f4r3,f4r3-152,f4r3;f4r3-152,110,MP,MP,f4r3,1.0269067608905866,0.451406654903513,0.3551092443383037,2.406651158345228,2.2749039025800037,16.31038867703079,0.38929505735286496,0.7704519409801586,0.7660603906324895,0.42875586168820584,TRUE,saithe,saithe,FALSE,0.846,0.692,wrasse,0.093,0.599,0.0745,0.692,0.0015,0.058,0.02,0.061,0.093
f4r3-153,f4r3,f4r3-153,f4r3;f4r3-153,110,MP,MP,f4r3,1.5771372941204131,0.6814031500089744,0.8164899794534022,3.6568800090229177,2.31454359155757,16.37836561000275,0.39659867346618294,0.7672542495134265,0.7597613920697166,0.41794773383171263,TRUE,saithe,saithe,FALSE,0.8765000000000001,0.7105,cod,0.09,0.6205,0.09,0.7105,0.004,0.0485,0.0235,0.041,0.0825
f4r3-154,f4r3,f4r3-154,f4r3;f4r3-154,110,MP,MP,f4r3,1.9842006716173377,0.8040036939981767,1.2000022669677008,4.532141327269198,2.4678999442779146,17.116888505756688,0.42328209229334046,0.7341504041539383,0.7522088349794974,0.3880797666921984,TRUE,saithe,saithe,FALSE,0.951,0.6905,cod,0.197,0.4935,0.197,0.6905,0.0185,0.005,0.04,0.008,0.041
f4r3-155,f4r3,f4r3-155,f4r3;f4r3-155,110,MP,MP,f4r3,1.556059927943819,0.6416337704151085,0.7456172572528881,3.5681807894218562,2.425152789163696,17.075669885790944,0.4160844426188851,0.7359225552150044,0.7467967491149817,0.3920788649282407,TRUE,saithe,saithe,FALSE,0.848,0.6385,cod,0.1475,0.491,0.1475,0.6385,0.023,0.0055,0.0335,0.0055,0.1465
f4r3-156,f4r3,f4r3-156,f4r3;f4r3-156,110,MP,MP,f4r3,1.5330342460294952,0.6868640389159757,0.8023009031479951,3.577635642054597,2.2319326084518334,15.953461771111051,0.3811752154825889,0.7876892673610619,0.7619292483547838,0.43465400595969,TRUE,saithe,saithe,FALSE,0.7965,0.5905,wrasse,0.144,0.4465,0.084,0.5905,0.006,0.098,0.018,0.0595,0.144
f4r3-157,f4r3,f4r3-157,f4r3;f4r3-157,110,MP,MP,f4r3,1.630809368376451,0.7146993546631636,0.8655438886323837,3.765026115188002,2.2818117264776996,16.377472978806143,0.39058051872263905,0.7672960676302831,0.7426129300310815,0.41437430528362224,TRUE,saithe,saithe,FALSE,0.727,0.5385,wrasse,0.2425,0.296,0.0965,0.5385,0.014,0.0535,0.0245,0.0305,0.2425
f4r3-158,f4r3,f4r3-158,f4r3;f4r3-158,110,MP,MP,f4r3,1.7004919561310368,0.7356070531653901,0.9275892579546373,3.9307073560369163,2.311685224895073,16.65657529591434,0.396077868462463,0.7544390363030721,0.7415411292456373,0.40842908871642286,TRUE,saithe,saithe,FALSE,0.864,0.6825,cod,0.111,0.5715,0.111,0.6825,0.0085,0.026,0.036,0.03,0.106
f4r3-159,f4r3,f4r3-159,f4r3;f4r3-159,110,MP,MP,f4r3,1.4425345194744037,0.6223128717934525,0.6705751414276999,3.3400594433954134,2.3180213440180704,16.63646084712148,0.39723112281790435,0.7553511969785007,0.7469859812064019,0.4103034223947913,TRUE,saithe,saithe,FALSE,0.914,0.7315,cod,0.1185,0.613,0.1185,0.7315,0.002,0.025,0.037,0.0335,0.0525
f4r3-16,f4r3,f4r3-16,f4r3;f4r3-16,110,MP,MP,f4r3,1.840143747857523,0.7075098892192273,0.9941927551265761,4.16538734721459,2.6008735367476126,17.45179862040578,0.44457921679569906,0.7200616330551599,0.7636358855425496,0.37383263488753754,TRUE,saithe,saithe,FALSE,0.968,0.725,cod,0.185,0.54,0.185,0.725,0.017,0.0025,0.0385,0.004,0.028
f4r3-160,f4r3,f4r3-160,f4r3;f4r3-160,110,MP,MP,f4r3,1.5135178236282483,0.6025003302866315,0.6700042569765934,3.414845853909492,2.512061400710291,17.404624052068126,0.43053387403890103,0.7220133325928382,0.7347383912950917,0.3724025115657978,TRUE,saithe,saithe,FALSE,0.8119999999999999,0.573,wrasse,0.185,0.38799999999999996,0.175,0.573,0.0275,0.005,0.0315,0.003,0.185
f4r3-161,f4r3,f4r3-161,f4r3;f4r3-161,110,MP,MP,f4r3,1.2933905958503435,0.5960851781911298,0.5920573765422976,3.0543208699984636,2.1698083481546133,15.756709309814166,0.3690470273496654,0.7975250648644086,0.7679373210445316,0.45062420644821277,TRUE,saithe,saithe,FALSE,0.777,0.6,wrasse,0.1535,0.4465,0.049,0.6,0.003,0.1065,0.0185,0.0695,0.1535
f4r3-162,f4r3,f4r3-162,f4r3;f4r3-162,110,MP,MP,f4r3,1.249739311451338,0.5884341786597702,0.5904306739347431,3.032944672457371,2.1238387516812334,15.579734916015276,0.3597620879363217,0.806584366300193,0.802881757517763,0.48132693812506294,TRUE,saithe,gadoids_unknown,TRUE,0.48300000000000004,0.4055,lesser_sand_eel,0.2895,0.11600000000000005,0.0175,0.4055,0.001,0.053,0.006,0.2895,0.2275
f4r3-163,f4r3,f4r3-163,f4r3;f4r3-163,110,MP,MP,f4r3,1.1782731431907791,0.5082610539112972,0.4594328294832316,2.7336259677962347,2.318244008907308,16.265078270995957,0.39727157055620016,0.7725982257809141,0.7671657643858208,0.4213472718272691,TRUE,saithe,saithe,FALSE,0.851,0.6395,cod,0.1075,0.5319999999999999,0.1075,0.6395,0.0055,0.0755,0.023,0.047,0.102
f4r3-164,f4r3,f4r3-164,f4r3;f4r3-164,110,MP,MP,f4r3,1.4240537909145825,0.6139182628229326,0.6448166108357484,3.290638510770679,2.3196146411518477,16.79283943155944,0.3975204304720034,0.7483172018391779,0.7375632501280784,0.40484944358694724,TRUE,saithe,saithe,FALSE,0.924,0.7085,cod,0.156,0.5525,0.156,0.7085,0.0075,0.0145,0.0375,0.0275,0.0485
f4r3-165,f4r3,f4r3-165,f4r3;f4r3-165,110,MP,MP,f4r3,1.4418626246451522,0.5813545060318791,0.6409255967928211,3.2978145474471026,2.4801779459607154,16.968554296746653,0.42531674211621584,0.740568135304756,0.764614780705839,0.39252738976620966,TRUE,saithe,saithe,FALSE,0.9515,0.7135,cod,0.1555,0.558,0.1555,0.7135,0.04,0.0095,0.033,0.011,0.0375
f4r3-166,f4r3,f4r3-166,f4r3;f4r3-166,110,MP,MP,f4r3,1.622660845032409,0.6725394362752891,0.833612083317254,3.747693516978584,2.412737093930368,16.84861217619613,0.4139601308412985,0.7458401014246772,0.7638683025185583,0.4031053910444915,TRUE,saithe,saithe,FALSE,0.9610000000000001,0.772,cod,0.1335,0.6385000000000001,0.1335,0.772,0.01,0.01,0.0355,0.019,0.02
f4r3-167,f4r3,f4r3-167,f4r3;f4r3-167,110,MP,MP,f4r3,1.4928996762024553,0.652882904989446,0.7567369804605152,3.497935122049452,2.2866269966535397,16.168828052543596,0.39147338531679743,0.7771973685119558,0.7763883976112022,0.43230855376012484,TRUE,saithe,saithe,FALSE,0.7855,0.6,wrasse,0.134,0.46599999999999997,0.078,0.6,0.004,0.089,0.0145,0.0805,0.134
f4r3-168,f4r3,f4r3-168,f4r3;f4r3-168,110,MP,MP,f4r3,1.3996059333734046,0.5646663558780078,0.6066982439941285,3.204703855990377,2.478642332421483,16.92789934084428,0.42506305366329517,0.7423467236740092,0.7676708515586896,0.3943404309528402,TRUE,saithe,saithe,FALSE,0.94,0.6795,cod,0.1875,0.492,0.1875,0.6795,0.0295,0.01,0.0335,0.011,0.049
f4r3-169,f4r3,f4r3-169,f4r3;f4r3-169,110,MP,MP,f4r3,1.4663561879701112,0.6388761893073707,0.7120925429376151,3.4103341706938455,2.2952118305736864,16.33267932819933,0.39305874619544384,0.7694004371139889,0.7601166736862707,0.42166504836636803,TRUE,saithe,saithe,FALSE,0.8755,0.717,wrasse,0.0795,0.6375,0.0655,0.717,0.002,0.0615,0.0295,0.045,0.0795
f4r3-17,f4r3,f4r3-17,f4r3;f4r3-17,110,MP,MP,f4r3,1.6073889459113793,0.6706131301766252,0.8042887294541531,3.6788994210861303,2.3968945336456913,16.82766456226882,0.41122693678289884,0.7467685469875381,0.7461376469882613,0.3963511721628091,TRUE,saithe,saithe,FALSE,0.8734999999999999,0.6705,cod,0.1485,0.522,0.1485,0.6705,0.009,0.01,0.0355,0.0155,0.111
f4r3-170,f4r3,f4r3-170,f4r3;f4r3-170,110,MP,MP,f4r3,1.6081852302613242,0.7181829267741756,0.8754134412685632,3.7582803742596598,2.2392418008107278,16.134857777688723,0.38257156366053513,0.7788336772162904,0.7579526310834667,0.43097411926757045,TRUE,saithe,saithe,FALSE,0.8065,0.62,wrasse,0.1305,0.4895,0.071,0.62,0.0025,0.0935,0.0195,0.063,0.1305
f4r3-171,f4r3,f4r3-171,f4r3;f4r3-171,110,MP,MP,f4r3,1.5905937198110514,0.6977457303275887,0.8365961002473284,3.6950242164875386,2.279617990731773,16.319946933045664,0.39017287816690355,0.7700007031832921,0.7538056439482013,0.42102455710630254,TRUE,saithe,saithe,FALSE,0.8175,0.6025,wrasse,0.135,0.4675,0.1155,0.6025,0.0025,0.0765,0.0205,0.0475,0.135
f4r3-172,f4r3,f4r3-172,f4r3;f4r3-172,110,MP,MP,f4r3,1.9719271489664059,0.8294884791281106,1.2324564241098468,4.544201885509392,2.377280937089243,16.754970295344606,0.4078076306782675,0.7500085283857983,0.7534776041530636,0.40355242273327224,TRUE,saithe,saithe,FALSE,0.952,0.7635,cod,0.1405,0.623,0.1405,0.7635,0.0085,0.0085,0.031,0.016,0.032
f4r3-173,f4r3,f4r3-173,f4r3;f4r3-173,110,MP,MP,f4r3,1.6990666709391948,0.6591435709039801,0.8106696688701972,3.8208110572309604,2.5776883003030977,18.008071222652177,0.4409798081541753,0.6978187979705487,0.72385817406898,0.35754705171142787,TRUE,saithe,saithe,FALSE,0.8564999999999999,0.6665,wrasse,0.138,0.5285,0.126,0.6665,0.0275,0.0055,0.031,0.0055,0.138
f4r3-174,f4r3,f4r3-174,f4r3;f4r3-174,110,MP,MP,f4r3,1.6647677666886476,0.7041165231744231,0.8890021197253373,3.8440133119134337,2.364335606247736,16.621375826114967,0.4055289857867027,0.7560367291987524,0.7584109630339813,0.4084186808098861,TRUE,saithe,saithe,FALSE,0.9359999999999999,0.74,cod,0.1295,0.6105,0.1295,0.74,0.0035,0.0235,0.0395,0.0305,0.0335
f4r3-175,f4r3,f4r3-175,f4r3;f4r3-175,110,MP,MP,f4r3,1.6304642181707456,0.7379134281856347,0.8954005456979988,3.800351783480679,2.20956030327256,16.129846857471104,0.37686168477322507,0.779075630748386,0.7442188552071888,0.4288495204153918,TRUE,saithe,saithe,FALSE,0.807,0.6185,wrasse,0.1335,0.48500000000000004,0.065,0.6185,0.0015,0.0955,0.0265,0.0595,0.1335
f4r3-176,f4r3,f4r3-176,f4r3;f4r3-176,110,MP,MP,f4r3,1.58659234356527,0.6615907443700497,0.7864338647722439,3.6367941535706754,2.3981477326681526,16.81803430384608,0.41144406972864506,0.7471961578461875,0.7492166693783451,0.397778784864911,TRUE,saithe,saithe,FALSE,0.941,0.71,cod,0.178,0.532,0.178,0.71,0.009,0.0095,0.0345,0.015,0.044
f4r3-177,f4r3,f4r3-177,f4r3;f4r3-177,110,MP,MP,f4r3,1.535555493922404,0.6370150138759134,0.7085284734439461,3.487538332953328,2.4105483551782045,17.166457072216907,0.41358403643114505,0.7320305268288146,0.7243394237273728,0.38259244877590964,TRUE,saithe,saithe,FALSE,0.7979999999999999,0.597,wrasse,0.196,0.40099999999999997,0.13,0.597,0.0315,0.0055,0.034,0.006,0.196
f4r3-178,f4r3,f4r3-178,f4r3;f4r3-178,110,MP,MP,f4r3,1.6379924356150304,0.6751394159047622,0.8412288303277429,3.763615117691441,2.4261543572003386,16.838223136737902,0.4162551387105956,0.7463002783792351,0.7606919017011116,0.3992091466609317,TRUE,saithe,saithe,FALSE,0.9485,0.6885,cod,0.1965,0.492,0.1965,0.6885,0.0185,0.011,0.034,0.015,0.0365
f4r3-179,f4r3,f4r3-179,f4r3;f4r3-179,110,MP,MP,f4r3,1.427263314162666,0.5956362295699953,0.6365470980265275,3.2847840216109647,2.3961996321027064,16.950522753276378,0.41110646703599996,0.7413559332221898,0.7487646517774876,0.39786199428900004,TRUE,saithe,saithe,FALSE,0.9735,0.778,cod,0.1575,0.6205,0.1575,0.778,0.0035,0.0025,0.032,0.01,0.0165
f4r3-18,f4r3,f4r3-18,f4r3;f4r3-18,110,MP,MP,f4r3,2.209763474494454,0.8526163850496371,1.4326194769314764,5.037401364613526,2.5917440870735873,17.712597739185938,0.44316745527671436,0.7094594931469784,0.7603812270129284,0.3735505569920171,TRUE,saithe,saithe,FALSE,0.9824999999999999,0.833,cod,0.113,0.72,0.113,0.833,0.008,5e-4,0.028,0.0055,0.012
f4r3-180,f4r3,f4r3-180,f4r3;f4r3-180,110,MP,MP,f4r3,1.8338374412973395,0.7174761152228443,1.0113791444492328,4.187220418077127,2.5559560832596624,17.3355510896063,0.43756335759730575,0.7248901721903416,0.7686802282428641,0.3829150548653761,TRUE,saithe,saithe,FALSE,0.959,0.701,cod,0.2,0.5009999999999999,0.2,0.701,0.02,0.0055,0.0325,0.006,0.035
f4r3-181,f4r3,f4r3-181,f4r3;f4r3-181,110,MP,MP,f4r3,2.0715297098519105,0.7858160563240558,1.2340394389552103,4.677689505823537,2.6361509073029814,17.73102092378574,0.4499678228471967,0.7087223385711361,0.7580833792163426,0.36614813436921867,TRUE,saithe,saithe,FALSE,0.9685,0.742,cod,0.163,0.579,0.163,0.742,0.0265,0.002,0.035,0.004,0.0275
f4r3-182,f4r3,f4r3-182,f4r3;f4r3-182,110,MP,MP,f4r3,1.6347740167584581,0.6878128593790042,0.8257705552102886,3.7329922497874835,2.3767715221759933,16.875427501074686,0.40771829338598575,0.7446549495447686,0.7343978140254327,0.3934178483963684,TRUE,saithe,saithe,FALSE,0.8325,0.612,cod,0.161,0.45099999999999996,0.161,0.612,0.018,0.0095,0.032,0.0115,0.156
f4r3-183,f4r3,f4r3-183,f4r3;f4r3-183,110,MP,MP,f4r3,1.8230401346536682,0.7746197952814317,1.0497706096938728,4.1829392512442185,2.3534644295932674,16.667432501946205,0.40360184460266524,0.7539475928816173,0.7433778024298914,0.4021722201663516,TRUE,saithe,saithe,FALSE,0.8445,0.6625,wrasse,0.127,0.5355,0.117,0.6625,0.0125,0.0185,0.034,0.0285,0.127
f4r3-184,f4r3,f4r3-184,f4r3;f4r3-184,110,MP,MP,f4r3,1.8973692166712184,0.8140381830415446,1.1561070404224578,4.378127959622673,2.3308110801166015,16.5797834980968,0.3995456506257371,0.7579333358485455,0.7485165711362721,0.40888809324374553,TRUE,saithe,saithe,FALSE,0.9005,0.7025,cod,0.1145,0.588,0.1145,0.7025,0.0115,0.025,0.047,0.032,0.0675
f4r3-185,f4r3,f4r3-185,f4r3;f4r3-185,110,MP,MP,f4r3,1.7535225965876036,0.7425797943506712,0.9651180334510393,4.033227735345645,2.3613928226001946,16.85485650599087,0.40500854688774324,0.745563785125824,0.7411838299850867,0.39963895596842586,TRUE,saithe,saithe,FALSE,0.8445,0.6165,cod,0.1755,0.44100000000000006,0.1755,0.6165,0.0065,0.017,0.029,0.0215,0.134
f4r3-186,f4r3,f4r3-186,f4r3;f4r3-186,110,MP,MP,f4r3,1.7211189180887088,0.7370275952109441,0.9646874390397402,3.984300767449987,2.335216387109778,16.455747180977443,0.4003387583097257,0.7636463100797802,0.7604873541968019,0.41464361845832914,TRUE,saithe,saithe,FALSE,0.9185,0.74,cod,0.1195,0.6205,0.1195,0.74,0.0065,0.0265,0.026,0.033,0.0485
f4r3-187,f4r3,f4r3-187,f4r3;f4r3-187,110,MP,MP,f4r3,1.3961321346315283,0.5523558053670637,0.598301763777456,3.2016044662154717,2.5275956567592144,17.132276350606812,0.4330415969960144,0.7334910059347766,0.7758447700763854,0.3908205171960848,TRUE,saithe,saithe,FALSE,0.9765,0.8115,cod,0.1285,0.683,0.1285,0.8115,0.0105,0.002,0.024,0.012,0.0115
f4r3-188,f4r3,f4r3-188,f4r3;f4r3-188,110,MP,MP,f4r3,1.7535505275937258,0.7352997153234799,0.9830239102816429,4.046572321110168,2.3848105623463858,16.657527226660697,0.40912498257699265,0.7543959222378728,0.7623973870853034,0.40704050768908673,TRUE,saithe,saithe,FALSE,0.9450000000000001,0.7415,cod,0.145,0.5965,0.145,0.7415,0.005,0.0195,0.034,0.0265,0.0285
f4r3-189,f4r3,f4r3-189,f4r3;f4r3-189,110,MP,MP,f4r3,2.015425736414815,0.8029444108017432,1.2226137238918269,4.599189624885754,2.51004391997997,17.30108601948613,0.43020655991922374,0.7263342081650671,0.7555043808962946,0.3832355467252124,TRUE,saithe,saithe,FALSE,0.9535,0.7325,cod,0.161,0.5715,0.161,0.7325,0.023,0.002,0.035,0.008,0.0385
f4r3-190,f4r3,f4r3-190,f4r3;f4r3-190,110,MP,MP,f4r3,1.6445010362105428,0.7136338354413045,0.8867673828227643,3.81881072957193,2.3044045202727794,16.445480145956633,0.39474722670004714,0.7641230601253561,0.7556142262909394,0.4174952379299291,TRUE,saithe,saithe,FALSE,0.917,0.778,cod,0.0765,0.7015,0.0765,0.778,0.0015,0.031,0.03,0.0385,0.0445
f4r3-191,f4r3,f4r3-191,f4r3;f4r3-191,110,MP,MP,f4r3,1.5442740944775044,0.6180097735429326,0.7215184981219904,3.5111437967560923,2.4987858778097864,17.08636825471163,0.4283731357541706,0.7354617685296553,0.7560103488083262,0.3852199905881887,TRUE,saithe,saithe,FALSE,0.879,0.62,cod,0.197,0.423,0.197,0.62,0.021,0.0015,0.0395,0.008,0.113
f4r3-192,f4r3,f4r3-192,f4r3;f4r3-192,110,MP,MP,f4r3,1.3035269934766966,0.5442228965081974,0.5552279771976861,3.035049237753868,2.3952079227836425,16.590525430800867,0.41093445659721123,0.7574425937727858,0.7826624590853666,0.41604604911670123,TRUE,saithe,saithe,FALSE,0.9335,0.7865,cod,0.1005,0.6859999999999999,0.1005,0.7865,0.0095,0.0205,0.0165,0.034,0.0325
f4r3-193,f4r3,f4r3-193,f4r3;f4r3-193,110,MP,MP,f4r3,1.0505134848553066,0.49582823329146986,0.40520253217057534,2.518578266081234,2.118704451099234,15.654483816765703,0.35870806889217416,0.802732990844501,0.7779277548657415,0.46749719146916174,TRUE,saithe,saithe,FALSE,0.677,0.502,wrasse,0.2285,0.27349999999999997,0.0375,0.502,0.0035,0.118,0.016,0.0945,0.2285
f4r3-194,f4r3,f4r3-194,f4r3;f4r3-194,110,MP,MP,f4r3,0.9188704185309772,0.4777062922466753,0.33272234981713156,2.2478044558527674,1.9235049515665494,15.185709269390962,0.31588964850964,0.8275129196427161,0.7579957007715864,0.5017455765713605,TRUE,saithe,gadoids_unknown,TRUE,0.5355,0.363,wrasse,0.344,0.019000000000000017,0.0135,0.363,0.015,0.1135,0.0305,0.1205,0.344
f4r3-195,f4r3,f4r3-195,f4r3;f4r3-195,110,MP,MP,f4r3,1.2003097830681606,0.5804292333718639,0.5306057566767057,2.863818631308229,2.067969209778167,15.456781329316081,0.3481029752105588,0.8130004783418384,0.7616042064166784,0.4689163593254745,TRUE,saithe,gadoids_unknown,TRUE,0.584,0.391,wrasse,0.346,0.04500000000000004,0.0485,0.391,0.007,0.1255,0.012,0.07,0.346
f4r3-2,f4r3,f4r3-2,f4r3;f4r3-2,110,MP,MP,f4r3,2.372608090288012,0.9388535160811976,1.7236780870633917,5.458287277073689,2.527133412879304,17.284491937715757,0.4329672950002364,0.7270315297459585,0.7738063984359855,0.38986501521312644,TRUE,saithe,saithe,FALSE,0.9514999999999999,0.7695,cod,0.144,0.6255,0.144,0.7695,0.012,5e-4,0.0255,0.0135,0.035
f4r3-20,f4r3,f4r3-20,f4r3;f4r3-20,110,MP,MP,f4r3,1.8721461912626833,0.7873433344100605,1.1062308211278464,4.30880280844764,2.3778015377058375,16.782918435736335,0.40789890179327226,0.7487595594578622,0.750484696065531,0.40186145798825545,TRUE,saithe,saithe,FALSE,0.897,0.6775,cod,0.161,0.5165,0.161,0.6775,0.012,0.0095,0.037,0.019,0.084
f4r3-21,f4r3,f4r3-21,f4r3;f4r3-21,110,MP,MP,f4r3,1.448600640808942,0.6074494016111368,0.6451649205538964,3.303373448157484,2.3847264265415715,16.91393284157995,0.4091102949068915,0.7429597085467282,0.733182286505257,0.3914565085067906,TRUE,saithe,saithe,FALSE,0.8095,0.55,cod,0.1895,0.36050000000000004,0.1895,0.55,0.0305,0.0095,0.03,0.0065,0.184
f4r3-22,f4r3,f4r3-22,f4r3;f4r3-22,110,MP,MP,f4r3,2.2701895333210524,0.9149124200594304,1.541820307499244,5.165751336665601,2.4813189585660957,17.30745583157104,0.4255050962570317,0.726066889128585,0.7423216400785038,0.3809076071408404,TRUE,saithe,saithe,FALSE,0.8965,0.6805,cod,0.17,0.5105,0.17,0.6805,0.0065,5e-4,0.039,0.008,0.0955
f4r3-23,f4r3,f4r3-23,f4r3;f4r3-23,110,MP,MP,f4r3,2.010359973532959,0.8112481100542968,1.26120387938203,4.643809515231027,2.4781074354655885,17.098715890658944,0.4249746343064659,0.7349306634905958,0.773317380335555,0.3973267079476883,TRUE,saithe,saithe,FALSE,0.9715,0.7955,cod,0.1475,0.648,0.1475,0.7955,0.004,0.0025,0.022,0.0145,0.014
f4r3-24,f4r3,f4r3-24,f4r3;f4r3-24,110,MP,MP,f4r3,2.3323698222975735,0.9176298745636617,1.615239219395901,5.302850883852664,2.541732660356801,17.409326840697897,0.43530463990511464,0.7218182948339327,0.7546957310281753,0.3780525245534655,TRUE,saithe,saithe,FALSE,0.945,0.713,cod,0.1775,0.5355,0.1775,0.713,0.0095,0.001,0.044,0.007,0.048
f4r3-25,f4r3,f4r3-25,f4r3;f4r3-25,110,MP,MP,f4r3,2.0236039664173195,0.7887451045527211,1.23670123516449,4.624608512748988,2.5655993992696264,17.293589824340874,0.4390844915416808,0.7266490498503614,0.7748231639180214,0.3845243699223216,TRUE,saithe,saithe,FALSE,0.9735,0.78,cod,0.1605,0.6195,0.1605,0.78,0.0065,0.002,0.0245,0.0105,0.016
f4r3-26,f4r3,f4r3-26,f4r3;f4r3-26,110,MP,MP,f4r3,2.193833212832362,0.8684689256909559,1.409205087168336,4.961950553706258,2.5260929296772976,17.471518887928024,0.4327999743945952,0.7192488927246004,0.7396330540946829,0.3728010327739193,TRUE,saithe,saithe,FALSE,0.8340000000000001,0.6005,cod,0.161,0.4395,0.161,0.6005,0.031,0.0055,0.036,0.0065,0.1595
f4r3-27,f4r3,f4r3-27,f4r3;f4r3-27,110,MP,MP,f4r3,2.1355139343701013,0.8900509118603969,1.4144252862461941,4.900803023856796,2.399316607525765,16.980656746024394,0.41164644812072243,0.7400403177751814,0.7441538838742688,0.39489834286357417,TRUE,saithe,saithe,FALSE,0.9644999999999999,0.702,cod,0.222,0.48,0.222,0.702,0.004,0.0025,0.034,0.01,0.0255
f4r3-28,f4r3,f4r3-28,f4r3;f4r3-28,110,MP,MP,f4r3,2.0505429639291255,0.8389941084162698,1.2693356441828625,4.674786195184943,2.4440493006558057,17.21658575558243,0.4192882199394864,0.7298991096585201,0.7378170572156121,0.384369437136547,TRUE,saithe,saithe,FALSE,0.8315,0.616,wrasse,0.16,0.45599999999999996,0.1595,0.616,0.0195,0.0045,0.032,0.0085,0.16
f4r3-29,f4r3,f4r3-29,f4r3;f4r3-29,110,MP,MP,f4r3,1.7563209506748958,1.2002277823003458,1.4231609342391065,4.759420656097891,1.4633230263248422,15.916741695697421,0.18808861906190905,0.7895064740389729,0.6751285229539284,0.5874303333847496,TRUE,wrasse,wrasse,FALSE,0.0395,0.942,saithe,0.022,0.9199999999999999,0.0025,0.022,0.0015,0.012,0.0015,0.0185,0.942
f4r3-3,f4r3,f4r3-3,f4r3;f4r3-3,110,MP,MP,f4r3,1.6497839108112378,1.1848095826568241,1.3509559270857525,4.6192115680062225,1.392446461406695,15.794087047702867,0.16403562952708536,0.7956376697434284,0.6911392526692199,0.6319710321416364,TRUE,wrasse,wrasse,FALSE,0.104,0.862,saithe,0.0645,0.7975,0.0025,0.0645,0.0045,0.027,0.0055,0.034,0.862
f4r3-30,f4r3,f4r3-30,f4r3;f4r3-30,110,MP,MP,f4r3,2.250643518420892,0.8405667472382897,1.5275799722906662,5.176991031145708,2.6775309941958296,17.544898874507762,0.4561568609057114,0.7162406978941185,0.8074674758831384,0.3839729674877873,TRUE,saithe,saithe,FALSE,0.8935,0.718,cod,0.123,0.595,0.123,0.718,0.024,0.003,0.0255,0.0755,0.031
f4r3-31,f4r3,f4r3-31,f4r3;f4r3-31,110,MP,MP,f4r3,2.1117279563552342,0.8570372382838483,1.348486796250634,4.827022423776727,2.463986233064748,17.278734611586597,0.4226304998243287,0.727273778829414,0.7450905178849804,0.3850178621324423,TRUE,saithe,saithe,FALSE,0.907,0.7065,cod,0.1515,0.555,0.1515,0.7065,0.0115,0.002,0.0355,0.015,0.078
f4r3-32,f4r3,f4r3-32,f4r3;f4r3-32,110,MP,MP,f4r3,1.7280879350661755,0.7126612059502474,0.9088592412532633,3.9320970108001467,2.4248379463310057,17.011860803685188,0.4160307636912923,0.7386828965610269,0.7379852316682469,0.38750300069012805,TRUE,saithe,saithe,FALSE,0.8015000000000001,0.559,wrasse,0.194,0.36500000000000005,0.1665,0.559,0.0345,0.0075,0.034,0.0045,0.194
f4r3-33,f4r3,f4r3-33,f4r3;f4r3-33,110,MP,MP,f4r3,1.9343500142864638,0.744931584490837,1.1335102833110222,4.447289608349357,2.5966814329783023,17.448791732845024,0.4439318473796939,0.7201857186881689,0.7866363572405662,0.3857140520376935,TRUE,saithe,saithe,FALSE,0.9215,0.665,cod,0.1895,0.47550000000000003,0.1895,0.665,0.021,0.015,0.031,0.019,0.0595
f4r3-34,f4r3,f4r3-34,f4r3;f4r3-34,110,MP,MP,f4r3,2.044097036150415,0.8453264712281897,1.353471890884106,4.744194128798446,2.4181154923263084,16.629364882504895,0.41488226348992213,0.7556735150829338,0.7832912283653891,0.41243578735751024,TRUE,saithe,saithe,FALSE,0.9495,0.7815,cod,0.12,0.6615,0.12,0.7815,0.008,0.019,0.021,0.0275,0.023
f4r3-35,f4r3,f4r3-35,f4r3;f4r3-35,110,MP,MP,f4r3,1.9593081362218217,0.8114926949079198,1.20521050410565,4.515100441919084,2.4144495058506283,16.914996949637306,0.4142540410766017,0.7429129695839893,0.7580110760198407,0.3997307357213464,TRUE,saithe,saithe,FALSE,0.975,0.762,cod,0.1745,0.5875,0.1745,0.762,0.004,0.004,0.0305,0.01,0.015
f4r3-36,f4r3,f4r3-36,f4r3;f4r3-36,110,MP,MP,f4r3,2.111455638205387,0.8994207759146693,1.365443525736909,4.84570091198035,2.34757267649075,17.19647637253614,0.4025521793610188,0.7307526461891031,0.7189999597385424,0.3899598894508215,TRUE,saithe,saithe,FALSE,0.8334999999999999,0.564,cod,0.194,0.36999999999999994,0.194,0.564,0.0325,0.0075,0.0355,0.0065,0.16
f4r3-37,f4r3,f4r3-37,f4r3;f4r3-37,110,MP,MP,f4r3,1.91338498946203,0.7563881180355932,1.0673358210756145,4.343809704259914,2.5296338530954983,17.67829990734085,0.4333689886145004,0.7108359220187815,0.7374864147053566,0.3711987273410224,TRUE,saithe,saithe,FALSE,0.8815000000000001,0.671,cod,0.1635,0.5075000000000001,0.1635,0.671,0.0135,0.0035,0.03,0.0075,0.111
f4r3-38,f4r3,f4r3-38,f4r3;f4r3-38,110,MP,MP,f4r3,2.2578736845751637,0.8354789993968852,1.461704326132363,5.114310701732561,2.702490052060046,17.89429878959505,0.4598229915871859,0.7022555486592247,0.7748619808805307,0.3650651424292431,TRUE,saithe,saithe,FALSE,0.9805,0.8295,cod,0.1055,0.724,0.1055,0.8295,0.014,0.001,0.0305,0.008,0.0115
f4r3-39,f4r3,f4r3-39,f4r3;f4r3-39,110,MP,MP,f4r3,2.3794511208340428,0.9385604417580629,1.7070232404138597,5.433869954217622,2.5352135195224914,17.297329046434275,0.4342633085794082,0.7264919676688258,0.7643643094954871,0.3838804337147694,TRUE,saithe,saithe,FALSE,0.971,0.768,cod,0.1575,0.6105,0.1575,0.768,0.008,0.004,0.0335,0.0145,0.0145
f4r3-4,f4r3,f4r3-4,f4r3;f4r3-4,110,MP,MP,f4r3,2.071640492399144,0.8330634569299739,1.318664549858164,4.756203712450008,2.4867739368062125,17.154835744053642,0.42640388042135474,0.7325264317214484,0.7640853196947756,0.391215152365822,TRUE,saithe,saithe,FALSE,0.9570000000000001,0.7105,cod,0.2015,0.509,0.2015,0.7105,0.0165,0.004,0.0245,0.0125,0.0305
f4r3-40,f4r3,f4r3-40,f4r3;f4r3-40,110,MP,MP,f4r3,1.9810307859286571,0.826754428106144,1.1574668246249196,4.520427267287739,2.3961538258302744,17.654296645141667,0.4110985242221617,0.7118023938845134,0.7067092857601204,0.37552272294102024,TRUE,saithe,saithe,FALSE,0.744,0.5625,wrasse,0.2475,0.315,0.1155,0.5625,0.031,0.0075,0.0275,0.0085,0.2475
f4r3-41,f4r3,f4r3-41,f4r3;f4r3-41,110,MP,MP,f4r3,1.653928345830868,0.6975071724611455,0.8891934732640222,3.8345235695075024,2.3711990516097523,16.5358512485873,0.4067392730651733,0.7599470039640537,0.7707808179855233,0.41387863119978974,TRUE,saithe,saithe,FALSE,0.931,0.7075,cod,0.169,0.5385,0.169,0.7075,0.005,0.0225,0.027,0.0305,0.0385
f4r3-43,f4r3,f4r3-43,f4r3;f4r3-43,110,MP,MP,f4r3,2.301992879667336,1.0173361623119666,1.8161207481216022,5.483922566892837,2.2627652146325934,16.559144952658677,0.38702301010487766,0.7588779885848853,0.7754901069119882,0.4363619629142853,TRUE,saithe,saithe,FALSE,0.7655,0.6295,lesser_sand_eel,0.141,0.48849999999999993,0.08,0.6295,0.0015,0.038,0.0165,0.141,0.0935
f4r3-44,f4r3,f4r3-44,f4r3;f4r3-44,110,MP,MP,f4r3,2.1169273773913657,0.8195674829320793,1.317427444781695,4.832188865964033,2.5829811717491036,17.723973588705675,0.44180560708231126,0.7090041378964194,0.7593395628016301,0.3743043773665015,TRUE,saithe,saithe,FALSE,0.9805,0.812,cod,0.1125,0.6995,0.1125,0.812,0.0195,5e-4,0.036,0.006,0.0135
f4r3-45,f4r3,f4r3-45,f4r3;f4r3-45,110,MP,MP,f4r3,1.9701444072468306,0.8452222214494937,1.29833989983548,4.6115012780648454,2.330918848617324,16.379334903200952,0.39956507771715694,0.7672088450858511,0.7796854633689475,0.4258948633091099,TRUE,saithe,saithe,FALSE,0.899,0.7825,cod,0.062,0.7204999999999999,0.062,0.7825,0.007,0.032,0.0155,0.055,0.046
f4r3-46,f4r3,f4r3-46,f4r3;f4r3-46,110,MP,MP,f4r3,2.3641812782973584,0.948668842053896,1.6664306170507248,5.373131987829025,2.492103854890855,17.32478212007832,0.42727934703347775,0.7253407591080494,0.7430051524724636,0.3796083940134798,TRUE,saithe,saithe,FALSE,0.9085,0.688,cod,0.1625,0.5255,0.1625,0.688,0.011,0.0045,0.0425,0.007,0.0845
f4r3-47,f4r3,f4r3-47,f4r3;f4r3-47,110,MP,MP,f4r3,2.1074707920790523,0.9329441944517886,1.4461665153971683,4.904703217729596,2.2589462527471245,16.634400947528775,0.3863046994671659,0.755444734920018,0.7355311513700613,0.41457708308466934,TRUE,saithe,saithe,FALSE,0.743,0.597,wrasse,0.233,0.364,0.078,0.597,0.0205,0.027,0.0205,0.024,0.233
f4r3-48,f4r3,f4r3-48,f4r3;f4r3-48,110,MP,MP,f4r3,2.0775988303370263,0.8222904465740757,1.2614051496492384,4.750468633671579,2.5265997422114848,17.890328294420513,0.43288148749599065,0.702411403947141,0.7383591529498806,0.37208429022085143,TRUE,saithe,saithe,FALSE,0.9545,0.764,cod,0.1175,0.6465000000000001,0.1175,0.764,0.028,0.0035,0.0415,0.008,0.0375
f4r3-49,f4r3,f4r3-49,f4r3;f4r3-49,110,MP,MP,f4r3,1.773697192763077,0.7077868021281057,0.9447313146609727,4.0300957606862475,2.505976640748448,17.19184236645079,0.42954554324325317,0.7309496182260231,0.7525344256909103,0.38234857180395093,TRUE,saithe,saithe,FALSE,0.9645,0.738,cod,0.175,0.563,0.175,0.738,0.011,0,0.0405,0.0055,0.03
f4r3-5,f4r3,f4r3-5,f4r3;f4r3-5,110,MP,MP,f4r3,1.7585162169768254,0.7711899795857572,1.0593697546963616,4.164418241168219,2.280263311929193,16.370468583318488,0.39029284852631013,0.767624368868971,0.781159671075773,0.4361791810457683,TRUE,saithe,saithe,FALSE,0.7545000000000001,0.6075,lesser_sand_eel,0.124,0.48350000000000004,0.067,0.6075,0.002,0.0655,0.0125,0.124,0.1215
f4r3-50,f4r3,f4r3-50,f4r3;f4r3-50,110,MP,MP,f4r3,2.254560925166437,0.8828981208265325,1.497974358186155,5.133138098640328,2.5535912604002498,17.58982494975285,0.4371890705925658,0.7144113514634914,0.7525438502886828,0.37522394605338116,TRUE,saithe,saithe,FALSE,0.9740000000000001,0.7325,cod,0.1905,0.542,0.1905,0.7325,0.01,0.002,0.039,0.008,0.018
f4r3-51,f4r3,f4r3-51,f4r3;f4r3-51,110,MP,MP,f4r3,1.9532537137973123,0.7957499537400065,1.1998272568244999,4.507757817079802,2.4546073859220034,16.93567171596292,0.4210630104739911,0.742006034665551,0.7719398175819784,0.4004160940515698,TRUE,saithe,saithe,FALSE,0.9625,0.766,cod,0.161,0.605,0.161,0.766,0.0045,0.003,0.028,0.019,0.0185
f4r3-52,f4r3,f4r3-52,f4r3;f4r3-52,110,MP,MP,f4r3,1.973701716139501,0.7813384396876715,1.153453959643216,4.488835980784625,2.5260522404714387,17.468966397773965,0.43279342913745467,0.7193539862759414,0.7479620350888645,0.37700520431754675,TRUE,saithe,saithe,FALSE,0.9664999999999999,0.7585,cod,0.1675,0.591,0.1675,0.7585,0.0055,0.001,0.034,0.01,0.0235
f4r3-53,f4r3,f4r3-53,f4r3;f4r3-53,110,MP,MP,f4r3,2.228244658834908,0.86230481573157,1.473134025799551,5.096912859308034,2.584056841830913,17.63486569477589,0.44197313595665483,0.7125866922866221,0.7666878397479922,0.37776927358264156,TRUE,saithe,saithe,FALSE,0.9750000000000001,0.788,cod,0.1405,0.6475,0.1405,0.788,0.0075,0.0015,0.0375,0.0095,0.0155
f4r3-54,f4r3,f4r3-54,f4r3;f4r3-54,110,MP,MP,f4r3,2.115834957600772,0.8546606683785916,1.3795500254603437,4.86964429456988,2.475643300182283,17.189253827692127,0.42456695717448667,0.7310596923127969,0.7628900439814055,0.3923593403824988,TRUE,saithe,saithe,FALSE,0.952,0.7625,cod,0.1345,0.6279999999999999,0.1345,0.7625,0.0135,0.005,0.0365,0.009,0.039
f4r3-55,f4r3,f4r3-55,f4r3;f4r3-55,110,MP,MP,f4r3,2.5177206148812585,0.9877279054776533,1.7948109913066654,5.650985754748995,2.5490022109517287,17.792202162260892,0.43646132599515514,0.706285287214966,0.7217285092716998,0.3605070543365209,TRUE,saithe,saithe,FALSE,0.8049999999999999,0.5345,cod,0.192,0.34249999999999997,0.192,0.5345,0.0325,0.008,0.038,0.004,0.191
f4r3-56,f4r3,f4r3-56,f4r3;f4r3-56,110,MP,MP,f4r3,1.8170254301318396,0.7411075543569863,0.9986534362799393,4.1414287328944805,2.4517702180331455,17.17455858714549,0.42058715567120786,0.7316852162805877,0.7416048391275973,0.3851260614878104,TRUE,saithe,saithe,FALSE,0.9595,0.74,cod,0.169,0.571,0.169,0.74,0.008,0.004,0.0385,0.0055,0.035
f4r3-57,f4r3,f4r3-57,f4r3;f4r3-57,110,MP,MP,f4r3,1.9603601167572988,0.8335728100616243,1.2155341640368749,4.530499783682809,2.3517563110202375,16.885932865748156,0.40329790879360733,0.7441916721017593,0.7438541174729949,0.4027222010386867,TRUE,saithe,saithe,FALSE,0.9225,0.7375,cod,0.1445,0.5930000000000001,0.1445,0.7375,0.0045,0.003,0.033,0.0125,0.065
f4r3-58,f4r3,f4r3-58,f4r3;f4r3-58,110,MP,MP,f4r3,2.4109007186788487,0.9720064953730777,1.7505288540820925,5.535251925025103,2.4803339588317166,17.502718565333208,0.42534250343281343,0.7179667871280738,0.7470003067601944,0.3834605929212724,TRUE,saithe,saithe,FALSE,0.9735,0.751,cod,0.1665,0.5845,0.1665,0.751,0.006,0.001,0.049,0.0075,0.019
f4r3-59,f4r3,f4r3-59,f4r3;f4r3-59,110,MP,MP,f4r3,2.208575736415564,0.9021892686369887,1.4962896013797222,5.070502485901535,2.4480181855324443,17.18249958819908,0.4199566555675926,0.731347063321901,0.7509408054873203,0.39057206966531344,TRUE,saithe,saithe,FALSE,0.9125,0.6995,cod,0.153,0.5465,0.153,0.6995,0.0165,0,0.0435,0.0095,0.078
f4r3-6,f4r3,f4r3-6,f4r3;f4r3-6,110,MP,MP,f4r3,2.3629686893940547,0.9172051926922336,1.6260466069884605,5.368204980885184,2.57627050982794,17.722508440377695,0.44075818803309064,0.7090627524108751,0.7502543422791016,0.37078928379412307,TRUE,saithe,saithe,FALSE,0.9545,0.742,cod,0.148,0.594,0.148,0.742,0.0145,0.005,0.045,0.0075,0.038
f4r3-60,f4r3,f4r3-60,f4r3;f4r3-60,110,MP,MP,f4r3,2.055890757709211,0.8702540045169547,1.34202986573186,4.768160074798454,2.3624030995989025,16.941016798090068,0.405187319676639,0.7417719233815946,0.7500947334997488,0.4042706670811664,TRUE,saithe,saithe,FALSE,0.9485,0.742,cod,0.1705,0.5715,0.1705,0.742,0.0065,0.0045,0.025,0.0265,0.025
f4r3-61,f4r3,f4r3-61,f4r3;f4r3-61,110,MP,MP,f4r3,2.0478276991660707,0.8726095242181946,1.3647146943713788,4.758311920266631,2.346785867368111,16.590670873505,0.40241172299057604,0.7574359536254461,0.7637100503488075,0.4143479174375213,TRUE,saithe,saithe,FALSE,0.8895000000000001,0.674,cod,0.142,0.532,0.142,0.674,0.012,0.0325,0.029,0.0345,0.076
f4r3-62,f4r3,f4r3-62,f4r3;f4r3-62,110,MP,MP,f4r3,1.9396413057591313,0.7586238143346856,1.1076303977659747,4.406555254245588,2.556789371897322,17.53087424097769,0.43769512589014326,0.7168136877615496,0.7527434239838772,0.37485398875246445,TRUE,saithe,saithe,FALSE,0.965,0.7645,cod,0.15,0.6144999999999999,0.15,0.7645,0.012,0.0025,0.036,0.0055,0.0295
f4r3-63,f4r3,f4r3-63,f4r3;f4r3-63,110,MP,MP,f4r3,2.4014903463573205,0.9774411034977241,1.8447451306610148,5.612893491795672,2.4569156522717406,17.078008678062428,0.42144958073082184,0.735821772388564,0.7858957304803499,0.4072722322237201,TRUE,saithe,saithe,FALSE,0.9345,0.781,cod,0.1105,0.6705,0.1105,0.781,0.0115,0.0025,0.029,0.0255,0.04
f4r3-64,f4r3,f4r3-64,f4r3;f4r3-64,110,MP,MP,f4r3,1.4962089363231938,0.5851711375317243,0.6616885252175293,3.3968100999363773,2.5568741182865993,17.437689207677547,0.4377085234145338,0.7206442588061722,0.755750532400809,0.3763390058686903,TRUE,saithe,saithe,FALSE,0.97,0.756,cod,0.174,0.5820000000000001,0.174,0.756,0.0075,5e-4,0.032,0.007,0.023
f4r3-65,f4r3,f4r3-65,f4r3;f4r3-65,110,MP,MP,f4r3,1.8725176114973403,0.8010126398157571,1.119753300230207,4.316558186559544,2.3376879694782877,16.639981837181086,0.4007828118478616,0.7551913660314422,0.7465468560546208,0.40661242712327733,TRUE,saithe,saithe,FALSE,0.874,0.6355,cod,0.161,0.4744999999999999,0.161,0.6355,0.013,0.0245,0.04,0.029,0.097
f4r3-66,f4r3,f4r3-66,f4r3;f4r3-66,110,MP,MP,f4r3,2.2703468861081775,0.8844257620296415,1.538201602325883,5.20533879486894,2.5670293467006524,17.61508499821935,0.4393093508328118,0.7133868849130995,0.7660544802594678,0.379960929913606,TRUE,saithe,saithe,FALSE,0.977,0.822,cod,0.112,0.71,0.112,0.822,0.011,0.0015,0.0305,0.009,0.014
f4r3-67,f4r3,f4r3-67,f4r3;f4r3-67,110,MP,MP,f4r3,2.0218981973799344,0.8033713234231429,1.2066102467025668,4.593635042000008,2.516766703552079,17.488234462417914,0.43129579850152755,0.7185614214724882,0.7428333588393273,0.3758015418305559,TRUE,saithe,saithe,FALSE,0.9675,0.761,cod,0.164,0.597,0.164,0.761,0.009,5e-4,0.033,0.004,0.0285
f4r3-68,f4r3,f4r3-68,f4r3;f4r3-68,110,MP,MP,f4r3,2.0964772603353534,0.8710718567843282,1.3921519476786783,4.821906807394513,2.40677877950823,16.701327249490767,0.4129351714792879,0.752417483151965,0.7623291044313225,0.40328906425825595,TRUE,saithe,saithe,FALSE,0.9535,0.726,cod,0.174,0.552,0.174,0.726,0.005,0.0125,0.036,0.0205,0.026
f4r3-69,f4r3,f4r3-69,f4r3;f4r3-69,110,MP,MP,f4r3,2.604704216593698,1.0165961584224719,1.9681760892182845,5.92009463869746,2.5621818408556765,17.807106144173563,0.43854634902086376,0.7056941488761134,0.7432879189959278,0.3693662785750849,TRUE,saithe,saithe,FALSE,0.9725,0.788,cod,0.111,0.677,0.111,0.788,0.0205,0.0015,0.0515,0.0035,0.024
f4r3-7,f4r3,f4r3-7,f4r3;f4r3-7,110,MP,MP,f4r3,2.2038624587976092,0.8743096811227179,1.4630458179871169,5.046037388435339,2.5206886145508385,17.403756609973474,0.4319293129945957,0.7220493193496991,0.7592908261325352,0.38352976254420906,TRUE,saithe,saithe,FALSE,0.977,0.8155,cod,0.1085,0.707,0.1085,0.8155,0.0095,0.0015,0.042,0.005,0.018
f4r3-70,f4r3,f4r3-70,f4r3;f4r3-70,110,MP,MP,f4r3,2.242895120494558,0.8344976054529432,1.4099995780684575,5.052710965906958,2.6877190609518578,18.10630903873711,0.4576593371286345,0.6940327035993008,0.7533294084732475,0.3568709271051554,TRUE,saithe,saithe,FALSE,0.9285,0.7575,cod,0.108,0.6495,0.108,0.7575,0.028,0.001,0.034,0.0065,0.065
f4r3-71,f4r3,f4r3-71,f4r3;f4r3-71,110,MP,MP,f4r3,1.8198741126570026,0.749253641010767,1.0124714672375994,4.160204118002135,2.428915941205083,17.094109674678247,0.4167252757741546,0.7351286995060011,0.7425275701536037,0.38923350509471405,TRUE,saithe,saithe,FALSE,0.9315,0.7035,cod,0.1825,0.521,0.1825,0.7035,0.0045,0.001,0.04,0.008,0.0605
f4r3-72,f4r3,f4r3-72,f4r3;f4r3-72,110,MP,MP,f4r3,2.24786111097008,0.8383632954639495,1.4593518114156796,5.106276691289612,2.6812494334286376,17.866878599145885,0.4567061982167173,0.7033332959994423,0.7743873884312473,0.36773178712956733,TRUE,saithe,saithe,FALSE,0.9714999999999999,0.819,cod,0.1155,0.7034999999999999,0.1155,0.819,0.0095,0.001,0.0265,0.01,0.0185
f4r3-73,f4r3,f4r3-73,f4r3;f4r3-73,110,MP,MP,f4r3,1.719293981475412,0.6803405834517998,0.8722165731019231,3.897833173194712,2.5271077799774075,17.418957532559705,0.43296317414694635,0.721419211848354,0.7456719619703905,0.37569392049809736,TRUE,saithe,saithe,FALSE,0.91,0.6885,cod,0.179,0.5095000000000001,0.179,0.6885,0.006,0,0.0365,0.004,0.086
f4r3-74,f4r3,f4r3-74,f4r3;f4r3-74,110,MP,MP,f4r3,2.100797740927791,0.8362319459382325,1.3469399032805238,4.804344094511863,2.51221894969672,17.136415754151013,0.4305594188048271,0.7333138268027359,0.7667207605805748,0.3885884199139807,TRUE,saithe,saithe,FALSE,0.9524999999999999,0.69,cod,0.211,0.479,0.211,0.69,0.014,0.0035,0.034,0.012,0.0355
f4r3-75,f4r3,f4r3-75,f4r3;f4r3-75,110,MP,MP,f4r3,1.7880352065800036,0.8732553766145801,1.2340404494561539,4.434327146042191,2.047551328583655,15.93404595999455,0.34373541759852916,0.7886490754394353,0.7903365396652567,0.4914591013681845,TRUE,saithe,gadoids_unknown,TRUE,0.5405,0.4115,wrasse,0.2815,0.13,0.035,0.4115,5e-4,0.0845,0.009,0.178,0.2815
f4r3-76,f4r3,f4r3-76,f4r3;f4r3-76,110,MP,MP,f4r3,2.2222330387490925,0.8818203732587175,1.4554659661778353,5.053306794838021,2.5200518225009425,17.54483454519748,0.43182654663901204,0.7162433240385812,0.7427323258592053,0.37526060376748843,TRUE,saithe,saithe,FALSE,0.966,0.752,cod,0.164,0.588,0.164,0.752,0.009,5e-4,0.0405,0.007,0.027
f4r3-77,f4r3,f4r3-77,f4r3;f4r3-77,110,MP,MP,f4r3,2.115755888931428,0.9056052158976104,1.4667803342989447,4.949451293865478,2.336289424784673,16.701252080840828,0.4005316250016044,0.752420869617011,0.7655271625648975,0.41719978937813557,TRUE,saithe,saithe,FALSE,0.904,0.706,cod,0.14,0.566,0.14,0.706,0.01,0.028,0.02,0.041,0.055
f4r3-78,f4r3,f4r3-78,f4r3;f4r3-78,110,MP,MP,f4r3,2.2744335823627684,0.8798791108874204,1.5176209515844874,5.161108770412722,2.584938719671207,17.551842383449205,0.4421104079058204,0.7159573530701732,0.7583453832429293,0.3735312265487881,TRUE,saithe,saithe,FALSE,0.9690000000000001,0.7195,cod,0.1955,0.524,0.1955,0.7195,0.013,0.0015,0.0395,0.005,0.026
f4r3-79,f4r3,f4r3-79,f4r3;f4r3-79,110,MP,MP,f4r3,2.130321164028909,0.870270828131907,1.4325837112582553,4.9457041787640375,2.447882998217672,17.074038767591855,0.41993391277086023,0.7359928594171484,0.7727170603258181,0.40192032005397804,TRUE,saithe,saithe,FALSE,0.967,0.8135,cod,0.128,0.6855,0.128,0.8135,0.003,0.0015,0.021,0.0175,0.0155
f4r3-8,f4r3,f4r3-8,f4r3;f4r3-8,110,MP,MP,f4r3,1.9585070117676495,0.8649967494964224,1.1861264787010901,4.481278949256464,2.264178464147801,16.930623657470722,0.3872884028961473,0.7422272722253913,0.7001504864167912,0.3937230658657238,TRUE,saithe,saithe,FALSE,0.748,0.572,wrasse,0.243,0.32899999999999996,0.108,0.572,0.0255,0.0145,0.028,0.009,0.243
f4r3-80,f4r3,f4r3-80,f4r3;f4r3-80,110,MP,MP,f4r3,2.619021163686875,1.0181730964749978,2.0830481754318506,6.007624241307572,2.572274962630765,17.326315084990295,0.4401326826960933,0.7252765837812427,0.7811576476671176,0.3866619323872183,TRUE,saithe,saithe,FALSE,0.9770000000000001,0.801,cod,0.1275,0.6735,0.1275,0.801,0.008,0.001,0.0395,0.0115,0.0115
f4r3-81,f4r3,f4r3-81,f4r3;f4r3-81,110,MP,MP,f4r3,2.0489758536602234,0.7695330634356966,1.2001790015114797,4.635999280779699,2.66262224590099,17.90773651623858,0.4539431408089402,0.7017285854616019,0.7611704139625218,0.36398414113436145,TRUE,saithe,saithe,FALSE,0.9605,0.7795,cod,0.123,0.6565,0.123,0.7795,0.02,0.0015,0.0365,0.0085,0.031
f4r3-82,f4r3,f4r3-82,f4r3;f4r3-82,110,MP,MP,f4r3,2.209093562453799,0.9163424683825404,1.5464835122729406,5.105736760223952,2.410772870052751,16.856660713044384,0.4136226373909594,0.7454839857240996,0.7639648364316066,0.40348481294737965,TRUE,saithe,saithe,FALSE,0.9565,0.761,cod,0.14,0.621,0.14,0.761,0.0075,0.008,0.04,0.021,0.0225
f4r3-83,f4r3,f4r3-83,f4r3;f4r3-83,110,MP,MP,f4r3,2.4659069781086322,1.0165048798921568,1.9860174159966155,5.790599384462279,2.4258683129688916,16.883558503190923,0.4162063987022373,0.7442963289986634,0.7923132069316685,0.4158529552029608,TRUE,saithe,saithe,FALSE,0.9055000000000001,0.7385,cod,0.12,0.6185,0.12,0.7385,0.007,0.0125,0.0275,0.063,0.0315
f4r3-84,f4r3,f4r3-84,f4r3;f4r3-84,110,MP,MP,f4r3,2.157167086175954,0.9345500516161802,1.517190039643913,5.01339041796773,2.3082413643286626,16.56620649109301,0.3954491889361109,0.7585545080049323,0.7525816621527914,0.4151284816673162,TRUE,saithe,saithe,FALSE,0.9015,0.734,cod,0.1125,0.6214999999999999,0.1125,0.734,0.0015,0.029,0.0245,0.0385,0.06
f4r3-85,f4r3,f4r3-85,f4r3;f4r3-85,110,MP,MP,f4r3,2.118480976199187,0.8502146250103129,1.348517856714449,4.839407461623721,2.491701405599193,17.36711491287175,0.4272133359419402,0.7235727222053173,0.7486926368138763,0.3825759659248703,TRUE,saithe,saithe,FALSE,0.976,0.7735,cod,0.159,0.6144999999999999,0.159,0.7735,0.0055,5e-4,0.0375,0.005,0.019
f4r3-86,f4r3,f4r3-86,f4r3;f4r3-86,110,MP,MP,f4r3,2.176231754773254,0.9166398184846095,1.5110342656758364,5.034992946767434,2.3741405412335284,16.777352142083338,0.40725646262830706,0.749007978609355,0.757478744988714,0.40623201350788357,TRUE,saithe,saithe,FALSE,0.9515,0.747,cod,0.1425,0.6045,0.1425,0.747,0.0075,0.012,0.0425,0.019,0.0295
f4r3-87,f4r3,f4r3-87,f4r3;f4r3-87,110,MP,MP,f4r3,6.051811692743328,2.4040669211688614,10.907945620221847,13.854431440409602,2.5173224752832284,17.596830532522063,0.43138565938883605,0.7141269327527074,0.7497405582632886,0.37921217342852853,TRUE,cod,cod,FALSE,0.993,0.571,saithe,0.369,0.20199999999999996,0.571,0.369,0.0455,0.0045,0.003,0.007,0
f4r3-88,f4r3,f4r3-88,f4r3;f4r3-88,110,MP,MP,f4r3,6.2751475445158,2.4214608147962506,11.348318109304111,14.235546377349905,2.591471852929328,17.857340507183466,0.44312524728023933,0.7037089654701999,0.7468443744716873,0.36693888465948965,TRUE,cod,cod,FALSE,0.997,0.5925,saithe,0.3725,0.22000000000000003,0.5925,0.3725,0.029,0.0015,0.0015,0.003,0
f4r3-89,f4r3,f4r3-89,f4r3;f4r3-89,110,MP,MP,f4r3,0.6880467398376926,0.2771811656656093,0.1328660487225061,1.5538289916353625,2.482299755776879,18.171568722488818,0.42566690398144297,0.6915402190239773,0.6966784253842516,0.3573454491540408,TRUE,saithe,saithe,FALSE,0.842,0.6295,wrasse,0.155,0.4744999999999999,0.139,0.6295,0.0325,0.0055,0.0355,0.003,0.155
f4r3-9,f4r3,f4r3-9,f4r3;f4r3-9,110,MP,MP,f4r3,2.06227165986393,0.8428121961715807,1.2793024735667105,4.7119405167172825,2.446893470730092,17.355069572547155,0.4197673885243756,0.7240749201165456,0.7360317594800259,0.382993683035718,TRUE,saithe,saithe,FALSE,0.8450000000000001,0.645,wrasse,0.148,0.497,0.1395,0.645,0.025,0.0055,0.03,0.007,0.148
f4r3-90,f4r3,f4r3-90,f4r3;f4r3-90,110,MP,MP,f4r3,7.146836397638334,2.7288556329431954,14.464770988268041,16.187051504822055,2.6189866225829412,18.114399227770654,0.44735910668479867,0.6937227371633744,0.7416810129076674,0.36057366122852974,TRUE,cod,cod,FALSE,0.9984999999999999,0.572,saithe,0.2695,0.30249999999999994,0.572,0.2695,0.149,0.008,0,0.0015,0
f4r3-91,f4r3,f4r3-91,f4r3;f4r3-91,110,MP,MP,f4r3,7.350989722736148,2.822383171268482,15.778922379047001,16.843618500875092,2.604532863421356,17.980155893266822,0.44514308073151065,0.6989022057959468,0.760528599521743,0.37178839300231153,TRUE,saithe,gadoids_unknown,TRUE,0.9995,0.46,cod,0.336,0.124,0.336,0.46,0.1995,0.004,0,0,5e-4
f4r3-92,f4r3,f4r3-92,f4r3;f4r3-92,110,MP,MP,f4r3,6.97087821002314,2.7225929340756982,14.563524375757787,16.034783563167483,2.560382098541553,17.65467460236579,0.4382625390630785,0.7117871553789631,0.7673549144331516,0.38159406850238897,TRUE,saithe,gadoids_unknown,TRUE,0.994,0.4335,cod,0.4245,0.009000000000000008,0.4245,0.4335,0.1105,0.025,5e-4,0.0055,5e-4
f4r3-93,f4r3,f4r3-93,f4r3;f4r3-93,110,MP,MP,f4r3,6.9513502312686635,2.623052221115064,13.855050179227499,15.825143220042163,2.650099824666713,18.075369969451074,0.45206977998673825,0.6952206585866524,0.759857222751553,0.36507314002089963,TRUE,saithe,saithe,FALSE,0.999,0.501,cod,0.38,0.121,0.38,0.501,0.111,0.006,0.001,0.001,0
f4r3-94,f4r3,f4r3-94,f4r3;f4r3-94,110,MP,MP,f4r3,6.401058109199876,2.4079245075703213,11.849627207369567,14.586198496273568,2.658330063536238,17.954757803720145,0.45330247264055024,0.6998908451861978,0.768794116071373,0.368223300698658,TRUE,saithe,saithe,FALSE,0.9944999999999999,0.574,cod,0.3345,0.23949999999999994,0.3345,0.574,0.0805,0.0035,0.002,0.005,5e-4
f4r3-95,f4r3,f4r3-95,f4r3;f4r3-95,110,MP,MP,f4r3,7.126444243327497,2.7446967208526694,15.07648630365545,16.430304058942934,2.5964414170734282,17.905690094638516,0.44389473702939336,0.701808785248769,0.7707843398564993,0.3779762160295751,TRUE,cod,gadoids_unknown,TRUE,0.995,0.4345,saithe,0.277,0.15749999999999997,0.4345,0.277,0.2705,0.0115,0.0015,0.005,0
f4r3-96,f4r3,f4r3-96,f4r3;f4r3-96,110,MP,MP,f4r3,7.0967067377748165,2.63893976237871,14.464142728745582,16.28178304718428,2.6892264988185737,18.32783761658637,0.45788094045175215,0.6856439301375536,0.7723361497726687,0.3656698043660782,TRUE,saithe,saithe,FALSE,0.9975,0.5895,cod,0.224,0.36550000000000005,0.224,0.5895,0.1785,0.0035,0.002,0.0025,0
f4r3-97,f4r3,f4r3-97,f4r3;f4r3-97,110,MP,MP,f4r3,7.0423229120036135,2.5344295999066877,13.690719586674257,15.906962166193665,2.778661878105787,18.481968296465777,0.4707121027185994,0.679925991257229,0.767061363845153,0.35148316151079156,TRUE,saithe,gadoids_unknown,TRUE,0.9984999999999999,0.4365,cod,0.4275,0.009000000000000008,0.4275,0.4365,0.1305,0.0035,5e-4,0.0015,0
f4r3-98,f4r3,f4r3-98,f4r3;f4r3-98,110,MP,MP,f4r3,6.445455817058895,2.366496991604457,11.719138080563422,14.711785874054536,2.7236273022637363,18.46864864259923,0.46288931795506955,0.6804163562554305,0.7683092801915629,0.35916872962532087,TRUE,saithe,saithe,FALSE,0.9934999999999999,0.565,cod,0.3035,0.26149999999999995,0.3035,0.565,0.1205,0.003,0.0015,0.0065,0
f4r3-99,f4r3,f4r3-99,f4r3;f4r3-99,110,MP,MP,f4r3,6.48030983464516,2.328449060845546,11.516176302452246,14.581100437755332,2.7831013972416128,18.461725870820164,0.4713332290119774,0.6806714985526382,0.7632130590741579,0.3491619273500547,TRUE,saithe,saithe,FALSE,0.996,0.547,cod,0.351,0.19600000000000006,0.351,0.547,0.093,0.003,0.002,0.0035,5e-4
r6f3-1,r6f3,r6f3-1,r6f3;r6f3-1,110,MP,MP,r6f3,6.021038938483596,2.135750237576776,9.86227386821568,13.635542680269815,2.819168099597204,18.852449918742575,0.476325747428888,0.6665643281654359,0.766928998428742,0.34637321873183924,TRUE,saithe,saithe,FALSE,0.9835,0.6065,haddock,0.17,0.4365,0.1175,0.6065,0.17,0.0025,0.087,0.0135,0.003
r6f3-10,r6f3,r6f3-10,r6f3;r6f3-10,110,MP,MP,r6f3,1.6730645092859577,1.1501384723006678,1.4426630150682718,4.6673276560051695,1.45466354667648,15.09981695030826,0.18522438535092797,0.8322200630453758,0.7497251514099432,0.6562202735049342,TRUE,wrasse,wrasse,FALSE,0.0895,0.867,saithe,0.045,0.822,0.0025,0.045,0.002,0.0315,0.0085,0.0435,0.867
r6f3-11,r6f3,r6f3-11,r6f3;r6f3-11,110,MP,MP,r6f3,1.451106101016413,0.9654890257324061,1.028974227718227,3.91720645135797,1.5029752408792265,14.912430233152953,0.20095094536474326,0.8426775795686152,0.7344428167223274,0.6221803341554112,TRUE,wrasse,wrasse,FALSE,0.0325,0.943,lesser_sand_eel,0.0245,0.9185,0.001,0.0145,0.001,0.015,0.001,0.0245,0.943
r6f3-12,r6f3,r6f3-12,r6f3;r6f3-12,110,MP,MP,r6f3,1.7483484192158234,0.6909015124606465,0.9719564845694133,4.065142210611563,2.530532047887808,17.002182149972253,0.4335131439476582,0.7391033988175265,0.8046419911495476,0.40485636344387704,TRUE,saithe,saithe,FALSE,0.9610000000000001,0.79,cod,0.1215,0.6685000000000001,0.1215,0.79,0.014,0.004,0.0315,0.025,0.014
r6f3-13,r6f3,r6f3-13,r6f3;r6f3-13,110,MP,MP,r6f3,1.727794968226869,0.6818157040698142,0.9254079116203201,3.9669537416378566,2.534108495761418,17.005173384287115,0.434086417437758,0.7389733894727928,0.7855503079724316,0.3946925390772819,TRUE,saithe,saithe,FALSE,0.9495,0.7055,cod,0.195,0.5105,0.195,0.7055,0.013,0.0055,0.0305,0.012,0.0385
r6f3-14,r6f3,r6f3-14,r6f3;r6f3-14,110,MP,MP,r6f3,1.9247368988835867,0.985981217689818,1.1956865619536239,4.657432151648487,1.9521030059713511,18.141605783180484,0.32251686477249936,0.6926823768825223,0.630053363194354,0.4109459669180032,TRUE,wrasse,wrasse,FALSE,0.508,0.4695,saithe,0.3365,0.13299999999999995,0.047,0.3365,0.036,0.0485,0.04,0.0225,0.4695
r6f3-15,r6f3,r6f3-15,r6f3;r6f3-15,110,MP,MP,r6f3,1.4653235283260446,0.9305745249012959,0.9783705050618834,3.7890127779656213,1.5746439313728993,14.67400924016886,0.22319355479438163,0.8563692722749414,0.717494653582821,0.5801581855278263,TRUE,wrasse,wrasse,FALSE,0.08700000000000001,0.8755,saithe,0.0485,0.827,0.003,0.0485,0.0035,0.027,0.005,0.0375,0.8755
r6f3-16,r6f3,r6f3-16,r6f3;r6f3-16,110,MP,MP,r6f3,2.591988305675102,0.9622312391805885,1.8701002194361687,5.886325637374994,2.693727037881635,18.527792868590048,0.4585414732900765,0.678244338302313,0.7498120077266949,0.35441241296136305,TRUE,saithe,saithe,FALSE,0.971,0.764,cod,0.1255,0.6385000000000001,0.1255,0.764,0.043,0.003,0.0355,0.0035,0.0255
r6f3-17,r6f3,r6f3-17,r6f3;r6f3-17,110,MP,MP,r6f3,2.5547735103229403,1.044575359777033,1.9937133590035998,5.875741239397326,2.445753182296261,17.316599177330428,0.4195753746160096,0.7256835182054746,0.7470858955133801,0.38892694175642034,TRUE,saithe,saithe,FALSE,0.96,0.7905,cod,0.115,0.6755,0.115,0.7905,0.016,0.0025,0.036,0.0155,0.0245
r6f3-18,r6f3,r6f3-18,r6f3;r6f3-18,110,MP,MP,r6f3,1.955622302453231,0.7811797897866158,1.1492038741049178,4.470525199210616,2.5034215273124536,17.390818119494536,0.4291294997167409,0.7225865124926286,0.7522481026042683,0.3825931914534528,TRUE,saithe,saithe,FALSE,0.96,0.7785,cod,0.14,0.6385,0.14,0.7785,0.012,0.004,0.0255,0.0035,0.0365
r6f3-19,r6f3,r6f3-19,r6f3;r6f3-19,110,MP,MP,r6f3,1.9619883640983269,0.780118640559563,1.1563514581378715,4.4851134445079985,2.5149871597620495,17.396304962939695,0.431007878806763,0.7223586066771077,0.7554970444397386,0.3824785781420152,TRUE,saithe,saithe,FALSE,0.96,0.7795,cod,0.139,0.6405,0.139,0.7795,0.0115,0.0045,0.0255,0.005,0.035
r6f3-2,r6f3,r6f3-2,r6f3;r6f3-2,110,MP,MP,r6f3,6.258837067146624,2.2620931341744823,10.909674922106948,14.134630673323995,2.7668343856366877,18.312899852444662,0.4690501903597891,0.6862032073353821,0.7705621674069701,0.3545966568554206,TRUE,saithe,gadoids_unknown,TRUE,0.99,0.406,cod,0.3675,0.038500000000000034,0.3675,0.406,0.207,0.0065,0.003,0.01,0
r6f3-20,r6f3,r6f3-20,r6f3;r6f3-20,110,MP,MP,r6f3,1.028742406893674,0.9580429926678552,0.7882657364914388,3.2714045209038356,1.0737956592417035,13.576750889902831,0.03558482674647285,0.9255801123746706,0.7997992786319567,0.9483518215411636,TRUE,wrasse,wrasse,FALSE,0.1045,0.843,saithe,0.0665,0.7765,0.0065,0.0665,0.005,0.0255,0.001,0.0525,0.843
r6f3-21,r6f3,r6f3-21,r6f3;r6f3-21,110,MP,MP,r6f3,1.1150918219118011,1.0431064194305417,0.9059330760808701,3.4373452415396897,1.0690106025045443,13.042180069911506,0.033354397711160416,0.9635176440593676,0.778855457579816,0.927651761264179,TRUE,wrasse,wrasse,FALSE,0.133,0.804,saithe,0.089,0.7150000000000001,0.003,0.089,0.005,0.034,0.002,0.063,0.804
r6f3-22,r6f3,r6f3-22,r6f3;r6f3-22,110,MP,MP,r6f3,1.0259576899705,0.6925462665332527,0.5552250166169296,2.758872238432598,1.4814283746069963,13.708633077038503,0.19401260158606995,0.9166756848578447,0.7814312632875108,0.6716147759583452,TRUE,wrasse,wrasse,FALSE,0.2955,0.5635,saithe,0.215,0.34850000000000003,0.0065,0.215,0.004,0.0605,0.0095,0.141,0.5635
r6f3-23,r6f3,r6f3-23,r6f3;r6f3-23,110,MP,MP,r6f3,1.056686345565014,0.6795412297801383,0.5646583400262607,2.8398698750028113,1.5549996074659058,14.282726978890292,0.21722101476812525,0.8798299255409786,0.7863643921910267,0.6438781308381768,TRUE,wrasse,wrasse,FALSE,0.3325,0.528,saithe,0.1985,0.3295,0.002,0.1985,0.001,0.096,0.035,0.1395,0.528
r6f3-24,r6f3,r6f3-24,r6f3;r6f3-24,110,MP,MP,r6f3,1.6900160831182802,0.9897982000726343,1.113791020082825,4.275099275113439,1.7074349933090016,16.4092486674173,0.26129343642869196,0.7658102372055179,0.6658343781268085,0.49651475095530845,TRUE,wrasse,wrasse,FALSE,0.22,0.749,saithe,0.151,0.598,0.0095,0.151,0.0065,0.0415,0.0115,0.031,0.749
r6f3-25,r6f3,r6f3-25,r6f3;r6f3-25,110,MP,MP,r6f3,1.2790072992519124,0.6287347208470361,0.6177927151681217,3.098354274755565,2.034255874288005,15.538867610770811,0.34085980785344794,0.8087056875141118,0.7682495520781661,0.48084693882147805,TRUE,saithe,gadoids_unknown,TRUE,0.663,0.4835,wrasse,0.2505,0.23299999999999998,0.0435,0.4835,0.0015,0.121,0.0135,0.0865,0.2505
r6f3-26,r6f3,r6f3-26,r6f3;r6f3-26,110,MP,MP,r6f3,1.4391870000277125,0.614245640609243,0.6737818063037506,3.33673164926448,2.3430154076474143,16.52430801045404,0.4017377259390308,0.7604778733493172,0.762184248846863,0.4141855503120651,TRUE,saithe,saithe,FALSE,0.925,0.767,cod,0.083,0.684,0.083,0.767,0.0145,0.029,0.0315,0.0335,0.0415
r6f3-27,r6f3,r6f3-27,r6f3;r6f3-27,110,MP,MP,r6f3,1.7292165713493153,0.7118287548429645,0.9389905925772222,3.9871962854951524,2.4292592278472864,16.93066399678431,0.4167836646005039,0.7422255037809466,0.762845036449981,0.3998274271345535,TRUE,saithe,saithe,FALSE,0.9705,0.7935,cod,0.1475,0.646,0.1475,0.7935,0.004,0.003,0.0225,0.0115,0.018
r6f3-28,r6f3,r6f3-28,r6f3;r6f3-28,110,MP,MP,r6f3,1.5664627402504565,0.9807674490917541,1.1327418191054708,4.189899926757265,1.5971805973996072,15.498025322402217,0.22993418247368946,0.8108368874707302,0.7373009976154917,0.5877612012474608,TRUE,wrasse,wrasse,FALSE,0.026000000000000002,0.9545,lesser_sand_eel,0.0195,0.935,0.0015,0.0105,0.001,0.0125,5e-4,0.0195,0.9545
r6f3-29,r6f3,r6f3-29,r6f3;r6f3-29,110,MP,MP,r6f3,1.0782862810313905,0.7404045259521085,0.597976710379887,2.871448648548632,1.4563475009080875,13.7885258708716,0.18578295649918436,0.9113643279957689,0.7489988055156322,0.6548264734531178,TRUE,wrasse,wrasse,FALSE,0.0955,0.865,saithe,0.0685,0.7965,0.003,0.0685,0.003,0.0205,5e-4,0.0395,0.865
r6f3-3,r6f3,r6f3-3,r6f3;r6f3-3,110,MP,MP,r6f3,6.85632543018029,2.8358326392317807,14.571640426021501,15.730218712158372,2.4177468498414805,16.980914536600046,0.41481915195305863,0.740029083078775,0.7494392359950579,0.39467145690111394,TRUE,cod,cod,FALSE,0.995,0.787,saithe,0.0995,0.6875,0.787,0.0995,0.092,0.0165,0,0.005,0
r6f3-30,r6f3,r6f3-30,r6f3;r6f3-30,110,MP,MP,r6f3,1.4918084243278549,0.9127122361538651,1.0105756542690667,3.859214712676999,1.634478387858893,14.737677615353665,0.24083643683809064,0.8526696635884863,0.7422016291009168,0.5781663871224773,TRUE,wrasse,wrasse,FALSE,0.0765,0.8875,saithe,0.0395,0.848,0,0.0395,0.0015,0.03,0.0055,0.036,0.8875
r6f3-31,r6f3,r6f3-31,r6f3;r6f3-31,110,MP,MP,r6f3,1.7660128733546427,1.086353291409801,1.3417478522400041,4.594974820696562,1.6256340246945098,15.736036817637986,0.2382792189659036,0.7985727766138648,0.6993683256034198,0.5477637616872763,TRUE,wrasse,wrasse,FALSE,0.055,0.9195,lesser_sand_eel,0.0255,0.894,0.002,0.0235,0.0025,0.0235,0.0035,0.0255,0.9195
r6f3-32,r6f3,r6f3-32,r6f3;r6f3-32,110,MP,MP,r6f3,1.1287890995966212,0.7482478630254914,0.6291703959250275,2.9650668293273332,1.5085764428814217,13.973355007352987,0.20273507882313385,0.8993094792014202,0.7449206056265971,0.62871349824359,TRUE,wrasse,wrasse,FALSE,0.1355,0.8255,saithe,0.077,0.7485,0.0025,0.077,0.002,0.045,0.009,0.039,0.8255
r6f3-33,r6f3,r6f3-33,r6f3;r6f3-33,110,MP,MP,r6f3,1.2921038469646646,0.577536177061433,0.555241240593133,3.001256444167461,2.237269106740689,16.222750734499595,0.38219532140977386,0.774614047889875,0.7440551082281802,0.4234449867492513,TRUE,saithe,saithe,FALSE,0.8245,0.6565,wrasse,0.122,0.5345,0.06,0.6565,0.001,0.082,0.025,0.0535,0.122
r6f3-34,r6f3,r6f3-34,r6f3;r6f3-34,110,MP,MP,r6f3,1.1305493972997251,0.53652160655274,0.44235234811694885,2.6989945337548713,2.107183351969242,16.467803379474287,0.35633022791125,0.7630872390680887,0.7292754229236554,0.4406556774483345,TRUE,saithe,saithe,FALSE,0.7755000000000001,0.558,wrasse,0.161,0.397,0.0415,0.558,0.014,0.1275,0.0345,0.0635,0.161
r6f3-35,r6f3,r6f3-35,r6f3;r6f3-35,110,MP,MP,r6f3,1.52341457128999,0.9491051273620186,1.0309298323601654,3.8605163924546617,1.6051062494248982,14.456451204144066,0.2322769942909166,0.8692569453530139,0.7130117425426636,0.5655916839094726,TRUE,wrasse,wrasse,FALSE,0.1135,0.8385,saithe,0.066,0.7725,0.003,0.066,0.0035,0.0375,0.0035,0.048,0.8385
r6f3-36,r6f3,r6f3-36,r6f3;r6f3-36,110,MP,MP,r6f3,1.3414069062126808,0.8036636681356821,0.721400619949666,3.399445548763736,1.6691147794754009,16.01915734396775,0.250687900205967,0.7844589040815699,0.6691779743701585,0.5104645108358864,TRUE,wrasse,wrasse,FALSE,0.164,0.8005,poor_cod,0.072,0.7285,0.001,0.057,5e-4,0.072,0.0335,0.0355,0.8005
r6f3-4,r6f3,r6f3-4,r6f3;r6f3-4,110,MP,MP,r6f3,6.642571495181172,2.6346822914121453,13.501982673207253,15.198946717956584,2.521203986087015,17.109189585444025,0.4320124571304582,0.7344807626101856,0.7714948945608453,0.38961457055313836,TRUE,cod,cod,FALSE,0.992,0.7165,saithe,0.144,0.5725,0.7165,0.144,0.115,0.016,5e-4,0.007,0.001
r6f3-5,r6f3,r6f3-5,r6f3;r6f3-5,110,MP,MP,r6f3,1.6135026371949999,0.6593459647410979,0.7887049784041515,3.6754213388360086,2.447125975554527,17.12772505291437,0.4198065245705832,0.7336859142435228,0.7413640968471396,0.3857317091894905,TRUE,saithe,saithe,FALSE,0.8785,0.6665,cod,0.1675,0.499,0.1675,0.6665,0.011,0.0025,0.031,0.0065,0.115
r6f3-6,r6f3,r6f3-6,r6f3;r6f3-6,110,MP,MP,r6f3,1.5804098213846736,1.1044492621026187,1.285548462388445,4.416818840744904,1.430948324756843,15.175070596494153,0.17727580646945626,0.8280930579171302,0.7365003608323669,0.655328615226433,TRUE,wrasse,wrasse,FALSE,0.0575,0.917,saithe,0.026,0.891,0.001,0.026,0.002,0.0245,0.004,0.0255,0.917
r6f3-7,r6f3,r6f3-7,r6f3;r6f3-7,110,MP,MP,r6f3,2.1440954243819283,1.2807353561922747,1.932068210634241,5.721357300804307,1.674112777487841,16.942429456318813,0.2520883872822773,0.7417100745060174,0.7035888460173028,0.5351115850917132,TRUE,wrasse,wrasse,FALSE,0.062,0.908,saithe,0.031,0.877,0.003,0.031,0.0025,0.0175,0.008,0.03,0.908
r6f3-8,r6f3,r6f3-8,r6f3;r6f3-8,110,MP,MP,r6f3,1.4180603964178287,0.9196602641311157,0.9460200035238152,3.745888222569138,1.541939400586798,14.832327565712982,0.21319918187730713,0.8472284986078727,0.7254010320488536,0.5989919444595634,TRUE,wrasse,wrasse,FALSE,0.077,0.885,saithe,0.0455,0.8395,0.002,0.0455,0.0035,0.0235,0.0025,0.038,0.885
r6f3-9,r6f3,r6f3-9,r6f3;r6f3-9,110,MP,MP,r6f3,2.1272910593022134,1.3512430279687713,2.00482411472533,5.721877883800164,1.574321580404393,16.3305530278934,0.22309628477502583,0.7695006159861936,0.6974545254948621,0.5640694338233306,TRUE,wrasse,wrasse,FALSE,0.066,0.897,lesser_sand_eel,0.037,0.86,0.0025,0.028,0.003,0.024,0.0085,0.037,0.897
r6f5-1,r6f5,r6f5-1,r6f5;r6f5-1,110,MP,MP,r6f5,2.476151748240427,0.9976583483370426,1.9108289124955498,5.719640353687143,2.481963642531361,17.120468275101302,0.42561146372395336,0.7339968984747187,0.7735042538730482,0.3968052501557091,TRUE,saithe,saithe,FALSE,0.9515,0.7465,cod,0.154,0.5925,0.154,0.7465,0.0115,0.003,0.0365,0.0195,0.029
r6f5-10,r6f5,r6f5-10,r6f5;r6f5-10,110,MP,MP,r6f5,1.539125386187216,0.7081657553174513,0.8428779779026067,3.6423534497597507,2.173397082011214,15.739809320904705,0.369760559957264,0.7983813754128041,0.7733138417521457,0.4530298544887903,TRUE,saithe,gadoids_unknown,TRUE,0.6859999999999999,0.48,wrasse,0.239,0.241,0.074,0.48,0.004,0.117,0.011,0.075,0.239
r6f5-11,r6f5,r6f5-11,r6f5;r6f5-11,110,MP,MP,r6f5,2.9233720563185908,1.1840215598779391,2.7239876196740114,6.856275554537896,2.469019277503664,17.257242338487423,0.42346817932957204,0.7281795299549927,0.786975890214408,0.4058327260965079,TRUE,saithe,saithe,FALSE,0.966,0.7915,cod,0.1155,0.6759999999999999,0.1155,0.7915,0.012,0.003,0.044,0.0195,0.0145
r6f5-12,r6f5,r6f5-12,r6f5;r6f5-12,110,MP,MP,r6f5,2.5850118512544484,1.1077880492803465,2.105506456766512,6.012332661138482,2.333489563219022,17.168384315337754,0.40002812006146576,0.7319483524802464,0.7352539449536423,0.4011821663543649,TRUE,saithe,saithe,FALSE,0.9545,0.7825,cod,0.116,0.6665,0.116,0.7825,0.014,0.004,0.038,0.0105,0.035
r6f5-13,r6f5,r6f5-13,r6f5;r6f5-13,110,MP,MP,r6f5,2.494823357389986,1.020354536195468,1.910417716052157,5.730986274313035,2.4450553889751667,17.192158238689462,0.4194578100542648,0.7309361884582729,0.7504770846547197,0.39080386722873234,TRUE,saithe,saithe,FALSE,0.965,0.7535,cod,0.1625,0.591,0.1625,0.7535,0.0085,0.0025,0.038,0.01,0.025
r6f5-14,r6f5,r6f5-14,r6f5;r6f5-14,110,MP,MP,r6f5,2.3695017110594048,1.0527086639880192,1.8786375385989629,5.5936354795722565,2.250861793122253,16.655026440951385,0.384778521119742,0.7545091963025035,0.7531435691761126,0.4260289006051496,TRUE,saithe,saithe,FALSE,0.804,0.6995,lesser_sand_eel,0.16,0.5395,0.069,0.6995,0.003,0.0225,0.01,0.16,0.036
r6f5-15,r6f5,r6f5-15,r6f5;r6f5-15,110,MP,MP,r6f5,2.816052854376401,1.0725900120526237,2.301132042170448,6.3908068383132886,2.625469958448801,17.74883461537869,0.4483473803612145,0.708011026451894,0.7618456453642696,0.3694622364809606,TRUE,saithe,saithe,FALSE,0.9595,0.7245,cod,0.1625,0.562,0.1625,0.7245,0.0215,0.0015,0.0495,0.0105,0.03
r6f5-16,r6f5,r6f5-16,r6f5;r6f5-16,110,MP,MP,r6f5,2.3314571221546285,0.9629086592775293,1.7161691751272454,5.424028663022699,2.4212650906098627,17.14288274354447,0.4154209197383512,0.7330371911393558,0.7644473370581262,0.40199009318915063,TRUE,saithe,saithe,FALSE,0.9544999999999999,0.7525,cod,0.1535,0.599,0.1535,0.7525,0.015,0.003,0.0305,0.0125,0.033
r6f5-17,r6f5,r6f5-17,r6f5;r6f5-17,110,MP,MP,r6f5,2.0637999792317485,1.0708075385603488,1.7153823124551089,5.403066845361902,1.9273304538053888,17.0184402179517,0.31678365952839516,0.7383973180517263,0.7762147728880365,0.5127856212188847,TRUE,wrasse,wrasse,FALSE,0.295,0.411,lesser_sand_eel,0.294,0.11699999999999999,0.002,0.2085,0.002,0.0485,0.034,0.294,0.411
r6f5-18,r6f5,r6f5-18,r6f5;r6f5-18,110,MP,MP,r6f5,2.145405746370745,0.8499504454196033,1.417829630176476,4.947365518274412,2.5241539173635017,17.2633051605531,0.43248789726634734,0.7279237954429209,0.7775368892954556,0.3922069522509125,TRUE,saithe,saithe,FALSE,0.9665,0.782,cod,0.1435,0.6385000000000001,0.1435,0.782,0.008,0.001,0.032,0.0135,0.02
r6f5-19,r6f5,r6f5-19,r6f5;r6f5-19,110,MP,MP,r6f5,2.4275161255020974,1.006107181880173,1.8806175239293599,5.6503529773388355,2.4127808341111847,16.976598570566694,0.4139676418685484,0.7402172209070322,0.7700059941542842,0.40633698161876586,TRUE,saithe,saithe,FALSE,0.9535,0.801,cod,0.1055,0.6955,0.1055,0.801,0.0115,0.0035,0.032,0.012,0.0345
r6f5-2,r6f5,r6f5-2,r6f5;r6f5-2,110,MP,MP,r6f5,2.5218802247744345,1.0921260391663954,2.062997849854459,5.882582005707485,2.3091476023219357,16.774021871285427,0.39561475027688214,0.7491566847108316,0.7490340442552481,0.4130094431987407,TRUE,saithe,saithe,FALSE,0.9225,0.7805,cod,0.081,0.6995,0.081,0.7805,0.005,0.0205,0.0355,0.0425,0.035
r6f5-20,r6f5,r6f5-20,r6f5;r6f5-20,110,MP,MP,r6f5,2.284564559959882,0.9281020421845736,1.629689176368566,5.276196000720418,2.461544588979092,17.081934789583652,0.4222232449734652,0.7356526511283713,0.7686092689991504,0.39756489487179336,TRUE,saithe,saithe,FALSE,0.9640000000000001,0.786,cod,0.1305,0.6555,0.1305,0.786,0.0105,0.002,0.035,0.014,0.022
r6f5-21,r6f5,r6f5-21,r6f5;r6f5-21,110,MP,MP,r6f5,2.2549686422680195,0.9801508211037447,1.6458941852039906,5.284860470109015,2.3006343449559186,16.969347385512087,0.394055872000353,0.7405335237045096,0.7446779523754158,0.412126950610639,TRUE,saithe,saithe,FALSE,0.962,0.7985,cod,0.121,0.6775,0.121,0.7985,0.0035,0.003,0.036,0.017,0.021
r6f5-22,r6f5,r6f5-22,r6f5;r6f5-22,110,MP,MP,r6f5,2.5066263093214656,1.0545389449760996,2.1007818290846476,5.89395738167784,2.3769878971878815,16.536097721375977,0.40775624287387596,0.7599356768504582,0.7947467038700088,0.42570807054270776,TRUE,saithe,saithe,FALSE,0.872,0.733,cod,0.078,0.655,0.078,0.733,0.008,0.034,0.019,0.065,0.063
r6f5-23,r6f5,r6f5-23,r6f5;r6f5-23,110,MP,MP,r6f5,1.631127579787982,0.63582788712443,0.7864110660799967,3.710145075427666,2.5653602379173,17.503792958223602,0.43904686580330043,0.7179227179132772,0.7582669255278872,0.37634302612824005,TRUE,saithe,saithe,FALSE,0.9614999999999999,0.7595,cod,0.158,0.6014999999999999,0.158,0.7595,0.008,5e-4,0.0355,0.009,0.0295
r6f5-24,r6f5,r6f5-24,r6f5;r6f5-24,110,MP,MP,r6f5,1.860604956284877,0.8274574743429314,1.1533864553766215,4.339513924651621,2.248580759708949,16.32703506657377,0.38434653532233987,0.7696664191091388,0.7491607060470954,0.42420581612747693,TRUE,saithe,gadoids_unknown,TRUE,0.66,0.4875,wrasse,0.3045,0.183,0.062,0.4875,0.0145,0.0805,0.0155,0.0355,0.3045
r6f5-25,r6f5,r6f5-25,r6f5;r6f5-25,110,MP,MP,r6f5,1.5714491006025242,0.6490809492607633,0.7765091045503103,3.6146178955332755,2.4210371639966377,16.825897409504087,0.41538197215504863,0.7468469769262395,0.7612851719115882,0.40036493454657546,TRUE,saithe,saithe,FALSE,0.9580000000000001,0.77,cod,0.138,0.632,0.138,0.77,0.0105,0.009,0.0305,0.0165,0.0255
r6f5-26,r6f5,r6f5-26,r6f5;r6f5-26,110,MP,MP,r6f5,1.9024058283655356,0.775865928888067,1.111656307824403,4.371392999251786,2.451977535721887,17.189734470454685,0.42062195385006923,0.7310392511273491,0.753148625748863,0.39108784619597853,TRUE,saithe,saithe,FALSE,0.9325,0.7145,cod,0.168,0.5465,0.168,0.7145,0.0115,0.002,0.0365,0.009,0.0585
r6f5-27,r6f5,r6f5-27,r6f5;r6f5-27,110,MP,MP,r6f5,2.017123170870031,0.906698059467014,1.3311442237761988,4.724988732489197,2.2246911745413462,16.771675167411,0.37978556961056475,0.7492615072093011,0.7278300921488302,0.4165531224185225,TRUE,saithe,saithe,FALSE,0.7275,0.5825,wrasse,0.1995,0.383,0.0655,0.5825,0.0045,0.0545,0.0205,0.073,0.1995
r6f5-28,r6f5,r6f5-28,r6f5;r6f5-28,110,MP,MP,r6f5,1.764533575768681,0.8088191681425878,1.0733491033977525,4.179115398048229,2.181616911751539,16.27150519334042,0.3713888078062286,0.7722930647806522,0.7520723744968149,0.4389259555855851,TRUE,saithe,saithe,FALSE,0.857,0.705,wrasse,0.0885,0.6164999999999999,0.063,0.705,0.0035,0.067,0.0185,0.0545,0.0885
r6f5-29,r6f5,r6f5-29,r6f5;r6f5-29,110,MP,MP,r6f5,1.8704897576141217,0.7876256401378214,1.123661811402968,4.339522813131972,2.3748461988703378,16.75900885354507,0.4073804013144481,0.7498277925726486,0.7627117574221087,0.40891691059666074,TRUE,saithe,saithe,FALSE,0.9165,0.735,cod,0.123,0.612,0.123,0.735,0.0075,0.0115,0.0395,0.0265,0.057
r6f5-3,r6f5,r6f5-3,r6f5;r6f5-3,110,MP,MP,r6f5,2.7411078054476827,1.035508393576664,2.228060091416105,6.282790650146354,2.647113072623051,17.716514247368437,0.4516210602262534,0.7093026562053959,0.7849593372886986,0.3775589639828726,TRUE,saithe,saithe,FALSE,0.978,0.7945,cod,0.1225,0.6719999999999999,0.1225,0.7945,0.0155,0.001,0.0445,0.011,0.011
r6f5-30,r6f5,r6f5-30,r6f5;r6f5-30,110,MP,MP,r6f5,1.7112205339399897,0.7347215979773419,0.931101892474116,3.9606470186798988,2.329073405016143,16.847484612984022,0.3992322317115438,0.7458900187790954,0.7405739300561727,0.40485113587088334,TRUE,saithe,saithe,FALSE,0.9640000000000001,0.788,cod,0.1185,0.6695,0.1185,0.788,0.012,0.009,0.0365,0.015,0.021
r6f5-31,r6f5,r6f5-31,r6f5;r6f5-31,110,MP,MP,r6f5,1.5077565143148686,0.6714728050871754,0.7587031691640096,3.528890544839395,2.2454468786999064,16.41362390930634,0.3837520456347201,0.7656061016016201,0.7493975283122161,0.4249321490635102,TRUE,saithe,saithe,FALSE,0.874,0.719,wrasse,0.0865,0.6325,0.07,0.719,0.0035,0.0595,0.022,0.0395,0.0865
r6f5-32,r6f5,r6f5-32,r6f5;r6f5-32,110,MP,MP,r6f5,1.3601007611331408,0.672457561735531,0.7104522668921043,3.304156095494373,2.022582298908033,15.366897977750622,0.3383141293712535,0.8177558432777866,0.7767816168856183,0.48899324036211167,TRUE,saithe,gadoids_unknown,TRUE,0.5955,0.436,wrasse,0.2865,0.14950000000000002,0.028,0.436,0.002,0.1175,0.012,0.118,0.2865
r6f5-33,r6f5,r6f5-33,r6f5;r6f5-33,110,MP,MP,r6f5,2.552576123163962,1.0522385987561993,1.9713141997298622,5.843789752056639,2.425852963559063,17.32340723306407,0.4162037830362012,0.7253983263970468,0.7339439906464885,0.3852197666345046,TRUE,saithe,saithe,FALSE,0.9705,0.752,cod,0.179,0.573,0.179,0.752,0.0075,0.0015,0.0305,0.008,0.0215
r6f5-34,r6f5,r6f5-34,r6f5;r6f5-34,110,MP,MP,r6f5,0.9602573796629051,0.49058109937545336,0.36884007011870523,2.3446216160931423,1.9573876386297495,14.90415756856899,0.32372747695440335,0.843145314087398,0.7829600992217317,0.5092990987603981,TRUE,saithe,gadoids_unknown,TRUE,0.524,0.406,wrasse,0.3315,0.07450000000000001,0.0175,0.406,0.004,0.088,0.0085,0.1445,0.3315
r6f5-35,r6f5,r6f5-35,r6f5;r6f5-35,110,MP,MP,r6f5,1.7671000628280435,0.7519374445515108,0.9471344331347976,4.041296621363265,2.3500625958081143,17.243675037541088,0.40299622983087796,0.7287524606559225,0.7128017729819416,0.38618860899143814,TRUE,saithe,saithe,FALSE,0.9615,0.7495,cod,0.1605,0.5890000000000001,0.1605,0.7495,0.009,0.001,0.0415,0.006,0.0325
r6f5-36,r6f5,r6f5-36,r6f5;r6f5-36,110,MP,MP,r6f5,1.667220844675289,0.7351516627051353,0.9330458025343181,3.930334116454269,2.267859721000183,16.556021392525572,0.38797862492461377,0.7590211631420349,0.7612597853459765,0.4273924235894221,TRUE,saithe,saithe,FALSE,0.899,0.7465,cod,0.066,0.6805000000000001,0.066,0.7465,0.021,0.038,0.0275,0.0485,0.0525
r6f5-37,r6f5,r6f5-37,r6f5;r6f5-37,110,MP,MP,r6f5,1.8247743054404695,0.7786084391802242,1.0317897981997692,4.192505321897028,2.343635405958,17.03554435680874,0.4018486595649112,0.7376559475386923,0.7262112389128899,0.39453272674767603,TRUE,saithe,saithe,FALSE,0.8325,0.582,cod,0.187,0.39499999999999996,0.187,0.582,0.0245,0.01,0.029,0.006,0.1615
r6f5-38,r6f5,r6f5-38,r6f5;r6f5-38,110,MP,MP,r6f5,1.8627034147989878,0.7701752228036639,1.1032844223188176,4.335555882568167,2.418544974763276,17.037351774952942,0.4149557736508954,0.737577692845042,0.769049391089968,0.4048649526089901,TRUE,saithe,saithe,FALSE,0.9480000000000001,0.7085,norway_pout,0.089,0.6195,0.0775,0.7085,0.062,0.011,0.089,0.024,0.028
r6f5-39,r6f5,r6f5-39,r6f5;r6f5-39,110,MP,MP,r6f5,1.7375865834257938,0.7082868983455776,0.9202737757411176,3.978591056792613,2.4532242336890078,17.20051925248283,0.4208311234213014,0.7305808871174202,0.7477585430223819,0.38809161177165324,TRUE,saithe,saithe,FALSE,0.8075,0.5925,wrasse,0.1855,0.40700000000000003,0.159,0.5925,0.022,0.004,0.03,0.007,0.1855
r6f5-4,r6f5,r6f5-4,r6f5;r6f5-4,110,MP,MP,r6f5,2.3309867270145954,0.952625604448848,1.6862978986275037,5.389655957023896,2.446907490338991,17.226132677225046,0.4197697485048236,0.729494591143686,0.759402894306828,0.3951525749278888,TRUE,saithe,saithe,FALSE,0.967,0.814,cod,0.1045,0.7094999999999999,0.1045,0.814,0.012,0.001,0.0355,0.0095,0.0235
r6f5-41,r6f5,r6f5-41,r6f5;r6f5-41,110,MP,MP,r6f5,1.6569141782013461,0.7513563618679282,0.9107027717324662,3.8600746379745168,2.2052307830097204,16.361184651265415,0.37601997004346915,0.7680599468931033,0.7315275322050121,0.4223638583508024,TRUE,saithe,saithe,FALSE,0.7725000000000001,0.6165,wrasse,0.182,0.43450000000000005,0.0645,0.6165,0.003,0.0695,0.019,0.0455,0.182
r6f5-42,r6f5,r6f5-42,r6f5;r6f5-42,110,MP,MP,r6f5,1.39001569755812,0.6379867172605838,0.6706581301793737,3.2676561547315774,2.1787533501114758,15.92104272664128,0.37082252703568147,0.7892931907865174,0.7562577740429851,0.4419487427870857,TRUE,saithe,saithe,FALSE,0.779,0.5825,wrasse,0.152,0.4305,0.055,0.5825,0.0045,0.1115,0.0255,0.069,0.152
r6f5-44,r6f5,r6f5-44,r6f5;r6f5-44,110,MP,MP,r6f5,1.5557948277452274,0.9261101400157067,1.0907143062430702,4.070938602827576,1.6799241910026395,15.194208981337482,0.25371023303023343,0.8270500050245464,0.7570002917495302,0.5737417866792556,TRUE,wrasse,wrasse,FALSE,0.234,0.6665,saithe,0.113,0.5535,0.0065,0.113,0,0.082,0.0325,0.0995,0.6665
r6f5-45,r6f5,r6f5-45,r6f5;r6f5-45,110,MP,MP,r6f5,1.3394928072155814,0.8955941467166089,0.9120324097757836,3.6224404887547554,1.4956471211054427,14.387728938049204,0.19860464923658622,0.8734089075814223,0.7602538693511115,0.6472016539438199,TRUE,wrasse,wrasse,FALSE,0.1235,0.82,saithe,0.0645,0.7555,0.0025,0.0645,0.002,0.0445,0.01,0.0565,0.82
r6f5-46,r6f5,r6f5-46,r6f5;r6f5-46,110,MP,MP,r6f5,1.5960904272340195,0.6640083018041247,0.8096677699308042,3.704213960041274,2.403720590386307,16.94670526768936,0.41240770301506763,0.7415229341551276,0.7639691996232966,0.40467090884457824,TRUE,saithe,saithe,FALSE,0.9575,0.7315,cod,0.1755,0.556,0.1755,0.7315,0.0085,0.0045,0.0375,0.014,0.0285
r6f5-47,r6f5,r6f5-47,r6f5;r6f5-47,110,MP,MP,r6f5,1.4993782383965832,0.6805480195188063,0.739694064354712,3.510629850852508,2.203192420509497,16.661647758993798,0.37562289820794414,0.7542093552887629,0.7249067704133223,0.4189284411767597,TRUE,saithe,saithe,FALSE,0.915,0.777,cod,0.074,0.7030000000000001,0.074,0.777,0.0065,0.037,0.0205,0.0325,0.0525
r6f5-48,r6f5,r6f5-48,r6f5;r6f5-48,110,MP,MP,r6f5,2.0525503313901687,0.8897952191814139,1.3251081649970233,4.761190658700199,2.306767093307667,17.10723478075087,0.3951796592969432,0.7345646900514223,0.7255501673213609,0.4004735317244956,TRUE,saithe,saithe,FALSE,0.9585,0.8145,cod,0.1055,0.709,0.1055,0.8145,0.01,0.0055,0.023,0.014,0.0275
r6f5-5,r6f5,r6f5-5,r6f5;r6f5-5,110,MP,MP,r6f5,2.1293444455213892,0.8921571262393989,1.453430935078544,4.935406018463363,2.386737025233386,16.75912627094872,0.409461087442366,0.7498225391464756,0.7650804974474711,0.40814330776995217,TRUE,saithe,saithe,FALSE,0.9470000000000001,0.7485,cod,0.1545,0.5940000000000001,0.1545,0.7485,0.0045,0.012,0.0275,0.0175,0.0355
r6f5-50,r6f5,r6f5-50,r6f5;r6f5-50,110,MP,MP,r6f5,2.1733764976431043,0.8089079983917218,1.3492291485433097,4.923568120947751,2.686803075212795,17.966942878298497,0.45752459266228535,0.6994161833473382,0.7674527011065613,0.36368542852188696,TRUE,saithe,saithe,FALSE,0.966,0.7925,cod,0.136,0.6565,0.136,0.7925,0.0075,0.001,0.029,0.009,0.025
r6f5-51,r6f5,r6f5-51,r6f5;r6f5-51,110,MP,MP,r6f5,1.0919266552580522,0.524211843380099,0.4160709287279889,2.5915617944515246,2.082987382004475,16.14194136320347,0.35127856452670453,0.7784919007948432,0.726887291380739,0.44431457048038886,TRUE,saithe,saithe,FALSE,0.7030000000000001,0.527,wrasse,0.234,0.29300000000000004,0.0445,0.527,0.0025,0.1135,0.0155,0.063,0.234
r6f5-52,r6f5,r6f5-52,r6f5;r6f5-52,110,MP,MP,r6f5,1.8182888065771998,0.7241981255751202,1.005713126312409,4.163796786826022,2.5107615476541176,17.238716715920813,0.43032303024499197,0.7289620695926573,0.7637546314533644,0.3873098184690764,TRUE,saithe,saithe,FALSE,0.982,0.8015,cod,0.1325,0.669,0.1325,0.8015,0.0115,0.0015,0.035,0.0085,0.0095
r6f5-53,r6f5,r6f5-53,r6f5;r6f5-53,110,MP,MP,r6f5,1.8602101476253592,0.7996351014128823,1.1168579171220094,4.314164167949891,2.3263237748549774,16.664619718131558,0.3987356206516015,0.7540748500061253,0.7508342376396835,0.4109453091771458,TRUE,saithe,saithe,FALSE,0.958,0.7655,cod,0.1395,0.6259999999999999,0.1395,0.7655,0.002,0.0175,0.0335,0.0195,0.0225
r6f5-54,r6f5,r6f5-54,r6f5;r6f5-54,110,MP,MP,r6f5,1.649934895382793,0.7233415622114344,0.901457843727047,3.847159960834473,2.2809900351066976,16.41856007714699,0.39042789566565683,0.7653759254960681,0.7553273219048481,0.4216207000760407,TRUE,saithe,saithe,FALSE,0.8425,0.662,wrasse,0.118,0.544,0.0645,0.662,0.0095,0.0795,0.027,0.0395,0.118
r6f5-55,r6f5,r6f5-55,r6f5;r6f5-55,110,MP,MP,r6f5,1.3273142853248145,0.654581681756317,0.632269810609937,3.1973085743135043,2.0277290402680985,16.168385628782364,0.3394389083697844,0.7772186353589305,0.7277208693574969,0.45694615503090574,TRUE,saithe,saithe,FALSE,0.6325,0.5385,lesser_sand_eel,0.239,0.2995,0.0205,0.5385,0.002,0.0625,0.009,0.239,0.1285
r6f5-56,r6f5,r6f5-56,r6f5;r6f5-56,110,MP,MP,r6f5,1.3116642302960786,0.590641704263545,0.5817728179830635,3.0816410924967514,2.220744354534797,16.32340241657876,0.379025535763493,0.7698377025610922,0.7509424273169781,0.43054464703555584,TRUE,saithe,saithe,FALSE,0.8605,0.684,wrasse,0.0875,0.5965,0.074,0.684,0.0105,0.071,0.021,0.052,0.0875
r6f5-58,r6f5,r6f5-58,r6f5;r6f5-58,110,MP,MP,r6f5,1.5964432756144178,0.6610785854474247,0.797832316674038,3.6689389421824448,2.4149069577468296,16.872107935635935,0.4143325060546866,0.7448014594440494,0.755970837940395,0.3985793168737048,TRUE,saithe,saithe,FALSE,0.9455,0.7235,cod,0.1705,0.553,0.1705,0.7235,0.0085,0.008,0.035,0.011,0.0435
r6f5-59,r6f5,r6f5-59,r6f5;r6f5-59,110,MP,MP,r6f5,1.418040253521443,0.5768603523770015,0.6115030214901679,3.2423670150957036,2.458203701603497,17.191973696158843,0.42166506875443993,0.7309440344924936,0.747548470293091,0.387196664524821,TRUE,saithe,saithe,FALSE,0.9299999999999999,0.715,cod,0.169,0.5459999999999999,0.169,0.715,0.0095,0.001,0.0355,0.0065,0.0635
r6f5-6,r6f5,r6f5-6,r6f5;r6f5-6,110,MP,MP,r6f5,1.9266785058958857,0.8519572735369236,1.2343720893047687,4.484758397416313,2.2614731580343554,16.294161264229775,0.386780174758399,0.771219236791639,0.7520020522261913,0.423387183356451,TRUE,saithe,saithe,FALSE,0.8075,0.634,wrasse,0.1345,0.4995,0.0695,0.634,0.0015,0.081,0.0215,0.058,0.1345
r6f5-61,r6f5,r6f5-61,r6f5;r6f5-61,110,MP,MP,r6f5,1.2797778022444648,0.589900985162192,0.5798119844308376,3.0226154606927267,2.1694790048411137,15.75718417098105,0.3689814644788095,0.7975010305141839,0.7680217040822586,0.4507421379374148,TRUE,saithe,saithe,FALSE,0.74,0.5255,wrasse,0.1925,0.33299999999999996,0.0805,0.5255,0.0045,0.112,0.0175,0.0675,0.1925
r6f5-62,r6f5,r6f5-62,r6f5;r6f5-62,110,MP,MP,r6f5,1.5694979459721738,0.6761746120530182,0.798193307883035,3.667803482752886,2.321142968096399,16.85404056289774,0.39779768013228506,0.74559987959342,0.7521223080623991,0.41256909990679974,TRUE,saithe,saithe,FALSE,0.9520000000000001,0.794,cod,0.129,0.665,0.129,0.794,0.0025,0.009,0.0175,0.0235,0.0245
r6f5-63,r6f5,r6f5-63,r6f5;r6f5-63,110,MP,MP,r6f5,7.450987712852842,2.820062651038636,15.217306241339312,16.828208142356377,2.6421355249354566,18.60963989231943,0.45087161465924785,0.6752613530982707,0.7242110994934498,0.34899580354937204,TRUE,cod,gadoids_unknown,TRUE,0.9994999999999999,0.4735,saithe,0.2945,0.179,0.4735,0.2945,0.2225,0.0085,5e-4,5e-4,0
r6f5-64,r6f5,r6f5-64,r6f5;r6f5-64,110,MP,MP,r6f5,7.242474997472596,3.3287640305070636,17.392559206157475,17.243749405983017,2.1757249631087143,17.09621281444712,0.37022254029133495,0.7350382655356271,0.7214288002321569,0.4221818900556178,TRUE,poor_cod,poor_cod,FALSE,0.9430000000000001,0.678,norway_pout,0.127,0.551,0.07,0.0135,0.0545,0.678,0.127,0.0535,0.0035
r6f5-65,r6f5,r6f5-65,r6f5;r6f5-65,110,MP,MP,r6f5,5.710070544659579,2.707625338718541,10.986765295509189,13.75725400607703,2.108885030364662,17.226365786213968,0.3566825468082985,0.7294847195463522,0.7106238898624989,0.429039243476447,TRUE,poor_cod,gadoids_unknown,TRUE,0.885,0.4825,norway_pout,0.238,0.2445,0.0305,0.044,0.09,0.4825,0.238,0.112,0.003
r6f5-66,r6f5,r6f5-66,r6f5;r6f5-66,110,MP,MP,r6f5,8.00041641399718,2.990567498220258,18.040789719463913,18.329813230954407,2.6752168004094123,18.623467060268744,0.4558144162332944,0.6747599989675518,0.754031246761975,0.3588727467607026,TRUE,cod,gadoids_unknown,TRUE,0.9985,0.3825,saithe,0.382,5.000000000000004e-4,0.3825,0.382,0.2275,0.006,5e-4,0.0015,0
r6f5-67,r6f5,r6f5-67,r6f5;r6f5-67,110,MP,MP,r6f5,6.96796399980114,3.445760770688153,16.77382248351567,16.69988788844423,2.0221844937916478,16.626279177610193,0.33822703276106414,0.7558137620641963,0.6986200122916226,0.4398760989039157,TRUE,poor_cod,poor_cod,FALSE,0.98,0.8965,norway_pout,0.066,0.8305,0.008,0.004,0.0055,0.8965,0.066,0.0185,0.0015
r6f5-68,r6f5,r6f5-68,r6f5;r6f5-68,110,MP,MP,r6f5,7.333986729493344,2.825823142553112,15.158645287063687,16.77316917974525,2.5953452709241867,18.559653518144483,0.44372519207706074,0.6770800221067653,0.7314342509679479,0.35883125961676293,TRUE,cod,gadoids_unknown,TRUE,0.9994999999999999,0.3775,haddock,0.3215,0.055999999999999994,0.3775,0.294,0.3215,0.0045,0.002,0,5e-4
r6f5-69,r6f5,r6f5-69,r6f5;r6f5-69,110,MP,MP,r6f5,7.86033552405871,3.0176437263679383,17.89349699485336,18.255546161900128,2.6047924264139284,18.624920872936258,0.44518303319073116,0.6747073289647785,0.7543730693496492,0.3687424816040147,TRUE,saithe,saithe,FALSE,0.999,0.583,cod,0.327,0.25599999999999995,0.327,0.583,0.083,0.0045,0.0015,0.001,0
r6f5-7,r6f5,r6f5-7,r6f5;r6f5-7,110,MP,MP,r6f5,2.47592227635756,0.9695747700304955,1.8454053103808772,5.6733184922468,2.553616650193658,17.441449059137287,0.4371930917503417,0.7204889095941175,0.7687293325446277,0.3832903365974921,TRUE,saithe,saithe,FALSE,0.9745,0.783,cod,0.1545,0.6285000000000001,0.1545,0.783,0.008,5e-4,0.0285,0.01,0.0155
r6f5-70,r6f5,r6f5-70,r6f5;r6f5-70,110,MP,MP,r6f5,5.739343585594555,2.6454076417480263,11.043993706606061,13.632043053696467,2.1695497869667166,16.826575852418017,0.3689955563329342,0.7468168642613855,0.7273966928611845,0.4268859095210272,TRUE,poor_cod,poor_cod,FALSE,0.8350000000000001,0.6185,lesser_sand_eel,0.1605,0.4580000000000001,0.0275,0.046,0.0805,0.6185,0.0625,0.1605,0.0045
r6f5-8,r6f5,r6f5-8,r6f5;r6f5-8,110,MP,MP,r6f5,2.631969493779249,1.0181536008960408,2.1519346656430804,6.081792058298453,2.5850416788419213,17.188344623524454,0.4421264299928414,0.7310983628499327,0.8030358406517799,0.39552824100520645,TRUE,saithe,saithe,FALSE,0.9660000000000001,0.786,cod,0.1265,0.6595,0.1265,0.786,0.0175,5e-4,0.0355,0.017,0.017
r6f5-9,r6f5,r6f5-9,r6f5;r6f5-9,110,MP,MP,r6f5,3.0496511850118364,1.1918775657977976,2.692215799553888,6.899116236647431,2.558695014089401,17.679788096726632,0.43799623398979015,0.7107760876775329,0.74067562929246,0.3685697184868988,TRUE,saithe,saithe,FALSE,0.9815,0.76,cod,0.1605,0.5995,0.1605,0.76,0.0095,0.002,0.0495,0.0055,0.013
r8f4-1,r8f4,r8f4-1,r8f4;r8f4-1,110,MP,MP,r8f4,7.3473613011259324,2.6454923224519105,14.808912485053177,16.510969990383416,2.7773134092168554,18.408652917524677,0.47052315142294293,0.6826339043198666,0.7618777045448111,0.3492774054448686,TRUE,saithe,saithe,FALSE,0.9969999999999999,0.5125,cod,0.3005,0.21199999999999997,0.3005,0.5125,0.182,0.002,0,0.0025,5e-4
r8f4-2,r8f4,r8f4-2,r8f4;r8f4-2,110,MP,MP,r8f4,6.80754761036824,2.526724245786433,13.159974183801292,15.391243131767002,2.6942186594839184,18.000822937233036,0.4586135298554852,0.6980997845585604,0.7650793886930461,0.3615628334830056,TRUE,saithe,gadoids_unknown,TRUE,0.9974999999999999,0.494,cod,0.302,0.192,0.302,0.494,0.1975,0.003,0.001,0.002,5e-4
r8f4-3,r8f4,r8f4-3,r8f4;r8f4-3,110,MP,MP,r8f4,5.42651234039203,1.988701164530502,7.831395021993911,12.20593708163046,2.72867157578858,19.024056329978006,0.4636159395247842,0.6605515877577145,0.7256861051942074,0.33861614361965864,TRUE,saithe,gadoids_unknown,TRUE,0.874,0.4415,cod,0.1805,0.261,0.1805,0.4415,0.0995,0.0165,0.136,0.041,0.085
r8f4-4,r8f4,r8f4-4,r8f4;r8f4-4,110,MP,MP,r8f4,5.6709675236597645,2.1472292484571023,8.555001295242176,12.700729829932243,2.6410629082733736,18.855466252546528,0.4507098475405307,0.666457696990761,0.7025617558843431,0.33870053129303423,TRUE,saithe,gadoids_unknown,TRUE,0.8684999999999999,0.4155,cod,0.177,0.2385,0.177,0.4155,0.1705,0.0135,0.092,0.016,0.1155
r8f5-16,r8f5,r8f5-16,r8f5;r8f5-16,110,MP,MP,r8f5,2.3092686688931994,0.9498854163537627,1.709899196379504,5.34506025895037,2.431102351015742,16.708393823626135,0.4170969573647604,0.7520992590317074,0.7795156251931535,0.40825517663630845,TRUE,saithe,saithe,FALSE,0.92,0.7355,cod,0.135,0.6005,0.135,0.7355,0.0075,0.0145,0.0275,0.0305,0.0495
r8f5-25,r8f5,r8f5-25,r8f5;r8f5-25,110,MP,MP,r8f5,2.9491824047415767,1.1667295619378917,2.716281956773498,6.889960038078426,2.5277343618885433,17.47666482411353,0.43306388893484693,0.7190371126772798,0.7894107072548392,0.3976323401179183,TRUE,saithe,saithe,FALSE,0.848,0.713,lesser_sand_eel,0.12,0.593,0.0685,0.713,0.0165,0.008,0.042,0.12,0.032
r8f5-26,r8f5,r8f5-26,r8f5;r8f5-26,110,MP,MP,r8f5,2.5455080295592385,0.9788638119269308,1.8805216756782153,5.838779984238544,2.6004720968776125,18.128667244449343,0.44451728934812956,0.6931767484566059,0.7547125974315441,0.36952133618869437,TRUE,saithe,saithe,FALSE,0.9805,0.861,cod,0.08,0.781,0.08,0.861,0.0115,0,0.028,0.007,0.0125
r8f5-27,r8f5,r8f5-27,r8f5;r8f5-27,110,MP,MP,r8f5,2.7985209425533535,1.134686925426236,2.459246913084445,6.499194301745969,2.466337524337043,17.175797333367175,0.4230221419702885,0.7316324459620087,0.7744573806239717,0.39981136117511334,TRUE,saithe,saithe,FALSE,0.924,0.739,cod,0.136,0.603,0.136,0.739,0.0095,0.009,0.0305,0.053,0.023
r8f5-28,r8f5,r8f5-28,r8f5;r8f5-28,110,MP,MP,r8f5,2.5600000604702515,1.005309178501443,1.9587435792953558,5.868922868104503,2.5464803417852977,17.584872259875418,0.4360605988885306,0.7146125617888452,0.7610934118092988,0.3805465187583638,TRUE,saithe,saithe,FALSE,0.9744999999999999,0.7825,cod,0.1255,0.657,0.1255,0.7825,0.022,0.001,0.0435,0.0095,0.016
r8f5-29,r8f5,r8f5-29,r8f5;r8f5-29,110,MP,MP,r8f5,2.5975603589778355,1.0513097750142533,2.1328216736152155,6.053785201901126,2.470784939617458,17.183018966905344,0.42376147332815284,0.731324957422332,0.7810128779702448,0.4024698650353176,TRUE,saithe,saithe,FALSE,0.9665,0.8095,cod,0.103,0.7065,0.103,0.8095,0.015,0.001,0.038,0.0215,0.012
r8f5-30,r8f5,r8f5-30,r8f5;r8f5-30,110,MP,MP,r8f5,2.5946004626583763,1.0635433284663909,2.1225032733886415,6.02939051901132,2.4395813439963376,17.127676779835557,0.4185338853837761,0.7336879820825194,0.76917062482457,0.40143709845354775,TRUE,saithe,saithe,FALSE,0.9695,0.8045,cod,0.1175,0.687,0.1175,0.8045,0.0115,0.0025,0.0335,0.0135,0.017
r8f5-31,r8f5,r8f5-31,r8f5;r8f5-31,110,MP,MP,r8f5,2.7379323216042537,1.0712993985183878,2.3100299358555536,6.34277936894197,2.555711620291048,17.415726739565304,0.4375246888451846,0.7215530423895953,0.7875607034435563,0.3923578167201757,TRUE,saithe,saithe,FALSE,0.9735,0.793,cod,0.106,0.687,0.106,0.793,0.021,0.002,0.0515,0.015,0.0115
r8f5-32,r8f5,r8f5-32,r8f5;r8f5-32,110,MP,MP,r8f5,2.866822927996418,1.1532815348675935,2.557601240399801,6.629107307801369,2.485796261643566,17.182140438544703,0.4262430016328629,0.731362350302354,0.7735646691734281,0.3962243979522125,TRUE,saithe,saithe,FALSE,0.9644999999999999,0.7705,cod,0.1485,0.622,0.1485,0.7705,0.005,5e-4,0.04,0.018,0.0175
r8f5-33,r8f5,r8f5-33,r8f5;r8f5-33,110,MP,MP,r8f5,2.3018511856858854,0.9815543313123881,1.7338775083022107,5.417274801459695,2.3451082759812114,16.92557065537244,0.40211202897061815,0.742448858607341,0.7674088902097849,0.416652551186618,TRUE,saithe,saithe,FALSE,0.8865000000000001,0.7135,cod,0.135,0.5785,0.135,0.7135,0.004,0.014,0.02,0.0665,0.047
r8f5-34,r8f5,r8f5-34,r8f5;r8f5-34,110,MP,MP,r8f5,1.5714370444687875,0.9333086325718021,1.0249241246464909,3.986134783027202,1.6837271076541687,15.502874921536,0.25476774658054213,0.8105832420090322,0.6988266297580266,0.5284548166249956,TRUE,wrasse,wrasse,FALSE,0.0435,0.9355,saithe,0.023,0.9125,0.002,0.023,0.0025,0.0145,0.0015,0.021,0.9355
r8f5-35,r8f5,r8f5-35,r8f5;r8f5-35,110,MP,MP,r8f5,1.6482570994052335,0.8936568939854541,1.0209667016476456,4.099860382311275,1.8443958867194303,16.46366637356465,0.2968629966953405,0.7632789883629275,0.6931317821093635,0.4784888109158137,TRUE,wrasse,wrasse,FALSE,0.216,0.7505,saithe,0.1105,0.6399999999999999,0.008,0.1105,0.0075,0.076,0.014,0.0335,0.7505
r8f5-36,r8f5,r8f5-36,r8f5;r8f5-36,110,MP,MP,r8f5,2.7400773345741443,1.2177824232870715,2.6010271882861726,6.5150193940057175,2.250054921287214,16.318736649668825,0.3846257837366386,0.7700578104870757,0.7794932703644664,0.4410921917031236,TRUE,saithe,saithe,FALSE,0.8310000000000001,0.681,lesser_sand_eel,0.085,0.5960000000000001,0.0635,0.681,0.004,0.0615,0.021,0.085,0.084
r8f5-37,r8f5,r8f5-37,r8f5;r8f5-37,110,MP,MP,r8f5,2.41059259041737,0.9081751315748089,1.7284342925176457,5.513231504074723,2.6543256984336425,17.585696921835236,0.452703408221861,0.7145790508169267,0.7895133017326621,0.37871748649898423,TRUE,saithe,saithe,FALSE,0.9704999999999999,0.7755,cod,0.1495,0.626,0.1495,0.7755,0.01,5e-4,0.035,0.009,0.0205
r8f5-38,r8f5,r8f5-38,r8f5;r8f5-38,110,MP,MP,r8f5,2.5487983627337782,1.0247581819292366,1.9632046382912831,5.869392965571253,2.487219333965545,17.54772432398153,0.42647714168134376,0.7161253722903197,0.7516379466402807,0.38477312552090387,TRUE,saithe,saithe,FALSE,0.9704999999999999,0.7805,cod,0.118,0.6625,0.118,0.7805,0.0235,0.0015,0.047,0.0105,0.019
r8f5-39,r8f5,r8f5-39,r8f5;r8f5-39,110,MP,MP,r8f5,3.096963595960665,1.3399913411929911,3.3429564063325428,7.592012267351102,2.3111817970431403,17.24181929456964,0.39598604891281275,0.7288308965352042,0.8055502204476032,0.44378092509045125,TRUE,saithe,gadoids_unknown,TRUE,0.5335,0.435,lesser_sand_eel,0.3205,0.11449999999999999,0.0385,0.435,0.0035,0.0325,0.024,0.3205,0.146
r8f5-40,r8f5,r8f5-40,r8f5;r8f5-40,110,MP,MP,r8f5,2.5440219997743396,0.9943328020602611,1.9515171678884147,5.864289498415882,2.5585216483888664,17.62213107171454,0.4379688540308565,0.7131016426571462,0.7714712516241516,0.38392002890135696,TRUE,saithe,saithe,FALSE,0.9695,0.798,cod,0.1235,0.6745000000000001,0.1235,0.798,0.009,0.001,0.038,0.015,0.0155
r8f5-41,r8f5,r8f5-41,r8f5;r8f5-41,110,MP,MP,r8f5,2.0233377348576296,1.191170422416335,1.7618404896557147,5.392234573571201,1.6986131428223434,16.503306551944686,0.25887858164497757,0.761445627565974,0.7310116601675064,0.5479487529698915,TRUE,wrasse,wrasse,FALSE,0.067,0.898,lesser_sand_eel,0.035,0.863,0.0015,0.0305,0.003,0.0265,0.0055,0.035,0.898
r8f5-42,r8f5,r8f5-42,r8f5;r8f5-42,110,MP,MP,r8f5,2.070569052679377,0.9110201515287031,1.451297016199486,4.858789231733366,2.272802691800985,16.26671352238426,0.38890297144695163,0.7725205584438966,0.7693759387527789,0.4310096400015853,TRUE,saithe,saithe,FALSE,0.8,0.62,wrasse,0.1385,0.4815,0.061,0.62,0.003,0.09,0.026,0.0615,0.1385
r8f5-43,r8f5,r8f5-43,r8f5;r8f5-43,110,MP,MP,r8f5,2.473111460360356,1.1177879619882478,2.1714276746733145,5.930799417189109,2.2125050049397097,16.198735116619794,0.37743287654814567,0.7757624607038708,0.7854928757466344,0.45203088321854973,TRUE,saithe,gadoids_unknown,TRUE,0.648,0.476,wrasse,0.195,0.28099999999999997,0.049,0.476,0.0015,0.1025,0.019,0.157,0.195
r8f5-44,r8f5,r8f5-44,r8f5;r8f5-44,110,MP,MP,r8f5,2.6838806035157425,1.1390247315388784,2.3072798689260297,6.2852843160071945,2.3562970400912087,17.12180627287072,0.40410518612927976,0.7339395396775645,0.7547514068259972,0.4078345477097226,TRUE,saithe,saithe,FALSE,0.9395,0.743,cod,0.1295,0.6134999999999999,0.1295,0.743,0.0175,0.006,0.0435,0.0275,0.033
r8f5-45,r8f5,r8f5-45,r8f5;r8f5-45,110,MP,MP,r8f5,2.0353800707994973,0.9073662520550065,1.4760230309375566,4.8720429983876645,2.2431736536263727,16.081593905117362,0.3833201013569875,0.7814132534686377,0.7992175164561732,0.4536409141360743,TRUE,saithe,gadoids_unknown,TRUE,0.648,0.498,wrasse,0.1955,0.3025,0.033,0.498,0.007,0.0975,0.0125,0.1565,0.1955
r8f5-46,r8f5,r8f5-46,r8f5;r8f5-46,110,MP,MP,r8f5,2.284071911946911,0.9235988298409996,1.563481935679837,5.272527247651155,2.473012998879742,17.780533911404607,0.42413115048946787,0.7067487780161079,0.741139091218679,0.38157809907031187,TRUE,saithe,saithe,FALSE,0.9700000000000001,0.6215,haddock,0.1535,0.4680000000000001,0.045,0.6215,0.1535,0.004,0.146,0.007,0.023
r8f5-47,r8f5,r8f5-47,r8f5;r8f5-47,110,MP,MP,r8f5,1.5753667470448012,0.9984705194676472,1.1339147546235542,4.2108644938671835,1.5777799307331946,15.637312869782642,0.2241385790325621,0.8036144521123113,0.7208808450087222,0.5817376562019507,TRUE,wrasse,wrasse,FALSE,0.054,0.9165,lesser_sand_eel,0.0295,0.887,0.002,0.024,0.002,0.022,0.004,0.0295,0.9165
r8f5-48,r8f5,r8f5-48,r8f5;r8f5-48,110,MP,MP,r8f5,2.4428976424167588,0.9983964913124654,1.8038126955784153,5.626888158093346,2.4468211413737952,17.552748365338644,0.4197552127109031,0.7159203990626303,0.7395765336298383,0.38484958015646403,TRUE,saithe,saithe,FALSE,0.9125,0.6905,cod,0.171,0.5195,0.171,0.6905,0.0095,0.0025,0.039,0.0195,0.068
r8f5-49,r8f5,r8f5-49,r8f5;r8f5-49,110,MP,MP,r8f5,2.0059467228046826,1.14368939021917,1.613280828442474,5.2603957606726865,1.7539261445979442,17.15247777760962,0.27376411167628195,0.7326271327844524,0.70320586856368406,0.5104830227331849,TRUE,wrasse,wrasse,FALSE,0.1025,0.86,saithe,0.0555,0.8045,0.0045,0.0555,0.005,0.031,0.0065,0.0375,0.86
r8f5-50,r8f5,r8f5-50,r8f5;r8f5-50,110,MP,MP,r8f5,2.203684909880546,0.9653918927648228,1.595389038645706,5.137076830080111,2.2826842926651563,16.54114308103025,0.39074250774928054,0.75970388218034135,0.7499174488126937,0.41829023583476804,TRUE,saithe,saithe,FALSE,0.8939999999999999,0.7555,cod,0.084,0.6715,0.084,0.7555,0.0045,0.029,0.021,0.0405,0.0655
r8f5-52,r8f5,r8f5-52,r8f5;r8f5-52,110,MP,MP,r8f5,1.7254780715011158,0.7129195136736205,0.9297899282335602,3.9748600747273475,2.4202985588230814,16.992561581816474,0.4152557253106593,0.7395218521853872,0.7558487356300158,0.39762718385874857,TRUE,saithe,saithe,FALSE,0.9375,0.671,cod,0.1835,0.48750000000000004,0.1835,0.671,0.0355,0.008,0.0395,0.0105,0.052
r8f5-53,r8f5,r8f5-53,r8f5;r8f5-53,110,MP,MP,r8f5,2.399829606865505,0.9637237924287536,1.7650173463299899,5.558695660554741,2.4901632871566983,17.506398739320478,0.4269609082876684,0.717815857017715,0.7631606864769744,0.39020989909428855,TRUE,saithe,saithe,FALSE,0.9610000000000001,0.812,cod,0.116,0.6960000000000001,0.116,0.812,0.006,0.0015,0.0255,0.0155,0.0235
r8f5-54,r8f5,r8f5-54,r8f5;r8f5-54,110,MP,MP,r8f5,2.059218674392484,0.9169440732506121,1.420036167000299,4.85224924491196,2.245740753950731,16.580086677992142,0.38380784184146854,0.7579194764427473,0.7520627697037392,0.4263876214675767,TRUE,saithe,saithe,FALSE,0.747,0.5865,wrasse,0.1835,0.403,0.0295,0.5865,0.009,0.1035,0.0185,0.0695,0.1835
r8f5-55,r8f5,r8f5-55,r8f5;r8f5-55,110,MP,MP,r8f5,2.1311097050495444,0.917911437497475,1.503190400039772,5.006796670872885,2.321694248477437,16.676538715787796,0.3978976238054605,0.7535359002562386,0.7684354738701579,0.42141743407876525,TRUE,saithe,saithe,FALSE,0.8135,0.6885,lesser_sand_eel,0.105,0.5835,0.067,0.6885,0.008,0.036,0.014,0.105,0.0815
r8f5-56,r8f5,r8f5-56,r8f5;r8f5-56,110,MP,MP,r8f5,2.559321288686438,1.0229842557915112,2.0386223575629416,5.9488736580288455,2.501818844422215,17.359319968164765,0.42886822852482787,0.7238976317853824,0.7786513194214868,0.39627555514580415,TRUE,saithe,saithe,FALSE,0.96,0.7925,cod,0.1145,0.6779999999999999,0.1145,0.7925,0.014,0.002,0.037,0.024,0.016
r8f5-57,r8f5,r8f5-57,r8f5;r8f5-57,110,MP,MP,r8f5,2.433888860100354,0.9177722575452859,1.716828619310345,5.541405242481301,2.6519529655539387,17.885985657516823,0.4523478207785093,0.702581946278034,0.7685838874352864,0.36900782617178796,TRUE,saithe,saithe,FALSE,0.9650000000000001,0.804,cod,0.117,0.687,0.117,0.804,0.01,0.0025,0.0315,0.0055,0.0295
r8f5-58,r8f5,r8f5-58,r8f5;r8f5-58,110,MP,MP,r8f5,2.608264527483026,1.0736993851594667,2.1779561593059102,6.086485484103512,2.4292316485732592,17.009206264284344,0.4167789741378057,0.7387981790041451,0.7777048262044902,0.40762046692274606,TRUE,saithe,saithe,FALSE,0.9385,0.7615,cod,0.118,0.6435,0.118,0.7615,0.012,0.009,0.038,0.021,0.0405
r8f5-59,r8f5,r8f5-59,r8f5;r8f5-59,110,MP,MP,r8f5,1.5723733766140289,0.8589263827935228,0.9201639324148179,3.8613815539157814,1.8306264752284498,16.20392516993307,0.2934426292191777,0.775513987047811,0.681323834190834,0.4738751789078634,TRUE,wrasse,wrasse,FALSE,0.243,0.721,saithe,0.107,0.614,0.0065,0.107,0.0055,0.101,0.023,0.036,0.721
r8f5-60,r8f5,r8f5-60,r8f5;r8f5-60,110,MP,MP,r8f5,2.5056099154842015,0.9909993213450801,1.9440341120468747,5.82061933226212,2.5283669337768524,17.427476812858835,0.4331655302474026,0.7210665519340754,0.7829194190079761,0.3942639619689049,TRUE,saithe,saithe,FALSE,0.9169999999999999,0.7675,cod,0.103,0.6645,0.103,0.7675,0.0115,5e-4,0.0345,0.065,0.018
r8f5-61,r8f5,r8f5-61,r8f5;r8f5-61,110,MP,MP,r8f5,1.9973071950984314,0.8227616982942989,1.1998809598789195,4.57638900989843,2.4275646268404705,17.454511797597437,0.4164953202228603,0.7199497046997841,0.7301620038408866,0.3829645262887491,TRUE,saithe,saithe,FALSE,0.956,0.733,cod,0.1755,0.5575,0.1755,0.733,0.0115,0.003,0.033,0.0035,0.0405
r8f5-62,r8f5,r8f5-62,r8f5;r8f5-62,110,MP,MP,r8f5,1.4126254741888695,0.6733955898551864,0.7367151001625908,3.3755571708424754,2.0977646653323854,15.46647572597786,0.3543731638551042,0.812490889133353,0.7744658457859496,0.4700625180685809,TRUE,saithe,gadoids_unknown,TRUE,0.6495,0.47,wrasse,0.263,0.20699999999999996,0.037,0.47,0.004,0.126,0.0125,0.0875,0.263
r8f5-63,r8f5,r8f5-63,r8f5;r8f5-63,110,MP,MP,r8f5,2.0732922703731775,0.8302506488407821,1.3612663138344867,4.8752151885322315,2.4971883771099286,17.460009766601203,0.4281120190463411,0.7197230002927636,0.7908121720515335,0.40321080265447495,TRUE,saithe,saithe,FALSE,0.9245,0.7655,cod,0.111,0.6545,0.111,0.7655,0.0145,0.0035,0.03,0.048,0.0275
r8f5-64,r8f5,r8f5-64,r8f5;r8f5-64,110,MP,MP,r8f5,1.841909200066456,0.7975018367824589,1.1331901415881367,4.309544402120761,2.309598693211397,16.38928214449692,0.3956971266327932,0.766743198607916,0.7714412874076766,0.42528148134822086,TRUE,saithe,saithe,FALSE,0.8530000000000001,0.685,wrasse,0.093,0.5920000000000001,0.087,0.685,0.0045,0.0625,0.014,0.054,0.093
r8f5-65,r8f5,r8f5-65,r8f5;r8f5-65,110,MP,MP,r8f5,1.8398291199099535,0.8140971389606783,1.121961788324693,4.300464388519644,2.259962640648488,16.48362194628817,0.38649603677600736,0.7623549396671829,0.7490733548895971,0.42202016980209756,TRUE,saithe,saithe,FALSE,0.8470000000000001,0.686,wrasse,0.1025,0.5835,0.0575,0.686,0.003,0.076,0.0245,0.0505,0.1025
r8f5-66,r8f5,r8f5-66,r8f5;r8f5-66,110,MP,MP,r8f5,1.8706213042503093,0.8245715128269394,1.177344341333427,4.437408723506471,2.2685980235202643,16.724585567846965,0.38811686673970097,0.7513711214774752,0.7632895170375013,0.42839250810326257,TRUE,saithe,saithe,FALSE,0.657,0.511,wrasse,0.181,0.33,0.0185,0.511,0.0415,0.0505,0.0355,0.162,0.181
r8f5-67,r8f5,r8f5-67,r8f5;r8f5-67,110,MP,MP,r8f5,2.3565952146821103,0.8817963437488867,1.6267610121218006,5.368962602866788,2.6724937468704324,17.719726017643115,0.4554109175259105,0.7091740922995724,0.7828354248143051,0.37296140395476374,TRUE,saithe,saithe,FALSE,0.962,0.774,cod,0.1475,0.6265000000000001,0.1475,0.774,0.006,0.001,0.0335,0.015,0.023
r8f5-68,r8f5,r8f5-68,r8f5;r8f5-68,110,MP,MP,r8f5,1.1879335857955415,0.6382360674563828,0.6066315250424843,3.0113703710145425,1.8612761740807213,14.948698076297925,0.3010111997865549,0.840633114015723,0.8001132668378584,0.5473319144099339,TRUE,wrasse,wrasse,FALSE,0.3355,0.362,lesser_sand_eel,0.3025,0.0595,0.002,0.2515,0.0055,0.059,0.0175,0.3025,0.362
r8f5-69,r8f5,r8f5-69,r8f5;r8f5-69,110,MP,MP,r8f5,2.261226674689937,0.8287997075201696,1.4452258905449762,5.121745370829244,2.728315000804833,18.1509865102949,0.4635646399061616,0.6923243872850526,0.771155648480586,0.3598799502629745,TRUE,saithe,saithe,FALSE,0.9734999999999999,0.815,cod,0.1005,0.7144999999999999,0.1005,0.815,0.0215,0.002,0.0345,0.0115,0.015
r8f5-70,r8f5,r8f5-70,r8f5;r8f5-70,110,MP,MP,r8f5,2.36120026362493,0.9923430564234443,1.8132826797570583,5.518463848094311,2.3794193432814006,16.794647399821844,0.40818235417389515,0.7482366444021011,0.7738750676633549,0.41410453420738363,TRUE,saithe,saithe,FALSE,0.934,0.758,cod,0.133,0.625,0.133,0.758,0.0055,0.0105,0.027,0.039,0.027
r8f5-71,r8f5,r8f5-71,r8f5;r8f5-71,110,MP,MP,r8f5,2.2394713060576517,0.8885561497357649,1.5681649164212483,5.20205681657747,2.5203486653303973,17.25672780937968,0.4318744561592189,0.7282012414618302,0.7880637558503446,0.39811711431983093,TRUE,saithe,saithe,FALSE,0.932,0.769,cod,0.117,0.652,0.117,0.769,0.015,0.0075,0.0235,0.029,0.039
r8f5-72,r8f5,r8f5-72,r8f5;r8f5-72,110,MP,MP,r8f5,2.0425583468946114,0.872291233863388,1.3195377933180206,4.77167426582137,2.341601368442162,17.255189972125645,0.40148456399142846,0.7282661410659124,0.740603660420456,0.4027012796162994,TRUE,saithe,saithe,FALSE,0.948,0.706,cod,0.1375,0.5685,0.1375,0.706,0.038,0.004,0.0625,0.0065,0.0455
r8f5-73,r8f5,r8f5-73,r8f5;r8f5-73,110,MP,MP,r8f5,1.5659807491117652,0.943161303570388,1.0444141865000964,4.096101546551169,1.6603530522124483,16.064553791521416,0.2482200817907511,0.782242119976683,0.707131802119286,0.5422630883223214,TRUE,wrasse,wrasse,FALSE,0.0545,0.915,lesser_sand_eel,0.0305,0.8845000000000001,0.001,0.025,0.002,0.0215,0.005,0.0305,0.915
r8f5-75,r8f5,r8f5-75,r8f5;r8f5-75,110,MP,MP,r8f5,1.5995631873616163,0.7874961660094739,0.9619776619021903,3.8576001504989468,2.031201238054501,15.46925621090206,0.3401955716791509,0.8123448498773289,0.7636865443402101,0.4787097850370691,TRUE,saithe,gadoids_unknown,TRUE,0.5345,0.4125,wrasse,0.238,0.1745,0.0265,0.4125,0.002,0.086,0.0075,0.2275,0.238
r8f5-76,r8f5,r8f5-76,r8f5;r8f5-76,110,MP,MP,r8f5,1.7720943583746032,0.7818238904067636,0.9982038580454329,4.109841424315864,2.2666157687412523,16.92118939120937,0.38774556250590997,0.7426410947736011,0.7204825454224876,0.4047209415792607,TRUE,saithe,saithe,FALSE,0.7745,0.588,wrasse,0.21,0.378,0.1145,0.588,0.019,0.0155,0.0375,0.0155,0.21
r8f5-77,r8f5,r8f5-77,r8f5;r8f5-77,110,MP,MP,r8f5,1.8519690149890928,0.8054982136214319,1.1337564651001282,4.356187489957838,2.2991596798990313,16.737606383562504,0.39378502587022135,0.7507866015238728,0.7600138010517001,0.4208840449420214,TRUE,saithe,saithe,FALSE,0.8975,0.7705,lesser_sand_eel,0.056,0.7144999999999999,0.055,0.7705,0.01,0.033,0.029,0.056,0.0465
r8f5-78,r8f5,r8f5-78,r8f5;r8f5-78,110,MP,MP,r8f5,1.6691745883368763,0.6899489081623317,0.8787855480131035,3.8440566184959435,2.4192727440973814,16.814991233768144,0.41508029640146205,0.7473313806505697,0.7630697020626177,0.40159610875866403,TRUE,saithe,saithe,FALSE,0.969,0.7735,cod,0.15,0.6234999999999999,0.15,0.7735,0.0035,0.0085,0.0335,0.0155,0.0155
r8f5-80,r8f5,r8f5-80,r8f5;r8f5-80,110,MP,MP,r8f5,2.2463157455208673,1.2206560289704564,2.087397654486637,5.704431500781032,1.8402528576502324,15.589046331043125,0.2958373425756823,0.8061025894403321,0.7612741610291327,0.5267125994006215,TRUE,wrasse,wrasse,FALSE,0.3685,0.3305,lesser_sand_eel,0.301,0.029500000000000026,5e-4,0.2015,0.001,0.0935,0.072,0.301,0.3305
r8f5-81,r8f5,r8f5-81,r8f5;r8f5-81,110,MP,MP,r8f5,2.054737381067019,0.872638938459546,1.3863704861076531,4.825171208108053,2.354624909007854,16.793690734806248,0.4038081591090584,0.7482792682560468,0.7731938560264402,0.4180967378171256,TRUE,saithe,saithe,FALSE,0.812,0.676,wrasse,0.112,0.5640000000000001,0.051,0.676,0.0165,0.044,0.0245,0.076,0.112
r8f5-82,r8f5,r8f5-82,r8f5;r8f5-82,110,MP,MP,r8f5,2.074814663180527,0.8727030343090952,1.4424804352811007,4.877207974156738,2.377457831143126,16.490454249067575,0.4078386467010056,0.7620390817960467,0.7966437199083747,0.42663986463413417,TRUE,saithe,saithe,FALSE,0.876,0.738,cod,0.0885,0.6495,0.0885,0.738,0.004,0.0315,0.014,0.067,0.057
r8f5-83,r8f5,r8f5-83,r8f5;r8f5-83,110,MP,MP,r8f5,2.0349055212061766,0.7719004709428139,1.2282953205773084,4.684072476175327,2.636227852951954,17.86258939075909,0.44997946199208483,0.7035021821002151,0.7819828730935285,0.3776803724357148,TRUE,saithe,saithe,FALSE,0.9615,0.8055,cod,0.1245,0.681,0.1245,0.8055,0.007,5e-4,0.024,0.0215,0.017
r8f5-84,r8f5,r8f5-84,r8f5;r8f5-84,110,MP,MP,r8f5,1.5896559960722998,0.7060411278346759,0.8361533464453773,3.7266645361679562,2.251506227332026,16.60942771343579,0.3849004553065028,0.756580589720976,0.7449940079565205,0.42129833797750466,TRUE,saithe,saithe,FALSE,0.8945,0.7075,cod,0.0735,0.634,0.0735,0.7075,0.0265,0.0445,0.0425,0.033,0.0725
r8f5-85,r8f5,r8f5-85,r8f5;r8f5-85,110,MP,MP,r8f5,2.0875717364316095,0.9086609530945432,1.4728930978546024,4.926682864164893,2.2974154763910106,16.479270681226343,0.3934643619162664,0.7625562354937918,0.776475849805012,0.4303269337493224,TRUE,saithe,saithe,FALSE,0.7705000000000001,0.559,wrasse,0.148,0.41100000000000003,0.031,0.559,0.0405,0.0855,0.0545,0.0815,0.148
r8f5-86,r8f5,r8f5-86,r8f5;r8f5-86,110,MP,MP,r8f5,1.4070624567425822,0.6714924298006995,0.7065490453685774,3.3691503010521036,2.0954256433839498,16.065655775046785,0.3538853035366146,0.7821884640325288,0.7478040582171066,0.454386774181991,TRUE,saithe,saithe,FALSE,0.7345,0.545,wrasse,0.192,0.35300000000000004,0.034,0.545,0.004,0.135,0.0165,0.0735,0.192
r8f5-87,r8f5,r8f5-87,r8f5;r8f5-87,110,MP,MP,r8f5,1.8988885567307947,0.8194745411236076,1.1079762990489588,4.382597104951387,2.3172026236802528,17.335350404891248,0.39708235314817436,0.7248985639663513,0.7120254670446482,0.3912385443703291,TRUE,saithe,saithe,FALSE,0.896,0.656,cod,0.0995,0.5565,0.0995,0.656,0.077,0.006,0.0575,0.005,0.099
r8f5-88,r8f5,r8f5-88,r8f5;r8f5-88,110,MP,MP,r8f5,1.3259540469596613,0.7818760915572842,0.7337104448850038,3.374917731378365,1.6958621209643616,15.523930145709299,0.25812229622316085,0.8094838418113101,0.7077148281342269,0.531346560806215,TRUE,wrasse,wrasse,FALSE,0.07500000000000001,0.904,saithe,0.0495,0.8545,0.004,0.0495,0.0025,0.0175,0.0015,0.021,0.904
r8f5-89,r8f5,r8f5-89,r8f5;r8f5-89,110,MP,MP,r8f5,1.6690722818452017,0.7522232310974826,0.9582470195750796,3.9278928516952796,2.2188523470752823,16.100589867986592,0.3786605335229985,0.7804913184792913,0.7632302773897222,0.4379628830159427,TRUE,saithe,saithe,FALSE,0.784,0.611,wrasse,0.147,0.46399999999999997,0.046,0.611,0.0025,0.1075,0.017,0.069,0.147
r8f5-90,r8f5,r8f5-90,r8f5;r8f5-90,110,MP,MP,r8f5,1.3369424635588292,0.6350414604303886,0.6497256850664971,3.191105278321507,2.1052837442341783,15.673003440350637,0.3559364732084289,0.8017844609161929,0.7652709681455996,0.4628227723456726,TRUE,saithe,gadoids_unknown,TRUE,0.6829999999999999,0.495,wrasse,0.2355,0.2595,0.044,0.495,0.0015,0.126,0.0165,0.0815,0.2355
r8f5-91,r8f5,r8f5-91,r8f5;r8f5-91,110,MP,MP,r8f5,1.4065063308130303,0.6643285460126714,0.7244467407711627,3.3958992561441996,2.117184846646952,15.918536324153996,0.35839544384051175,0.789417466434498,0.7753215534441131,0.46626541054927356,TRUE,saithe,saithe,FALSE,0.7255,0.552,wrasse,0.186,0.36600000000000005,0.0475,0.552,0.002,0.114,0.01,0.0885,0.186
r8f5-93,r8f5,r8f5-93,r8f5;r8f5-93,110,MP,MP,r8f5,5.878385467405213,2.7303916420823646,11.38439488883702,14.133932787283467,2.1529458912795363,17.547533969620936,0.36567259034427796,0.716133140765798,0.7092950757994568,0.41947293847550543,TRUE,poor_cod,gadoids_unknown,TRUE,0.8845,0.489,norway_pout,0.206,0.28300000000000003,0.054,0.03,0.1055,0.489,0.206,0.1085,0.007
r8f5-94,r8f5,r8f5-94,r8f5;r8f5-94,110,MP,MP,r8f5,6.904810601415974,2.7662940467282495,14.318407305319738,15.79235688373759,2.4960508480949195,17.418036142237316,0.4279259407540233,0.7214573739393472,0.7496259285573947,0.3823853895951542,TRUE,cod,cod,FALSE,0.9974999999999999,0.569,haddock,0.2695,0.29949999999999993,0.569,0.15,0.2695,0.007,0.002,0.002,5e-4
r8f5-95,r8f5,r8f5-95,r8f5;r8f5-95,110,MP,MP,r8f5,5.646258628669426,2.696000026920284,10.765707756478289,13.432073761987972,2.0943095594547545,16.758824373522234,0.35365225696668234,0.7498360466270627,0.7072320391161064,0.42996308518056303,TRUE,poor_cod,poor_cod,FALSE,0.8,0.6145,lesser_sand_eel,0.195,0.41950000000000004,0.012,0.0285,0.019,0.6145,0.126,0.195,0.005
r8f5-97,r8f5,r8f5-97,r8f5;r8f5-97,110,MP,MP,r8f5,1.450185976702498,0.6522332422018766,0.722386048370837,3.403461932774153,2.2234162303761305,16.03512852160782,0.3795402588245247,0.7836775737360389,0.7637350444929755,0.4373529558089192,TRUE,saithe,saithe,FALSE,0.788,0.605,wrasse,0.146,0.45899999999999996,0.0575,0.605,0.0025,0.1005,0.0225,0.066,0.146
r8f5-98,r8f5,r8f5-98,r8f5;r8f5-98,110,MP,MP,r8f5,2.493886449045107,1.0170733396160183,2.0172708600152536,5.880531473498721,2.45202224058556,17.14229412432377,0.42062945699308596,0.7330623616198682,0.7953078502956558,0.4129723574582756,TRUE,saithe,saithe,FALSE,0.9390000000000001,0.787,cod,0.0785,0.7085,0.0785,0.787,0.0225,0.0035,0.0475,0.0305,0.0305
r8f5-99,r8f5,r8f5-99,r8f5;r8f5-99,110,MP,MP,r8f5,6.811644965094249,2.6430214708688853,13.316909897878137,15.40593744925108,2.5772189292336476,17.822671363726368,0.44090645846256254,0.70507783922532,0.7396917355807429,0.36543452245061653,TRUE,cod,cod,FALSE,0.999,0.715,saithe,0.1675,0.5475,0.715,0.1675,0.1115,0.0035,0.0015,5e-4,5e-4
r9f5-1,r9f5,r9f5-1,r9f5;r9f5-1,110,MP,MP,r9f5,3.631614214551971,1.6908241731870828,4.877426957198966,8.803825128225354,2.1478367012618693,15.891029751654854,0.36464302636846996,0.7907839083273092,0.7943147345195816,0.4708704951181654,TRUE,lesser_sand_eel,lesser_sand_eel,FALSE,0.587,0.2905,norway_pout,0.2155,0.07499999999999998,0.022,0.175,0.037,0.1375,0.2155,0.2905,0.1225
r9f5-10,r9f5,r9f5-10,r9f5;r9f5-10,110,MP,MP,r9f5,1.3525152148326294,0.5789107111004796,0.6107072568668881,3.1625915153173296,2.336310572422416,16.3777079448349,0.40053542480973303,0.7672850594653738,0.7799725817778175,0.42506845907006496,TRUE,saithe,saithe,FALSE,0.8975,0.7565,cod,0.0865,0.6699999999999999,0.0865,0.7565,0.0055,0.0305,0.0185,0.0515,0.051
r9f5-11,r9f5,r9f5-11,r9f5;r9f5-11,110,MP,MP,r9f5,1.7347634523179056,0.7348785689806835,0.9472367684478279,3.99467942149198,2.3606123862396977,16.846330518440393,0.40487037178427254,0.7459411175985016,0.7430237592955427,0.40076347922576894,TRUE,saithe,saithe,FALSE,0.8065,0.6045,wrasse,0.1785,0.42600000000000005,0.139,0.6045,0.02,0.015,0.028,0.015,0.1785
r9f5-12,r9f5,r9f5-12,r9f5;r9f5-12,110,MP,MP,r9f5,1.3121167848616675,0.5974383491745833,0.5926441182710227,3.0757648608664856,2.196237966100568,15.962918027332417,0.37426436291287357,0.7872226489444145,0.7560114816299961,0.43828753056036296,TRUE,saithe,saithe,FALSE,0.7939999999999999,0.575,wrasse,0.1425,0.4325,0.095,0.575,0.0025,0.1005,0.021,0.0635,0.1425
r9f5-13,r9f5,r9f5-13,r9f5;r9f5-13,110,MP,MP,r9f5,1.4202260018558572,0.5956853118836399,0.6234494675335888,3.2576649832138793,2.3841883852480845,17.0220389871231,0.4090163512415146,0.7382412074056129,0.7369311376101537,0.3935468656577171,TRUE,saithe,saithe,FALSE,0.9630000000000001,0.687,cod,0.2265,0.4605,0.2265,0.687,0.0035,0.004,0.042,0.0105,0.0265
r9f5-14,r9f5,r9f5-14,r9f5;r9f5-14,110,MP,MP,r9f5,1.0200029460865752,0.4658006241237507,0.3729421763527601,2.4154025896819484,2.189784412602221,15.643630675667566,0.37299837816675413,0.8032899059618667,0.7849464119871522,0.4564032908848588,TRUE,saithe,saithe,FALSE,0.701,0.5065,wrasse,0.207,0.2995,0.062,0.5065,0.007,0.1125,0.013,0.092,0.207
r9f5-15,r9f5,r9f5-15,r9f5;r9f5-15,110,MP,MP,r9f5,2.9490076610480203,1.3692169152602331,3.2315444952950774,7.136829138250475,2.1537914323002156,15.761605703631236,0.3658426554411363,0.7972773111221829,0.80031689217532,0.4731168952366451,TRUE,lesser_sand_eel,lesser_sand_eel,FALSE,0.4775,0.301,saithe,0.286,0.015000000000000013,0.016,0.286,0.0285,0.094,0.053,0.301,0.2215
r9f5-16,r9f5,r9f5-16,r9f5;r9f5-16,110,MP,MP,r9f5,7.039739056026692,2.577252685006437,13.910474289881808,15.931481418313627,2.731489658341013,18.246114035571747,0.46402102561656783,0.6887149006007734,0.7667051418395741,0.3573871505465732,TRUE,cod,gadoids_unknown,TRUE,0.9964999999999999,0.3695,saithe,0.358,0.01150000000000001,0.3695,0.358,0.263,0.0055,5e-4,0.0035,0
r9f5-17,r9f5,r9f5-17,r9f5;r9f5-17,110,MP,MP,r9f5,6.28883842991116,2.674639574059886,12.534445210229297,14.670402281221662,2.3512844462871736,17.170341365985085,0.40321389244778566,0.7318649260668455,0.7451941089942337,0.4035286371129512,TRUE,haddock,gadoids_unknown,TRUE,0.9914999999999999,0.494,cod,0.2475,0.2465,0.2475,0.188,0.494,0.0515,0.0105,0.007,0.0015
r9f5-18,r9f5,r9f5-18,r9f5;r9f5-18,110,MP,MP,r9f5,6.457992352297394,2.732968195241267,13.093046092775463,15.081622682668238,2.3629957946610065,17.37222500636268,0.40529214958426607,0.7233598810605243,0.7418371746763245,0.39971989314860595,TRUE,haddock,haddock,FALSE,0.9955,0.6125,cod,0.214,0.3985000000000001,0.214,0.1115,0.6125,0.042,0.0155,0.003,0.0015
r9f5-19,r9f5,r9f5-19,r9f5;r9f5-19,110,MP,MP,r9f5,1.4612786950897296,0.5980546029566395,0.6410474069281681,3.3334013404680722,2.4433867540948864,17.333452060713874,0.4191764844243553,0.7249779542091761,0.7335272597925653,0.3822382652864492,TRUE,saithe,saithe,FALSE,0.8395,0.63,cod,0.1545,0.47550000000000003,0.1545,0.63,0.019,0.0045,0.0315,0.006,0.1545
r9f5-2,r9f5,r9f5-2,r9f5;r9f5-2,110,MP,MP,r9f5,3.443220431863884,1.6422353548195454,4.291544592290485,8.286381621499945,2.0966668521408356,15.999861798123508,0.3541442798028696,0.7854049474247945,0.7589504192222681,0.46088661403715103,TRUE,saithe,gadoids_unknown,TRUE,0.667,0.2195,poor_cod,0.2065,0.013000000000000012,0.025,0.2195,0.0305,0.2065,0.1855,0.1695,0.1635
r9f5-20,r9f5,r9f5-20,r9f5;r9f5-20,110,MP,MP,r9f5,1.4170149317596816,0.5548794755721081,0.5857577628665039,3.203951570757043,2.5537346291258465,17.524830772231727,0.4372117761387368,0.7170608822237938,0.7449806030582478,0.3714320012174087,TRUE,saithe,saithe,FALSE,0.925,0.675,cod,0.195,0.48000000000000004,0.195,0.675,0.018,0,0.037,0.0045,0.0705
r9f5-21,r9f5,r9f5-21,r9f5;r9f5-21,110,MP,MP,r9f5,1.1395419879869038,0.5435786437597027,0.4711175178617818,2.6994315599814698,2.096370048876784,15.467331336131423,0.35408237115408564,0.8124459443759601,0.760565349331469,0.46193270107202206,TRUE,saithe,saithe,FALSE,0.703,0.521,wrasse,0.22,0.30100000000000005,0.0445,0.521,0.0025,0.1175,0.0175,0.077,0.22
r9f5-22,r9f5,r9f5-22,r9f5;r9f5-22,110,MP,MP,r9f5,1.2996117157456741,0.5934968923085927,0.5874567459912516,3.0766681827967743,2.1897531943097897,16.11333459293524,0.37299224166690825,0.7798739945404471,0.7616296249011159,0.442852171370651,TRUE,saithe,saithe,FALSE,0.7344999999999999,0.5405,wrasse,0.192,0.3485,0.041,0.5405,0.014,0.122,0.017,0.0735,0.192
r9f5-23,r9f5,r9f5-23,r9f5;r9f5-23,110,MP,MP,r9f5,1.3022514305142645,0.5436038688549026,0.5388812910637145,3.003916872402328,2.395588966755235,16.744906022793227,0.4110005599673141,0.7504593096702832,0.7612296991868465,0.40458850373832705,TRUE,saithe,saithe,FALSE,0.962,0.77,cod,0.148,0.622,0.148,0.77,0.0035,0.01,0.0305,0.0205,0.0175
r9f5-24,r9f5,r9f5-24,r9f5;r9f5-24,110,MP,MP,r9f5,1.3647204440876397,0.6211747584124107,0.640219806170254,3.199598979936949,2.1969991948410335,15.990498159769707,0.37441335511520285,0.7858648610444637,0.7552167407256813,0.4376750894565146,TRUE,saithe,saithe,FALSE,0.7895,0.5715,wrasse,0.147,0.4245,0.0875,0.5715,0.0045,0.1015,0.0245,0.0635,0.147
r9f5-25,r9f5,r9f5-25,r9f5;r9f5-25,110,MP,MP,r9f5,1.1384633645843079,0.5761935259742235,0.5123820021370128,2.827102200677445,1.9758350506618467,15.598726769754936,0.32791973817393344,0.8056023289493516,0.7810996304945106,0.5033451236683433,TRUE,lesser_sand_eel,lesser_sand_eel,FALSE,0.3585,0.3585,saithe,0.3175,0.04099999999999998,0.005,0.3175,5e-4,0.0305,0.005,0.3585,0.283
r9f5-26,r9f5,r9f5-26,r9f5;r9f5-26,110,MP,MP,r9f5,1.4408376063562143,0.5885537813686421,0.6409724170027697,3.30287702613244,2.4480984609522745,17.019447889450024,0.4199701595969936,0.738353599716286,0.7558544101667082,0.39311479519184506,TRUE,saithe,saithe,FALSE,0.9530000000000001,0.7345,cod,0.181,0.5535000000000001,0.181,0.7345,0.0045,0.002,0.031,0.013,0.034
r9f5-27,r9f5,r9f5-27,r9f5;r9f5-27,110,MP,MP,r9f5,1.1347367287444534,0.5402854862505406,0.48705174833661957,2.730975383921339,2.1002539539221576,15.313006416783557,0.35489155736104033,0.820633797984047,0.7944319339600172,0.4816094510996535,TRUE,saithe,gadoids_unknown,TRUE,0.5255,0.3935,wrasse,0.2625,0.131,0.033,0.3935,0.0035,0.088,0.0075,0.212,0.2625
r9f5-28,r9f5,r9f5-28,r9f5;r9f5-28,110,MP,MP,r9f5,7.68730468620147,2.797093202061154,16.5161687844061,17.510744050543085,2.7483191051827527,18.56521092792017,0.46642749886619156,0.6768773413428146,0.7681185970345221,0.3558535000344561,TRUE,saithe,saithe,FALSE,0.998,0.572,haddock,0.2225,0.3494999999999999,0.199,0.572,0.2225,0.004,5e-4,0.002,0
r9f5-29,r9f5,r9f5-29,r9f5;r9f5-29,110,MP,MP,r9f5,7.61215661943981,2.8491710485685227,16.290760721145837,17.258880998969104,2.6717092409261642,18.284534309679906,0.455294559354729,0.6872677423185171,0.7511300326542916,0.3579612804281529,TRUE,saithe,gadoids_unknown,TRUE,0.9975,0.436,cod,0.3435,0.09249999999999997,0.3435,0.436,0.2095,0.0085,0,0.0025,0
r9f5-3,r9f5,r9f5-3,r9f5;r9f5-3,110,MP,MP,r9f5,3.485239468529649,1.5710566579641632,4.2931445937523876,8.292353737139242,2.218404696521868,16.016961227421717,0.3785741109061264,0.7845664627598031,0.7840631530717718,0.45000815839684566,TRUE,saithe,gadoids_unknown,TRUE,0.7015,0.3005,poor_cod,0.168,0.13249999999999998,0.0315,0.3005,0.036,0.168,0.1655,0.158,0.1405
r9f5-30,r9f5,r9f5-30,r9f5;r9f5-30,110,MP,MP,r9f5,6.899965162511625,2.5437514658097187,13.441113377353801,15.613312407733023,2.7125154541445156,18.136557403956882,0.461281703819637,0.6928751876371835,0.7657970157233205,0.3594608252532961,TRUE,saithe,gadoids_unknown,TRUE,0.9974999999999999,0.4885,cod,0.3045,0.184,0.3045,0.4885,0.1995,0.0035,0.0015,0.0025,0
r9f5-31,r9f5,r9f5-31,r9f5;r9f5-31,110,MP,MP,r9f5,3.631126933298368,1.7772513275830275,5.005690168986991,8.7818646609459865,2.0431139236995355,15.406696043830273,0.3427784663518001,0.8156434435137356,0.7756640919647978,0.4833828323838058,TRUE,lesser_sand_eel,lesser_sand_eel,FALSE,0.582,0.281,norway_pout,0.2065,0.07450000000000004,0.018,0.17,0.0255,0.162,0.2065,0.281,0.137
r9f5-4,r9f5,r9f5-4,r9f5;r9f5-4,110,MP,MP,r9f5,2.8434229382335614,1.3418116415377643,3.0277084062945154,6.863452308438138,2.1190924644049867,15.558624302218403,0.3587878452389741,0.8076787748237751,0.7935623019577402,0.4768054820804464,TRUE,lesser_sand_eel,lesser_sand_eel,FALSE,0.45449999999999996,0.298,saithe,0.287,0.01100000000000001,0.0185,0.287,0.021,0.0945,0.0335,0.298,0.2475
r9f5-5,r9f5,r9f5-5,r9f5;r9f5-5,110,MP,MP,r9f5,1.7715063968757507,0.7709309247223215,1.0155685963765297,4.108162816480464,2.297879537669114,16.618278456943763,0.3935497106078149,0.7561776418007038,0.7436200158804582,0.41203483252912165,TRUE,saithe,saithe,FALSE,0.872,0.705,cod,0.1,0.605,0.1,0.705,0.0055,0.024,0.0375,0.03,0.098
r9f5-6,r9f5,r9f5-6,r9f5;r9f5-6,110,MP,MP,r9f5,1.9687332638227635,0.7776622385580492,1.188360754277406,4.51472945643476,2.5316045529910425,17.152015489769056,0.43368517907642623,0.7326468788379327,0.7761942306884717,0.39037739434471086,TRUE,saithe,saithe,FALSE,0.9710000000000001,0.7395,cod,0.193,0.5465,0.193,0.7395,0.007,0.005,0.0265,0.0145,0.0145
r9f5-7,r9f5,r9f5-7,r9f5;r9f5-7,110,MP,MP,r9f5,1.2450975647838938,0.5796437647289415,0.5718777003792842,2.977019820800475,2.148039262297832,15.497451653668175,0.36468390850368554,0.8108669021970958,0.7923893136995716,0.4696848082509412,TRUE,saithe,gadoids_unknown,TRUE,0.643,0.4665,wrasse,0.2355,0.23100000000000004,0.0485,0.4665,0.004,0.11,0.014,0.1215,0.2355
r9f5-8,r9f5,r9f5-8,r9f5;r9f5-8,110,MP,MP,r9f5,1.840601265421617,0.7668159743679739,1.0384275507463627,4.205275336231914,2.400316799527657,17.02992244457491,0.41181951038273173,0.7378994622704428,0.7357416367744127,0.39027154533672337,TRUE,saithe,saithe,FALSE,0.8430000000000001,0.6245,cod,0.1615,0.4630000000000001,0.1615,0.6245,0.0175,0.006,0.0335,0.0065,0.1505
r9f5-9,r9f5,r9f5-9,r9f5;r9f5-9,110,MP,MP,r9f5,1.5018891471815932,0.6706803957297562,0.7902003907101653,3.5545113754279054,2.239351495502433,15.989046913393084,0.3825924717410779,0.7859361900947994,0.784483383661733,0.4460377338134944,TRUE,saithe,saithe,FALSE,0.7465,0.5795,wrasse,0.1695,0.41000000000000003,0.0385,0.5795,0.0045,0.1095,0.0145,0.084,0.1695
f1r1-1,f1r1,f1r1-1,f1r1;f1r1-1,110,No_MP_1,No_MP,f1r1,5.07025422320655,1.8346741760504466,6.958673824747612,11.406107011581332,2.7635720224293046,18.695987257940413,0.46858994910132123,0.6721426604001393,0.7480623489829923,0.34464908347688517,TRUE,saithe,saithe,FALSE,0.976,0.563,norway_pout,0.2265,0.3364999999999999,0.092,0.563,0.0835,0.011,0.2265,0.0195,0.0045
f1r1-10,f1r1,f1r1-10,f1r1;f1r1-10,110,No_MP_1,No_MP,f1r1,0.9706214106801151,0.6482544954151308,0.4530551743001702,2.5887036330988042,1.4972845040720406,14.791546107757213,0.19913009641519608,0.8495643743265567,0.7200384537466012,0.61229608036872,TRUE,wrasse,wrasse,FALSE,0.2795,0.6885,norway_pout,0.1335,0.5549999999999999,0,0.051,0.001,0.094,0.1335,0.032,0.6885
f1r1-11,f1r1,f1r1-11,f1r1;f1r1-11,110,No_MP_1,No_MP,f1r1,0.8566057059866508,0.3755059259809441,0.2492047915238271,2.005805829929319,2.281204227999643,16.144380703024208,0.3904676877674017,0.7783742743383898,0.7747447291092563,0.4324188137429626,TRUE,saithe,saithe,FALSE,0.8115,0.656,wrasse,0.117,0.539,0.052,0.656,0.0015,0.083,0.019,0.0715,0.117
f1r1-12,f1r1,f1r1-12,f1r1;f1r1-12,110,No_MP_1,No_MP,f1r1,0.7552645112413374,0.3417780217581046,0.20054441021340724,1.781924851831689,2.2098100613850478,15.833182157490556,0.3769101717074839,0.7936730904352111,0.7769039890020939,0.4476334407853878,TRUE,saithe,saithe,FALSE,0.7655,0.591,wrasse,0.1575,0.4335,0.047,0.591,0.002,0.109,0.0165,0.077,0.1575
f1r1-13,f1r1,f1r1-13,f1r1;f1r1-13,110,No_MP_1,No_MP,f1r1,0.6702687352031386,0.41681421752257186,0.2237171427990537,1.7696197325997491,1.6080755094848493,13.997827608674672,0.23315103695174735,0.8977372036337692,0.800769969144472,0.634032410130865,TRUE,wrasse,wrasse,FALSE,0.367,0.5245,saithe,0.1975,0.32699999999999996,0.0025,0.1975,0.002,0.122,0.043,0.1085,0.5245
f1r1-14,f1r1,f1r1-14,f1r1;f1r1-14,110,No_MP_1,No_MP,f1r1,5.067793876540641,1.857259049772273,7.252026923283557,11.474771120382101,2.728641369205888,18.15635458307671,0.4636115941539445,0.6921196959918438,0.7704917309271778,0.3595271081715778,TRUE,saithe,saithe,FALSE,0.9564999999999999,0.574,norway_pout,0.183,0.39099999999999996,0.131,0.574,0.0585,0.01,0.183,0.041,0.0025
f1r1-15,f1r1,f1r1-15,f1r1;f1r1-15,110,No_MP_1,No_MP,f1r1,4.93757018674223,1.894045835802433,7.157109037184143,11.232464466111466,2.6068905479525393,17.628382818671682,0.44550576919077706,0.7128487475918148,0.7653037948903776,0.3737844138318832,TRUE,saithe,gadoids_unknown,TRUE,0.962,0.495,norway_pout,0.2025,0.2925,0.193,0.495,0.056,0.0155,0.2025,0.0345,0.0035
f1r1-16,f1r1,f1r1-16,f1r1;f1r1-16,110,No_MP_1,No_MP,f1r1,4.7033823723505686,1.6728047212761588,5.775359077169621,10.460670614524894,2.8116744964483513,18.946982905037267,0.4752962243067808,0.6632386104606799,0.7340463077728097,0.3324057560374673,TRUE,saithe,saithe,FALSE,0.979,0.5515,norway_pout,0.242,0.3095,0.1425,0.5515,0.0375,0.0055,0.242,0.012,0.009
f1r1-17,f1r1,f1r1-17,f1r1;f1r1-17,110,No_MP_1,No_MP,f1r1,4.811453415940817,1.7837036640918493,6.839634651713521,11.037462600812322,2.6974511028941057,17.811708792634118,0.45908682918496474,0.7055117934308408,0.7969552099924418,0.37617545232104527,TRUE,saithe,gadoids_unknown,TRUE,0.8985,0.489,norway_pout,0.248,0.241,0.143,0.489,0.0155,0.003,0.248,0.099,0.0025
f1r1-18,f1r1,f1r1-18,f1r1;f1r1-18,110,No_MP_1,No_MP,f1r1,5.244335474783024,1.7455080589272773,7.113745287274345,11.740472413356997,3.0044750856126052,19.376388515817947,0.5005587605762217,0.6485403925556402,0.7771162444885854,0.32932712209101184,TRUE,saithe,saithe,FALSE,0.9335,0.575,norway_pout,0.1985,0.37649999999999995,0.074,0.575,0.079,0.007,0.1985,0.0625,0.004
f1r1-19,f1r1,f1r1-19,f1r1;f1r1-19,110,No_MP_1,No_MP,f1r1,4.588461159644613,1.6361684565807888,5.6819071263720415,10.324303784304144,2.8043940959682288,18.759766089076596,0.4742921081389717,0.6698575320550664,0.7568312484129238,0.3436134299227012,TRUE,saithe,saithe,FALSE,0.981,0.619,norway_pout,0.2485,0.3705,0.0715,0.619,0.038,0.004,0.2485,0.0105,0.0085
f1r1-2,f1r1,f1r1-2,f1r1;f1r1-2,110,No_MP_1,No_MP,f1r1,5.001165906576567,1.6522405676439131,6.419216612388569,11.165904650045224,3.026899353832115,19.42252991015823,0.503339958547327,0.646999678851662,0.7768505683311381,0.3267756037864123,TRUE,saithe,saithe,FALSE,0.9665,0.6185,norway_pout,0.1945,0.42400000000000004,0.099,0.6185,0.0465,0.008,0.1945,0.0265,0.007
f1r1-20,f1r1,f1r1-20,f1r1;f1r1-20,110,No_MP_1,No_MP,f1r1,4.868425015480687,2.0243087666845203,7.149051591634501,11.092760947557847,2.4049814413709,17.21198173806037,0.4126252860882649,0.7300943497152051,0.7254094184170499,0.3840445259841328,TRUE,cod,gadoids_unknown,TRUE,0.9065,0.2855,saithe,0.2795,0.00599999999999995,0.2855,0.2795,0.0505,0.0215,0.2695,0.02,0.0735
f1r1-21,f1r1,f1r1-21,f1r1;f1r1-21,110,No_MP_1,No_MP,f1r1,5.204803653413685,1.856385534258556,7.420307891655338,11.78543165330594,2.8037299135130858,18.718414556752347,0.47420031246308425,0.6713373387612077,0.7679790971097706,0.348757329034219,TRUE,saithe,gadoids_unknown,TRUE,0.9555,0.471,haddock,0.1925,0.27849999999999997,0.091,0.471,0.1925,0.0115,0.1895,0.041,0.0035
f1r1-22,f1r1,f1r1-22,f1r1;f1r1-22,110,No_MP_1,No_MP,f1r1,5.040326264732331,1.7741083993272866,6.819070930685044,11.382157415917629,2.8410475180905186,18.998703600185856,0.4793087066534782,0.6614330576869593,0.7625817477068291,0.3417574789196653,TRUE,saithe,saithe,FALSE,0.972,0.578,norway_pout,0.2275,0.3504999999999999,0.0885,0.578,0.0615,0.0165,0.2275,0.0215,0.0065
f1r1-23,f1r1,f1r1-23,f1r1;f1r1-23,110,No_MP_1,No_MP,f1r1,4.300609149840067,2.06117736048945,6.5954218922301315,10.257842196279055,2.0864818488103514,15.953994792618731,0.3520130368591421,0.7876629507346413,0.7440416433101597,0.4540385739432032,TRUE,poor_cod,gadoids_unknown,TRUE,0.785,0.3755,norway_pout,0.3005,0.07500000000000001,0.0065,0.093,0.0095,0.3755,0.3005,0.1675,0.0475
f1r1-24,f1r1,f1r1-24,f1r1;f1r1-24,110,No_MP_1,No_MP,f1r1,4.683706338272343,1.8993024140303671,6.4976196112867,10.668285142843617,2.466013997388337,17.516000427498096,0.4229682853251566,0.7174223742670971,0.7304163819699871,0.3771247943570045,TRUE,saithe,gadoids_unknown,TRUE,0.9295,0.309,norway_pout,0.2915,0.017500000000000016,0.244,0.309,0.0765,0.0085,0.2915,0.015,0.0555
f1r1-3,f1r1,f1r1-3,f1r1;f1r1-3,110,No_MP_1,No_MP,f1r1,4.797199990826706,1.7610190911669028,6.498110635246796,10.873245148421748,2.7241044772819247,18.194128523511488,0.4629581387416606,0.6906827440577983,0.7691928044774411,0.3595187718951291,TRUE,saithe,saithe,FALSE,0.9735,0.515,norway_pout,0.284,0.23100000000000004,0.126,0.515,0.045,0.0035,0.284,0.021,0.0055
f1r1-4,f1r1,f1r1-4,f1r1;f1r1-4,110,No_MP_1,No_MP,f1r1,0.4202513410860671,0.2795679674473211,0.09115501253861484,1.1290485372204537,1.5032170706941055,13.984426790130055,0.20102813958302498,0.8985974758170482,0.7758612077301459,0.6571620228154172,TRUE,wrasse,wrasse,FALSE,0.184,0.7635,saithe,0.121,0.6425,0.0075,0.121,0.0045,0.046,0.005,0.0525,0.7635
f1r1-5,f1r1,f1r1-5,f1r1;f1r1-5,110,No_MP_1,No_MP,f1r1,4.274557248308573,2.044094790384023,6.461462691186929,10.190969800084506,2.0911736913656114,16.073120039505604,0.3529965638661849,0.7818252202106807,0.7395008402150804,0.4502551447612397,TRUE,poor_cod,gadoids_unknown,TRUE,0.7995,0.391,norway_pout,0.3075,0.08350000000000002,0.0165,0.0765,0.008,0.391,0.3075,0.153,0.0475
f1r1-6,f1r1,f1r1-6,f1r1;f1r1-6,110,No_MP_1,No_MP,f1r1,4.833534429531245,1.7814309326399076,6.6061248515347275,10.900493286004389,2.71328758301531,17.986452958215356,0.4613937231395541,0.6986575198318605,0.7672077332788144,0.36002052681479507,TRUE,saithe,gadoids_unknown,TRUE,0.978,0.4975,norway_pout,0.272,0.22549999999999998,0.187,0.4975,0.013,0.0085,0.272,0.017,0.005
f1r1-7,f1r1,f1r1-7,f1r1;f1r1-7,110,No_MP_1,No_MP,f1r1,3.535688236903009,1.6476329736632211,4.234649205491449,8.381813490076567,2.145919809459767,16.590464516239937,0.36425588662940206,0.7574453748451895,0.7269139463003825,0.4313001715950151,TRUE,norway_pout,gadoids_unknown,TRUE,0.781,0.297,poor_cod,0.276,0.020999999999999963,0.0045,0.1855,0.018,0.276,0.297,0.0745,0.1445
f1r9-1,f1r9,f1r9-1,f1r9;f1r9-1,77,No_MP_1,No_MP,f1r9,2.363875817108835,0.9088039415910331,1.672551486645124,5.426605004226788,2.601084468197204,17.606657915785522,0.4446117502483213,0.7137283335920668,0.778546642152041,0.3811011846515704,TRUE,saithe,saithe,FALSE,0.9675,0.787,cod,0.132,0.655,0.132,0.787,0.0125,0.001,0.035,0.008,0.0245
f1r9-10,f1r9,f1r9-10,f1r9;f1r9-10,77,No_MP_1,No_MP,f1r9,2.373841575031911,1.1502058952891594,1.9521207155648967,5.648353005420979,2.063840556507609,16.343196104353616,0.34722451670926785,0.768905331253515,0.7149560560297318,0.44107589630148214,TRUE,wrasse,wrasse,FALSE,0.48300000000000004,0.4675,saithe,0.339,0.1285,0.0315,0.339,0.0115,0.0905,0.0105,0.0495,0.4675
f1r9-11,f1r9,f1r9-11,f1r9;f1r9-11,77,No_MP_1,No_MP,f1r9,2.042343461748434,0.8859451458977721,1.3495979507420288,4.75380563352827,2.3052707847716984,16.7447408977911,0.39490585485021196,0.7504667101786494,0.7458797177059187,0.4119618217836075,TRUE,saithe,saithe,FALSE,0.9285,0.78,cod,0.08,0.7000000000000001,0.08,0.78,0.014,0.022,0.0325,0.03,0.0415
f1r9-12,f1r9,f1r9-12,f1r9;f1r9-12,77,No_MP_1,No_MP,f1r9,1.099828111913117,0.5505900164952992,0.4627064288658939,2.6590539103011164,1.9975445957300741,15.280893579148687,0.3327872409808518,0.8223583620467342,0.7641038451079679,0.4870415578982756,TRUE,saithe,gadoids_unknown,TRUE,0.5995,0.424,wrasse,0.2985,0.1255,0.03,0.424,0.003,0.128,0.0145,0.102,0.2985
f1r9-13,f1r9,f1r9-13,f1r9;f1r9-13,77,No_MP_1,No_MP,f1r9,2.568817788442169,1.074178958905887,2.1943919372546077,6.007017786783419,2.391424415032908,16.443854936815526,0.41027728905448907,0.7641985813329452,0.7952510621091191,0.4234066918046565,TRUE,saithe,saithe,FALSE,0.853,0.713,lesser_sand_eel,0.097,0.616,0.079,0.713,0.0075,0.033,0.0205,0.097,0.05
f1r9-14,f1r9,f1r9-14,f1r9;f1r9-14,77,No_MP_1,No_MP,f1r9,2.1534244634415156,0.9190179382086369,1.4974756497156547,5.002901187099733,2.343180011958202,16.71414175758818,0.4017671818908311,0.7518406147688721,0.7566693424407217,0.41115975903155033,TRUE,saithe,saithe,FALSE,0.9545,0.787,cod,0.1125,0.6745,0.1125,0.787,0.004,0.0155,0.0355,0.022,0.0235
f1r9-15,f1r9,f1r9-15,f1r9;f1r9-15,77,No_MP_1,No_MP,f1r9,2.1983627861260477,0.8973492409691409,1.4926474063688009,5.046253679264623,2.4498408041798827,17.060074661195625,0.42026310385778737,0.736595288351363,0.7566523185033399,0.3932499009283621,TRUE,saithe,saithe,FALSE,0.9365,0.734,cod,0.155,0.579,0.155,0.734,0.004,0.003,0.0405,0.01,0.0535
f1r9-16,f1r9,f1r9-16,f1r9;f1r9-16,77,No_MP_1,No_MP,f1r9,2.156299265984748,0.9683078405013735,1.508118010512752,5.05019064725979,2.2268737025492356,16.911425628422073,0.38020505778704733,0.7430698564667184,0.7222920637314444,0.41297843579474947,TRUE,saithe,gadoids_unknown,TRUE,0.654,0.497,wrasse,0.3255,0.17149999999999999,0.072,0.497,0.0205,0.043,0.0215,0.0205,0.3255
f1r9-17,f1r9,f1r9-17,f1r9;f1r9-17,77,No_MP_1,No_MP,f1r9,3.0352528539314743,1.2070491462467177,2.8878127791674704,7.0765298093558835,2.5146058579052064,17.340900526501315,0.4309461484844703,0.7246665532251083,0.7882231839168122,0.3991070507868734,TRUE,saithe,saithe,FALSE,0.9635,0.8095,cod,0.1025,0.707,0.1025,0.8095,0.0115,0.0015,0.0385,0.018,0.0185
f1r9-18,f1r9,f1r9-18,f1r9;f1r9-18,77,No_MP_1,No_MP,f1r9,3.089479691869657,1.2337459197286393,3.081075785330001,7.254088360782897,2.5041458232738747,17.0790339519058,0.4292474968603253,0.7357776001702325,0.8083348566054768,0.4109999885998483,TRUE,saithe,saithe,FALSE,0.9259999999999999,0.716,cod,0.149,0.567,0.149,0.716,0.008,0.0055,0.0475,0.039,0.035
f1r9-19,f1r9,f1r9-19,f1r9;f1r9-19,77,No_MP_1,No_MP,f1r9,2.6056730257639997,1.0907088075164477,2.1965160207461905,6.0563007482207905,2.388972205787113,16.698616539313633,0.4098505745828371,0.7525396241523425,0.772868555170934,0.4119122043120386,TRUE,saithe,saithe,FALSE,0.9425,0.7405,cod,0.132,0.6085,0.132,0.7405,0.01,0.012,0.048,0.029,0.0285
f1r9-2,f1r9,f1r9-2,f1r9;f1r9-2,77,No_MP_1,No_MP,f1r9,2.5090953576548456,1.0498828239335771,1.9547186188121748,5.877256641147708,2.3898813281410423,17.671160080781906,0.41000884503034546,0.7111231269997721,0.7420381808201407,0.39533023853466676,TRUE,saithe,saithe,FALSE,0.9425,0.756,cod,0.0715,0.6845,0.0715,0.756,0.0505,0.006,0.0585,0.0225,0.035
f1r9-20,f1r9,f1r9-20,f1r9;f1r9-20,77,No_MP_1,No_MP,f1r9,2.970841368252102,1.0979370416026413,2.6010860638839683,6.788828777015455,2.705839456801286,17.718827840249855,0.460311213339417,0.7092100407349504,0.7974396435414667,0.375237224863586,TRUE,saithe,saithe,FALSE,0.9245,0.788,cod,0.0765,0.7115,0.0765,0.788,0.02,5e-4,0.0395,0.0625,0.013
f1r9-21,f1r9,f1r9-21,f1r9;f1r9-21,77,No_MP_1,No_MP,f1r9,2.098921323249302,0.7771456678801976,1.27749903472781,4.774886145901401,2.700808111012806,17.847009732714916,0.4595774922648835,0.7041163087015113,0.7831807253213214,0.3692141867048568,TRUE,saithe,saithe,FALSE,0.9735,0.8145,cod,0.1235,0.6910000000000001,0.1235,0.8145,0.01,0.0015,0.024,0.01,0.0165
f1r9-22,f1r9,f1r9-22,f1r9;f1r9-22,77,No_MP_1,No_MP,f1r9,2.467451744033318,1.018018737180449,1.9618241195831716,5.795153178154145,2.4237783195103897,17.118660140342055,0.41585003076776134,0.7340744258801599,0.7810082657483439,0.4102729200567708,TRUE,saithe,saithe,FALSE,0.9450000000000001,0.775,cod,0.112,0.663,0.112,0.775,0.02,0.0035,0.0345,0.028,0.027
f1r9-23,f1r9,f1r9-23,f1r9;f1r9-23,77,No_MP_1,No_MP,f1r9,2.3101399536361136,0.9917144636853602,1.7953214641560369,5.450343207724399,2.329440618473271,16.546474642607862,0.3992984920941139,0.7594590923918165,0.783641242700448,0.42832730363633625,TRUE,saithe,saithe,FALSE,0.8474999999999999,0.699,cod,0.088,0.611,0.088,0.699,0.0045,0.0375,0.0185,0.078,0.0745
f1r9-24,f1r9,f1r9-24,f1r9;f1r9-24,77,No_MP_1,No_MP,f1r9,2.2112382777785196,0.9342777858118062,1.6225937743939831,5.152170432327411,2.366788883733488,16.359522995004074,0.4059621588799572,0.7681379596579151,0.7854132776555147,0.4225215231252822,TRUE,saithe,saithe,FALSE,0.8925,0.745,cod,0.0865,0.6585,0.0865,0.745,0.009,0.0355,0.0165,0.053,0.0545
f1r9-25,f1r9,f1r9-25,f1r9;f1r9-25,77,No_MP_1,No_MP,f1r9,2.486388183035925,1.033959260987479,1.9608296467900082,5.737188628053216,2.404725482763517,16.786431910465783,0.41258112875031033,0.7486028407576275,0.7627241613864295,0.4038425886709282,TRUE,saithe,saithe,FALSE,0.961,0.759,cod,0.1455,0.6135,0.1455,0.759,0.007,0.009,0.0405,0.0205,0.0185
f1r9-26,f1r9,f1r9-26,f1r9;f1r9-26,77,No_MP_1,No_MP,f1r9,2.3954070280656388,1.0102460472745582,1.7811925092496084,5.536661663043177,2.371112497324754,17.21016802609753,0.4067240409250183,0.7301712914890491,0.7360450235270157,0.3952413188819542,TRUE,saithe,saithe,FALSE,0.889,0.687,cod,0.155,0.532,0.155,0.687,0.009,0.001,0.037,0.0205,0.0905
f1r9-27,f1r9,f1r9-27,f1r9;f1r9-27,77,No_MP_1,No_MP,f1r9,1.7014521890283067,0.8148036787200711,1.0239722774852338,4.044516283419569,2.0881744074855204,15.975151209190757,0.35236818388490665,0.7866198228614913,0.7386104841723065,0.45035897060752894,TRUE,saithe,gadoids_unknown,TRUE,0.5785,0.4065,wrasse,0.37,0.03649999999999998,0.0355,0.4065,0.0115,0.1125,0.0125,0.0515,0.37
f1r9-28,f1r9,f1r9-28,f1r9;f1r9-28,77,No_MP_1,No_MP,f1r9,2.3016705666113477,1.0503311878471622,1.8262743591342125,5.411333424027,2.191376009055796,16.03402538043289,0.37331107512094064,0.7837314907642926,0.7554341199278573,0.43892448897840564,TRUE,saithe,saithe,FALSE,0.7945000000000001,0.6035,wrasse,0.1355,0.468,0.06,0.6035,0.0025,0.1005,0.028,0.07,0.1355
f1r9-29,f1r9,f1r9-29,f1r9;f1r9-29,77,No_MP_1,No_MP,f1r9,3.1200028565230338,1.1831988928012298,2.8805371385382204,7.138296366737546,2.636921717477617,17.68950461969624,0.45008439681591556,0.7103856713074511,0.7802984292835279,0.3767676568756368,TRUE,saithe,saithe,FALSE,0.9545,0.768,cod,0.1205,0.6475,0.1205,0.768,0.019,0.0035,0.0435,0.0145,0.031
f1r9-3,f1r9,f1r9-3,f1r9;f1r9-3,77,No_MP_1,No_MP,f1r9,2.2882554730339972,0.8775522933414006,1.5550115760867624,5.213574934142759,2.607543152011091,17.479846460258813,0.44560607712064004,0.7189062354139871,0.7743835363066952,0.37812441970791527,TRUE,saithe,saithe,FALSE,0.979,0.7775,cod,0.1635,0.614,0.1635,0.7775,0.01,5e-4,0.0275,0.0095,0.0115
f1r9-30,f1r9,f1r9-30,f1r9;f1r9-30,77,No_MP_1,No_MP,f1r9,3.0498697497444236,1.1817453700080718,2.819656861804541,7.053651526344795,2.5808180231952944,17.645409457115427,0.4414684055306092,0.712160896288629,0.782331934254105,0.38596132964393043,TRUE,saithe,saithe,FALSE,0.962,0.7655,cod,0.144,0.6214999999999999,0.144,0.7655,0.007,0.0015,0.044,0.0165,0.0215
f1r9-31,f1r9,f1r9-31,f1r9;f1r9-31,77,No_MP_1,No_MP,f1r9,3.507683072887765,1.2880827067105876,3.46636599317381,7.950582539962163,2.723181558617018,18.235743960456528,0.4628250144366037,0.6891065503885577,0.7672030466808706,0.35871029413531696,TRUE,saithe,saithe,FALSE,0.979,0.781,cod,0.0915,0.6895,0.0915,0.781,0.026,0.001,0.0795,0.007,0.014
f1r9-32,f1r9,f1r9-32,f1r9;f1r9-32,77,No_MP_1,No_MP,f1r9,2.9694595110921345,1.150257684936834,2.48110197036815,6.745833346871116,2.5815602451334208,18.341151668589447,0.4415841524046469,0.6851462133580191,0.7263936886881702,0.35826131550767737,TRUE,saithe,saithe,FALSE,0.9085000000000001,0.683,cod,0.112,0.5710000000000001,0.112,0.683,0.0405,0.0035,0.0695,0.007,0.0845
f1r9-33,f1r9,f1r9-33,f1r9;f1r9-33,77,No_MP_1,No_MP,f1r9,2.695006633450694,1.1318763131133376,2.3162630304774323,6.256207636541266,2.3810080679555985,16.897966023940562,0.408460447357245,0.7436617280775387,0.7593273895961984,0.4060488802394232,TRUE,saithe,saithe,FALSE,0.966,0.773,cod,0.145,0.628,0.145,0.773,0.006,0.0025,0.0395,0.0155,0.0185
f1r9-34,f1r9,f1r9-34,f1r9;f1r9-34,77,No_MP_1,No_MP,f1r9,3.1078972036820716,1.2065321418215418,3.0061288773678534,7.174550383581014,2.575892589972759,17.123075991210634,0.44069908430464466,0.7338851162495311,0.8016818547154521,0.396263820818374,TRUE,saithe,saithe,FALSE,0.902,0.731,cod,0.1185,0.6125,0.1185,0.731,0.006,0.003,0.0435,0.0845,0.0135
f1r9-35,f1r9,f1r9-35,f1r9;f1r9-35,77,No_MP_1,No_MP,f1r9,2.9368407365689535,1.0899574272951158,2.3397897412382838,6.597167550701207,2.694454538336549,18.601081509568267,0.4586480956129149,0.6755720417597826,0.7309487062609901,0.34540304345200057,TRUE,saithe,saithe,FALSE,0.967,0.7625,cod,0.1175,0.645,0.1175,0.7625,0.027,0.002,0.058,0.0065,0.0265
f1r9-36,f1r9,f1r9-36,f1r9;f1r9-36,77,No_MP_1,No_MP,f1r9,1.9203616501577223,0.7851762940650416,1.1677840211667971,4.458735004536107,2.445771305977108,17.023968028618924,0.41957842746825424,0.7381575548799139,0.77448377693181,0.40318707196193476,TRUE,saithe,saithe,FALSE,0.945,0.7805,cod,0.1275,0.653,0.1275,0.7805,0.0075,0.001,0.0285,0.037,0.018
f1r9-37,f1r9,f1r9-37,f1r9;f1r9-37,77,No_MP_1,No_MP,f1r9,1.73650228476338,0.7533832332910533,1.0100052657847387,4.065253701068006,2.3049388518745015,16.362575734896563,0.3948450819700836,0.7679946493728856,0.7720267141409082,0.42646465056404637,TRUE,saithe,saithe,FALSE,0.8275,0.6675,wrasse,0.114,0.5535,0.0345,0.6675,0.017,0.0835,0.025,0.0585,0.114
f1r9-38,f1r9,f1r9-38,f1r9;f1r9-38,77,No_MP_1,No_MP,f1r9,1.9434542517946072,0.7846395004448358,1.1335853937180163,4.43463898362092,2.476875368488082,17.348514742721168,0.424770868082712,0.7243484990339927,0.7433780814695731,0.3821340314729576,TRUE,saithe,saithe,FALSE,0.951,0.6815,cod,0.209,0.47250000000000003,0.209,0.6815,0.0195,0.0045,0.0365,0.0075,0.0415
f1r9-39,f1r9,f1r9-39,f1r9;f1r9-39,77,No_MP_1,No_MP,f1r9,3.0684430254459985,1.1943915298857846,2.828384917051891,7.028835453335827,2.56904285459846,17.467398985271934,0.43962566954802995,0.7194185364950337,0.7717448392043853,0.3824833229081674,TRUE,saithe,saithe,FALSE,0.979,0.7695,cod,0.1545,0.615,0.1545,0.7695,0.009,0.0025,0.0435,0.009,0.012
f1r9-4,f1r9,f1r9-4,f1r9;f1r9-4,77,No_MP_1,No_MP,f1r9,1.9759549356274064,0.7598028195566553,1.1259622640587077,4.479383333554956,2.600615429119328,17.820202052423078,0.44453940184076296,0.7051755405124869,0.7499734673032883,0.3671807316762925,TRUE,saithe,saithe,FALSE,0.9465,0.753,cod,0.1445,0.6085,0.1445,0.753,0.009,0.0035,0.0365,0.008,0.0455
f1r9-40,f1r9,f1r9-40,f1r9;f1r9-40,77,No_MP_1,No_MP,f1r9,3.113793978325592,1.2475869752824305,2.970654589848067,7.141642108299036,2.4958532270831757,17.1689607325362,0.427893601337281,0.7319237786213323,0.7647006353136931,0.39010590775138115,TRUE,saithe,saithe,FALSE,0.9635,0.7345,cod,0.1605,0.5740000000000001,0.1605,0.7345,0.007,0.002,0.0595,0.012,0.0245
f1r9-41,f1r9,f1r9-41,f1r9;f1r9-41,77,No_MP_1,No_MP,f1r9,3.1358439690341777,1.2675833799807683,2.9821549522466055,7.213300393912221,2.4738758953132964,17.447685786285565,0.4242741939347182,0.7202313686917001,0.7502382874571899,0.3861281228272399,TRUE,saithe,saithe,FALSE,0.968,0.743,cod,0.1425,0.6005,0.1425,0.743,0.024,0.0015,0.057,0.007,0.025
f1r9-42,f1r9,f1r9-42,f1r9;f1r9-42,77,No_MP_1,No_MP,f1r9,3.2878707229747515,1.2836137500085334,3.341198137201029,7.5971556734952435,2.5614175003601307,17.274274663540652,0.4384258515611382,0.7274615495654904,0.7916863134673515,0.3935345648222151,TRUE,saithe,saithe,FALSE,0.906,0.7165,cod,0.117,0.5995,0.117,0.7165,0.0125,0.0015,0.0585,0.077,0.017
f1r9-43,f1r9,f1r9-43,f1r9;f1r9-43,77,No_MP_1,No_MP,f1r9,1.6850156757607828,0.6978125532723514,0.9187698129704426,3.9044150936608997,2.414711039317077,16.592248687754257,0.41429890348789555,0.7573639264238883,0.7813830645371984,0.4120111272761152,TRUE,saithe,saithe,FALSE,0.9125000000000001,0.68,cod,0.164,0.516,0.164,0.68,0.0165,0.025,0.027,0.036,0.0515
f1r9-44,f1r9,f1r9-44,f1r9;f1r9-44,77,No_MP_1,No_MP,f1r9,1.7638722221485172,0.7556671198286811,1.0201743512355723,4.109697911123802,2.3341921010780626,16.555618066891878,0.40015453838027837,0.7590396543086211,0.765379372888722,0.41749403737440294,TRUE,saithe,saithe,FALSE,0.9065,0.7615,cod,0.0725,0.689,0.0725,0.7615,0.007,0.0355,0.03,0.034,0.0595
f1r9-45,f1r9,f1r9-45,f1r9;f1r9-45,77,No_MP_1,No_MP,f1r9,1.5378529951192288,0.6738197288367799,0.775967526706189,3.573401365664782,2.2822914339033025,16.455839813732098,0.3906695854787035,0.7636420113832638,0.7488330459670742,0.4177572733991862,TRUE,saithe,saithe,FALSE,0.8945000000000001,0.7485,cod,0.0845,0.664,0.0845,0.7485,0.0015,0.0315,0.0285,0.035,0.0705
f1r9-46,f1r9,f1r9-46,f1r9;f1r9-46,77,No_MP_1,No_MP,f1r9,1.7947994001887657,0.7096836489691423,0.9785997818683435,4.100195928630458,2.5290133185339956,17.17924627068796,0.4332693533639511,0.7314855620761727,0.7682886186620493,0.3867972714424143,TRUE,saithe,saithe,FALSE,0.9695,0.775,cod,0.1525,0.6225,0.1525,0.775,0.012,0.002,0.028,0.0095,0.021
f1r9-47,f1r9,f1r9-47,f1r9;f1r9-47,77,No_MP_1,No_MP,f1r9,1.8462008248815578,0.8174022772411319,1.1421557798170763,4.352257381935233,2.258619624981706,16.584554097903734,0.386243185713574,0.7577153139105226,0.7568512941215956,0.42665572657786693,TRUE,saithe,saithe,FALSE,0.8325,0.6705,wrasse,0.1265,0.544,0.045,0.6705,0.014,0.068,0.035,0.041,0.1265
f1r9-48,f1r9,f1r9-48,f1r9;f1r9-48,77,No_MP_1,No_MP,f1r9,2.098354115393683,0.8631423661327446,1.4329456942380037,4.892118514872671,2.431063747681889,16.701835707937782,0.4170903990486189,0.7523945771054871,0.7911676424353267,0.414364259194803,TRUE,saithe,saithe,FALSE,0.9315,0.777,cod,0.1175,0.6595,0.1175,0.777,0.0055,0.0135,0.018,0.032,0.0365
f1r9-49,f1r9,f1r9-49,f1r9;f1r9-49,77,No_MP_1,No_MP,f1r9,1.8995836713500631,0.773125897496085,1.0617532739683844,4.327950666376007,2.457017256183276,17.64172282754108,0.4214665846915377,0.712309718115591,0.7229611497253979,0.3746423525602266,TRUE,saithe,saithe,FALSE,0.7775,0.592,wrasse,0.2125,0.37949999999999995,0.1175,0.592,0.0355,0.007,0.0255,0.01,0.2125
f1r9-5,f1r9,f1r9-5,f1r9;f1r9-5,77,No_MP_1,No_MP,f1r9,1.6083843900685564,0.6577586523895209,0.8120325242968802,3.72097440244069,2.445250068890132,17.050610769079075,0.41949061461181864,0.7370041334324529,0.767568255531102,0.39967211070120395,TRUE,saithe,saithe,FALSE,0.9634999999999999,0.7765,cod,0.155,0.6214999999999999,0.155,0.7765,0.0025,0.003,0.0265,0.017,0.0195
f1r9-50,f1r9,f1r9-50,f1r9;f1r9-50,77,No_MP_1,No_MP,f1r9,1.295583756853821,0.6056367697525842,0.57387925201334955,3.03939722101933,2.1392092117905843,16.09735050488484,0.3628968746370322,0.7806483812690685,0.7313795192726993,0.4353110116648819,TRUE,saithe,gadoids_unknown,TRUE,0.631,0.471,wrasse,0.3305,0.14049999999999996,0.0475,0.471,0.015,0.085,0.0125,0.0385,0.3305
f1r9-51,f1r9,f1r9-51,f1r9;f1r9-51,77,No_MP_1,No_MP,f1r9,1.3256466430754106,0.6040008249478238,0.6236435736998595,3.150762328388361,2.1947762127475996,15.918232254196132,0.37397806080447105,0.7894325458812557,0.7788810601839276,0.451846598624254,TRUE,saithe,saithe,FALSE,0.7244999999999999,0.5435,wrasse,0.1875,0.356,0.0445,0.5435,0.005,0.118,0.0135,0.088,0.1875
f1r9-52,f1r9,f1r9-52,f1r9;f1r9-52,77,No_MP_1,No_MP,f1r9,1.893704744669677,0.7491407803445519,1.0780241165475866,4.346904693209705,2.5278356142869525,17.52797560073367,0.43308016056631343,0.7169322288327001,0.7598935710550658,0.3827489964098189,TRUE,saithe,saithe,FALSE,0.973,0.817,cod,0.1135,0.7034999999999999,0.1135,0.817,0.0135,0.001,0.028,0.0095,0.0175
f1r9-53,f1r9,f1r9-53,f1r9;f1r9-53,77,No_MP_1,No_MP,f1r9,2.8295314954308957,1.1531629356675535,2.576079526988254,6.6806861689614045,2.453713528169296,17.3253842595193,0.42091317543058165,0.7253155500695275,0.7895034981653328,0.4096758089445111,TRUE,saithe,saithe,FALSE,0.921,0.7035,cod,0.166,0.5375,0.166,0.7035,0.0055,0.006,0.04,0.0395,0.0395
f1r9-54,f1r9,f1r9-54,f1r9;f1r9-54,77,No_MP_1,No_MP,f1r9,3.1950146543958877,1.2489749298004695,3.166840257522255,7.435785785253605,2.558109516983106,17.45933035707944,0.4379037546613279,0.7197510074757099,0.7935962037467942,0.394994062003169,TRUE,saithe,saithe,FALSE,0.8799999999999999,0.688,cod,0.1265,0.5614999999999999,0.1265,0.688,0.009,0.0065,0.05,0.0995,0.0205
f1r9-55,f1r9,f1r9-55,f1r9;f1r9-55,77,No_MP_1,No_MP,f1r9,3.5384123605537954,1.3505255581551838,3.759134426126709,8.125889220273136,2.6200262106755408,17.56523394354546,0.44751781241197813,0.7154115142871081,0.7866410491720564,0.3822795692794136,TRUE,saithe,saithe,FALSE,0.9645,0.721,norway_pout,0.1155,0.6054999999999999,0.111,0.721,0.0135,0.0035,0.1155,0.023,0.0125
f1r9-56,f1r9,f1r9-56,f1r9;f1r9-56,77,No_MP_1,No_MP,f1r9,2.302926448675685,0.9197937895056966,1.6350461958853488,5.305385457979472,2.5037421158423925,17.214874373931,0.42918173373637486,0.7299716710909494,0.7718972382205891,0.39253646849473656,TRUE,saithe,saithe,FALSE,0.9615,0.779,cod,0.1405,0.6385000000000001,0.1405,0.779,0.009,0.001,0.032,0.011,0.0275
f1r9-57,f1r9,f1r9-57,f1r9;f1r9-57,77,No_MP_1,No_MP,f1r9,2.719830748945397,1.1858637611290994,2.5746677570204297,6.498702848697124,2.293544029337533,16.403335382014106,0.3927514002591664,0.7660863063336447,0.7982602748641722,0.44314673533509374,TRUE,saithe,saithe,FALSE,0.5994999999999999,0.5055,lesser_sand_eel,0.297,0.20849999999999996,0.039,0.5055,5e-4,0.0375,0.017,0.297,0.1035
f1r9-58,f1r9,f1r9-58,f1r9;f1r9-58,77,No_MP_1,No_MP,f1r9,2.4782528596084177,1.054225358825656,1.9527108819052423,5.764206269550422,2.3507809206648593,17.01535758611946,0.4031242127273539,0.7385310917362314,0.7474099441658251,0.4048152206251033,TRUE,saithe,saithe,FALSE,0.9510000000000001,0.7295,cod,0.1675,0.562,0.1675,0.7295,0.0065,0.003,0.0445,0.016,0.033
f1r9-59,f1r9,f1r9-59,f1r9;f1r9-59,77,No_MP_1,No_MP,f1r9,1.998972870895463,0.9477834045793602,1.5401699492531107,4.904019877774974,2.1091030516435723,15.614777429772982,0.3567276584985707,0.8047742384338212,0.8129290536869724,0.49075526082606336,TRUE,lesser_sand_eel,lesser_sand_eel,FALSE,0.40800000000000003,0.3085,wrasse,0.2835,0.025000000000000022,0.003,0.2685,0.0065,0.0825,0.0475,0.3085,0.2835
f1r9-6,f1r9,f1r9-6,f1r9;f1r9-6,77,No_MP_1,No_MP,f1r9,2.124236414504857,0.846525634981982,1.3593550665875833,4.855914597833752,2.5093586380878716,17.346392536460723,0.4300952948229506,0.7244371178586944,0.7559445609610866,0.3835635504762043,TRUE,saithe,saithe,FALSE,0.9655,0.756,cod,0.1695,0.5865,0.1695,0.756,0.006,0,0.034,0.0095,0.025
f1r9-60,f1r9,f1r9-60,f1r9;f1r9-60,77,No_MP_1,No_MP,f1r9,3.8233476769444166,1.504307152742157,4.121621477239877,8.779124945701486,2.5416004105112107,18.699687789828666,0.43528355314615774,0.6720096482677325,0.7166181300984172,0.35899685015078725,TRUE,saithe,gadoids_unknown,TRUE,0.782,0.2995,norway_pout,0.2395,0.06,0.0965,0.2995,0.1325,0.014,0.2395,0.0115,0.2065
f1r9-61,f1r9,f1r9-61,f1r9;f1r9-61,77,No_MP_1,No_MP,f1r9,3.2693306847052113,1.3427054358389243,3.584109068294726,7.806546575966201,2.4348830334946316,17.00343607894866,0.41773854291474644,0.7390488931773704,0.8164726087735634,0.4269466739811157,TRUE,saithe,saithe,FALSE,0.7494999999999999,0.613,lesser_sand_eel,0.1885,0.4245,0.0695,0.613,0.01,0.018,0.039,0.1885,0.062
f1r9-62,f1r9,f1r9-62,f1r9;f1r9-62,77,No_MP_1,No_MP,f1r9,3.681918017244662,1.4019429458904262,4.032600812900504,8.457093588973358,2.626296617874231,17.73605553613197,0.44847313643845854,0.708521158425497,0.7812333587786989,0.3787451879172877,TRUE,saithe,saithe,FALSE,0.972,0.6875,norway_pout,0.1505,0.537,0.108,0.6875,0.0225,0.0035,0.1505,0.0175,0.0105
f1r9-63,f1r9,f1r9-63,f1r9;f1r9-63,77,No_MP_1,No_MP,f1r9,1.3979264449114552,0.6203816632141368,0.7177557884120609,3.3673386966791052,2.25333295260362,15.797810454776679,0.38524582969615395,0.7954501448369741,0.8276246747277283,0.4676470305217632,TRUE,saithe,gadoids_unknown,TRUE,0.498,0.3885,lesser_sand_eel,0.2705,0.118,0.0335,0.3885,0.002,0.065,0.009,0.2705,0.2315
f1r9-64,f1r9,f1r9-64,f1r9;f1r9-64,77,No_MP_1,No_MP,f1r9,9.448589202475214,3.4010523026506423,23.950776685267968,21.418124527079854,2.7781369886935776,19.15328526860118,0.4706385697540391,0.656094786775811,0.7453140756746074,0.3415826355067167,TRUE,saithe,gadoids_unknown,TRUE,0.997,0.35,cod,0.3315,0.01849999999999996,0.3315,0.35,0.3035,0.0105,0.0015,0.0025,5e-4
f1r9-65,f1r9,f1r9-65,f1r9;f1r9-65,77,No_MP_1,No_MP,f1r9,8.41859221564753,3.287257568494512,20.877011220508972,19.380763821691392,2.5609773618995884,17.991751900922942,0.43835644073482444,0.6984517507555528,0.7543886005787458,0.37505891799130203,TRUE,cod,gadoids_unknown,TRUE,0.9955,0.461,saithe,0.318,0.14300000000000002,0.461,0.318,0.2,0.0075,0.009,0.0035,0.001
f1r9-66,f1r9,f1r9-66,f1r9;f1r9-66,77,No_MP_1,No_MP,f1r9,2.917999453807648,1.144752399542816,2.622518090679219,6.720930635242439,2.5490223518841457,17.224250526348627,0.4364645241137416,0.7295743054326742,0.7850941186010036,0.3921553992662787,TRUE,saithe,saithe,FALSE,0.8995,0.701,cod,0.152,0.5489999999999999,0.152,0.701,0.0055,0.002,0.039,0.088,0.0125
f1r9-67,f1r9,f1r9-67,f1r9;f1r9-67,77,No_MP_1,No_MP,f1r9,3.4197295285167892,1.2304458688661137,3.343211169622253,7.761625443041504,2.779260441313159,18.01945089961997,0.47079593188738517,0.697378110152302,0.7945286062638983,0.3639908034097486,TRUE,saithe,saithe,FALSE,0.9695,0.78,cod,0.083,0.6970000000000001,0.083,0.78,0.026,0.0015,0.079,0.0185,0.012
f1r9-68,f1r9,f1r9-68,f1r9;f1r9-68,77,No_MP_1,No_MP,f1r9,3.48200320177863,1.387719938442671,3.7232272517859393,8.059297650046211,2.509154120597423,17.44515556521144,0.4300620801290124,0.7203358300466302,0.7705282224493524,0.3909951146896542,TRUE,saithe,saithe,FALSE,0.9634999999999999,0.693,cod,0.1375,0.5554999999999999,0.1375,0.693,0.016,0.0045,0.1125,0.019,0.0175
f1r9-7,f1r9,f1r9-7,f1r9;f1r9-7,77,No_MP_1,No_MP,f1r9,2.0888434978221286,0.8603119258111673,1.331934570661512,4.801167291499555,2.4280071392159406,17.306561349719054,0.4165706432987642,0.7261044155697151,0.7411754836770427,0.3886701649940627,TRUE,saithe,saithe,FALSE,0.973,0.787,cod,0.142,0.645,0.142,0.787,0.0065,0.003,0.0345,0.006,0.021
f1r9-8,f1r9,f1r9-8,f1r9;f1r9-8,77,No_MP_1,No_MP,f1r9,2.519550836394891,1.0212227863766263,1.982502391447329,5.814888988024933,2.4671901861242667,17.055683810988214,0.42316403409192205,0.7367849189525443,0.7704954844560395,0.3976285757647281,TRUE,saithe,saithe,FALSE,0.9654999999999999,0.7755,cod,0.15,0.6255,0.15,0.7755,0.0045,0.0025,0.033,0.015,0.0195
f1r9-9,f1r9,f1r9-9,f1r9;f1r9-9,77,No_MP_1,No_MP,f1r9,2.053352778829723,0.7761894628929337,1.2267231039842632,4.671449823176293,2.6454272790262796,17.789216963124687,0.4513674675375188,0.706403808577299,0.7696889148020929,0.3704499349651497,TRUE,saithe,saithe,FALSE,0.9695,0.803,cod,0.134,0.669,0.134,0.803,0.01,0,0.0225,0.01,0.0205
f2r3-1,f2r3,f2r3-1,f2r3;f2r3-1,110,No_MP_1,No_MP,f2r3,3.0552270680010483,1.4665816695074092,3.259342869457818,7.220663505890964,2.08323009316435,15.996470317336875,0.3513296317280752,0.7855714645211336,0.7274117353811441,0.4445833371122655,TRUE,saithe,gadoids_unknown,TRUE,0.648,0.286,wrasse,0.2765,0.009499999999999953,0.0175,0.286,0.039,0.2065,0.099,0.0755,0.2765
f2r3-10,f2r3,f2r3-10,f2r3;f2r3-10,110,No_MP_1,No_MP,f2r3,1.2281285576553707,0.8078781800691724,0.7338199714233857,3.3361605738145115,1.5201902811018062,15.16716334755192,0.20640912910527665,0.8285247759520877,0.7396049661764234,0.6194581705494209,TRUE,wrasse,wrasse,FALSE,0.048,0.926,saithe,0.029,0.897,0,0.029,0.001,0.0175,5e-4,0.026,0.926
f2r3-11,f2r3,f2r3-11,f2r3;f2r3-11,110,No_MP_1,No_MP,f2r3,1.3237078585889341,0.7411855100403542,0.7029440448638734,3.336018161413736,1.785933265906486,15.832010036357074,0.2821077143248653,0.793731849935757,0.7164760679512628,0.5107949328156317,TRUE,wrasse,wrasse,FALSE,0.09749999999999999,0.8665,saithe,0.0525,0.8140000000000001,0.002,0.0525,0.0035,0.0355,0.004,0.036,0.8665
f2r3-12,f2r3,f2r3-12,f2r3;f2r3-12,110,No_MP_1,No_MP,f2r3,1.2408314225698642,0.7355843307750909,0.6827828199898448,3.204724009106499,1.6868649462154675,15.041760972685845,0.2556380614451567,0.8354321436950298,0.7480615496724667,0.5646341451790367,TRUE,wrasse,wrasse,FALSE,0.0915,0.8775,saithe,0.0565,0.821,0.004,0.0565,0.0045,0.0235,0.003,0.031,0.8775
f2r3-13,f2r3,f2r3-13,f2r3;f2r3-13,110,No_MP_1,No_MP,f2r3,1.1096285796685461,0.7739707643932016,0.6277247820507057,3.0093425951314705,1.4336828091155391,14.426932174459038,0.17820021881699127,0.8710355370358126,0.730915353133946,0.6491187071136929,TRUE,wrasse,wrasse,FALSE,0.251,0.637,saithe,0.139,0.498,0.0065,0.139,0.001,0.079,0.0255,0.112,0.637
f2r3-14,f2r3,f2r3-14,f2r3;f2r3-14,110,No_MP_1,No_MP,f2r3,4.5126925699142,1.754196746105045,5.724412453173854,10.164168429014007,2.5725122224368615,18.04732288220872,0.44016986493729293,0.6963010911023961,0.7231308152521172,0.35790646278189664,TRUE,saithe,gadoids_unknown,TRUE,0.8945000000000001,0.2925,norway_pout,0.279,0.013499999999999956,0.227,0.2925,0.085,0.011,0.279,0.015,0.0905
f2r3-15,f2r3,f2r3-15,f2r3;f2r3-15,110,No_MP_1,No_MP,f2r3,1.4467216331241193,0.6070802048015873,0.6736001263080591,3.3437047929941364,2.383081546196936,16.597921090024883,0.4088229997741899,0.75710509443929,0.766957170871543,0.40977204520350596,TRUE,saithe,saithe,FALSE,0.928,0.687,cod,0.167,0.52,0.167,0.687,0.011,0.0235,0.0395,0.03,0.042
f2r3-16,f2r3,f2r3-16,f2r3;f2r3-16,110,No_MP_1,No_MP,f2r3,5.076435399343706,1.8252447670277925,7.076759742212694,11.454418283996729,2.7812354217073665,18.54008091332136,0.471072340929006,0.6777948096941704,0.7637557195206869,0.34964461369272526,TRUE,saithe,gadoids_unknown,TRUE,0.967,0.428,norway_pout,0.2495,0.1785,0.147,0.428,0.125,0.0175,0.2495,0.028,0.005
f2r3-17,f2r3,f2r3-17,f2r3;f2r3-17,110,No_MP_1,No_MP,f2r3,5.3391531699911665,1.8526432082602613,7.585329343972143,11.97569893431718,2.881911177600645,18.907203426753718,0.48478986032952665,0.6646340196762119,0.7668497374097675,0.33879719060348906,TRUE,saithe,saithe,FALSE,0.951,0.564,norway_pout,0.164,0.3999999999999999,0.096,0.564,0.116,0.011,0.164,0.046,0.003
f2r3-18,f2r3,f2r3-18,f2r3;f2r3-18,110,No_MP_1,No_MP,f2r3,2.9571103442726696,1.5091314112680825,3.2463702525010407,7.102568211946928,1.9594783609916977,15.539347419319913,0.32420522942096597,0.8086807171024138,0.72745052389534,0.4726864007791831,TRUE,saithe,gadoids_unknown,TRUE,0.6775,0.295,poor_cod,0.2465,0.04849999999999999,0.0095,0.295,0.036,0.2465,0.0905,0.076,0.2465
f2r3-19,f2r3,f2r3-19,f2r3;f2r3-19,110,No_MP_1,No_MP,f2r3,5.193847283596413,1.8639761998592705,7.290533396309153,11.675263154760655,2.78643433536788,18.69709146410602,0.47179857806627323,0.6721029652383966,0.753060321130725,0.34410506943025104,TRUE,saithe,saithe,FALSE,0.957,0.583,norway_pout,0.179,0.40399999999999997,0.098,0.583,0.0795,0.0175,0.179,0.038,0.005
f2r3-2,f2r3,f2r3-2,f2r3;f2r3-2,110,No_MP_1,No_MP,f2r3,2.8322155965549314,1.4144958989275878,2.955433085758398,6.77402882592592,2.002279114914508,15.526477914724993,0.3338394188386607,0.8093510120824946,0.7377226679719752,0.46911425430792286,TRUE,saithe,gadoids_unknown,TRUE,0.667,0.271,poor_cod,0.256,0.015000000000000013,0.007,0.271,0.011,0.256,0.122,0.081,0.252
f2r3-20,f2r3,f2r3-20,f2r3;f2r3-20,110,No_MP_1,No_MP,f2r3,0.9035655664068042,0.5309669364535683,0.38486390973615364,2.3192572325393424,1.7017360298211688,13.976249719994872,0.25973523026511863,0.8991232173235514,0.8021951593283094,0.6002027233091275,TRUE,wrasse,wrasse,FALSE,0.381,0.4525,saithe,0.3025,0.15000000000000002,0.012,0.3025,0.001,0.06,0.0055,0.1665,0.4525
f2r3-21,f2r3,f2r3-21,f2r3;f2r3-21,110,No_MP_1,No_MP,f2r3,0.8764130624267058,0.5268724565943795,0.372370017782668,2.274577323156568,1.6634254675063138,13.893981126154214,0.24908730339935486,0.9044470767780207,0.8064182880432589,0.6172585871692571,TRUE,wrasse,wrasse,FALSE,0.3665,0.456,saithe,0.2995,0.15650000000000003,0.0085,0.2995,5e-4,0.0535,0.0045,0.1775,0.456
f2r3-22,f2r3,f2r3-22,f2r3;f2r3-22,110,No_MP_1,No_MP,f2r3,1.4612824124074388,0.6265057408859186,0.6999773223061022,3.409617631041994,2.332432597251373,16.608384328240504,0.39983782368182874,0.7566281202315155,0.7645832118369618,0.4173743677303465,TRUE,saithe,saithe,FALSE,0.9075000000000001,0.7375,cod,0.117,0.6205,0.117,0.7375,0.003,0.0275,0.0225,0.044,0.0485
f2r3-23,f2r3,f2r3-23,f2r3;f2r3-23,110,No_MP_1,No_MP,f2r3,5.048330973947296,1.8056648973598153,6.9725571916333555,11.419975017038087,2.7958293819239675,18.704160583475044,0.4731059279102073,0.6718489481672568,0.7649043132849448,0.3483425798117501,TRUE,saithe,gadoids_unknown,TRUE,0.974,0.442,norway_pout,0.2485,0.1935,0.1215,0.442,0.1515,0.0105,0.2485,0.0215,0.0045
f2r3-24,f2r3,f2r3-24,f2r3;f2r3-24,110,No_MP_1,No_MP,f2r3,4.857082749593258,1.7986818199994565,6.742561832941615,11.004331284082435,2.7003568366498114,17.959836336718393,0.4595115854257077,0.6996929358797982,0.7717827903581219,0.3639016722875589,TRUE,saithe,saithe,FALSE,0.98,0.5385,norway_pout,0.2785,0.25999999999999995,0.1335,0.5385,0.021,0.0085,0.2785,0.0165,0.0035
f2r3-25,f2r3,f2r3-25,f2r3;f2r3-25,110,No_MP_1,No_MP,f2r3,4.49703357135341,1.4905060018264986,5.190080784864682,10.040318802838984,3.0171187273601356,19.4232047325002,0.5021307221073082,0.6469772000771986,0.7743089139820063,0.3267623246584785,TRUE,saithe,saithe,FALSE,0.9745,0.62,norway_pout,0.2175,0.40249999999999997,0.071,0.62,0.057,0.009,0.2175,0.0175,0.008
f2r3-26,f2r3,f2r3-26,f2r3;f2r3-26,110,No_MP_1,No_MP,f2r3,5.256581640366957,1.86191794057066,7.60023640068009,11.892367487253283,2.8232080081659587,18.608421764252437,0.4768791036929677,0.6753055564604464,0.7765387825045689,0.35021149098667276,TRUE,saithe,saithe,FALSE,0.9445,0.601,norway_pout,0.1585,0.4425,0.1025,0.601,0.0755,0.007,0.1585,0.052,0.0035
f2r3-3,f2r3,f2r3-3,f2r3;f2r3-3,110,No_MP_1,No_MP,f2r3,4.326048350965058,1.7169632240895127,5.547834633239036,9.838126136472129,2.519592901157866,17.446216817141693,0.4317524622401512,0.7202920120774922,0.7469149379933411,0.377442576207254,TRUE,saithe,gadoids_unknown,TRUE,0.975,0.3865,norway_pout,0.2945,0.09200000000000003,0.276,0.3865,0.0135,0.0045,0.2945,0.015,0.01
f2r3-4,f2r3,f2r3-4,f2r3;f2r3-4,110,No_MP_1,No_MP,f2r3,4.900947066256412,1.7914430443834084,6.875241906558659,11.131152965114971,2.7357537721458822,18.02155735270792,0.46463280987302197,0.697296596982,0.7830778982386003,0.3644501039519417,TRUE,saithe,saithe,FALSE,0.9555,0.5465,norway_pout,0.2235,0.32299999999999995,0.131,0.5465,0.045,0.0095,0.2235,0.042,0.0025
f2r3-5,f2r3,f2r3-5,f2r3;f2r3-5,110,No_MP_1,No_MP,f2r3,4.95519149247298,1.762260866039269,6.846281712905457,11.20998070809933,2.811837672824179,18.355024339573877,0.47531868571984437,0.6846283819556575,0.7840145565778116,0.35501278993828034,TRUE,saithe,saithe,FALSE,0.9680000000000001,0.6085,norway_pout,0.2225,0.386,0.089,0.6085,0.0355,0.0125,0.2225,0.029,0.003
f2r3-6,f2r3,f2r3-6,f2r3;f2r3-6,110,No_MP_1,No_MP,f2r3,5.24909842568523,1.7818153567325876,7.433512970638259,11.895787661584688,2.9459272566326904,19.036727943902427,0.4931482843130954,0.6601118979789934,0.7947795603266737,0.3435063657043043,TRUE,saithe,saithe,FALSE,0.9299999999999999,0.598,norway_pout,0.162,0.43599999999999994,0.075,0.598,0.082,0.013,0.162,0.0655,0.0045
f2r3-7,f2r3,f2r3-7,f2r3;f2r3-7,110,No_MP_1,No_MP,f2r3,4.626330074873458,1.5636297676898658,5.486812565091725,10.320259788911201,2.9587119473355123,19.411591128197564,0.4947851658299769,0.647364274848396,0.7584895113983849,0.32640515784207325,TRUE,saithe,saithe,FALSE,0.981,0.616,norway_pout,0.222,0.394,0.0995,0.616,0.0405,0.003,0.222,0.0125,0.0065
f2r3-8,f2r3,f2r3-8,f2r3;f2r3-8,110,No_MP_1,No_MP,f2r3,4.872784026791605,1.8337433449972531,6.703679929627475,10.994201340513928,2.6572879133196823,18.030762862282888,0.4531466902794042,0.696940595932619,0.7502354075663771,0.3594753071302196,TRUE,saithe,gadoids_unknown,TRUE,0.977,0.3935,norway_pout,0.284,0.10950000000000004,0.2205,0.3935,0.0715,0.0075,0.284,0.016,0.007
f2r3-9,f2r3,f2r3-9,f2r3;f2r3-9,110,No_MP_1,No_MP,f2r3,2.889358614351735,1.3816165462643146,2.941490144838935,6.82735645019477,2.091288369529252,15.846660638928801,0.35302056588639635,0.7929980265677369,0.7368488737773838,0.44861585721825564,TRUE,saithe,gadoids_unknown,TRUE,0.7015,0.3585,wrasse,0.225,0.13349999999999998,0.018,0.3585,0.0435,0.205,0.0765,0.0735,0.225
f3r1-1,f3r1,f3r1-1,f3r1;f3r1-1,77,No_MP_1,No_MP,f3r1,2.473613188427707,1.0360441211843254,1.9523388863076216,5.766315588140045,2.3875558365217726,17.03105731039962,0.4096038275036871,0.7378502922825472,0.7618073633142911,0.4062578330545936,TRUE,saithe,saithe,FALSE,0.914,0.7465,cod,0.1095,0.637,0.1095,0.7465,0.009,0.008,0.041,0.0445,0.0415
f3r1-10,f3r1,f3r1-10,f3r1;f3r1-10,77,No_MP_1,No_MP,f3r1,2.059994981255494,0.9608324697670267,1.524558660982891,4.947090762091345,2.1439689499200427,16.052978238693157,0.36386140198653555,0.7828061825979388,0.7702475157985217,0.4574271452883095,TRUE,saithe,saithe,FALSE,0.706,0.5165,wrasse,0.215,0.3015,0.0315,0.5165,0.0105,0.121,0.0265,0.079,0.215
f3r1-11,f3r1,f3r1-11,f3r1;f3r1-11,77,No_MP_1,No_MP,f3r1,2.2229212889717562,1.0129616351412,1.7654416855033848,5.341788968713058,2.1944772752048953,16.162929436056878,0.3739194779929311,0.7774810045464676,0.7840365239895308,0.4548993594690849,TRUE,saithe,gadoids_unknown,TRUE,0.6665,0.327,wrasse,0.209,0.11800000000000002,0.005,0.327,0.014,0.2055,0.115,0.1245,0.209
f3r1-12,f3r1,f3r1-12,f3r1;f3r1-12,77,No_MP_1,No_MP,f3r1,2.5645154361265443,1.0500054610053413,2.121678018693743,5.992723318780926,2.4423829507240047,16.926570600741353,0.4190071155275277,0.7424049980808747,0.787920865823839,0.41075131325801884,TRUE,saithe,saithe,FALSE,0.965,0.8065,cod,0.0935,0.713,0.0935,0.8065,0.018,0.0035,0.0435,0.02,0.015
f3r1-13,f3r1,f3r1-13,f3r1;f3r1-13,77,No_MP_1,No_MP,f3r1,3.291377912153974,1.2580973668036943,3.246710324286941,7.560735653768892,2.6161551553962834,17.606967643079436,0.4469263861603233,0.7137157782702286,0.7840640441838912,0.3815910323975758,TRUE,saithe,saithe,FALSE,0.8985000000000001,0.7225,lesser_sand_eel,0.086,0.6365000000000001,0.0855,0.7225,0.0155,0.0075,0.0675,0.086,0.0155
f3r1-14,f3r1,f3r1-14,f3r1;f3r1-14,77,No_MP_1,No_MP,f3r1,3.778355086472393,1.2680100907919676,3.7570338525311198,8.466050789312732,2.979751591813064,19.07728777022752,0.49745607135020814,0.6587084477475125,0.7841869820460821,0.3350809103520175,TRUE,saithe,saithe,FALSE,0.971,0.7085,norway_pout,0.135,0.5735,0.0915,0.7085,0.033,0.003,0.135,0.0165,0.0125
f3r1-15,f3r1,f3r1-15,f3r1;f3r1-15,77,No_MP_1,No_MP,f3r1,2.861000321806884,1.1555638385322677,2.609000758708788,6.673593366822174,2.4758479163217553,17.070462044531755,0.42460083175432517,0.7361470698084944,0.7891550788292073,0.4058340767500366,TRUE,saithe,saithe,FALSE,0.8685,0.681,cod,0.1435,0.5375000000000001,0.1435,0.681,0.009,0.0055,0.0295,0.106,0.0255
f3r1-16,f3r1,f3r1-16,f3r1;f3r1-16,77,No_MP_1,No_MP,f3r1,2.2124422557600605,0.9780876541716865,1.673289918331706,5.288852199560985,2.262008160847007,16.71674303559392,0.38688074910251496,0.751723621497464,0.7732527492558341,0.4352486412158002,TRUE,saithe,gadoids_unknown,TRUE,0.743,0.401,wrasse,0.1665,0.23450000000000001,0.0135,0.401,0.0385,0.149,0.141,0.0905,0.1665
f3r1-17,f3r1,f3r1-17,f3r1;f3r1-17,77,No_MP_1,No_MP,f3r1,2.5679823166346445,1.0337846247700575,2.0342562875382217,5.946064606795632,2.484059305105099,17.380152404972424,0.42595695857718224,0.7230299436709176,0.7662730815375656,0.39276404853724745,TRUE,saithe,saithe,FALSE,0.9564999999999999,0.7555,cod,0.1325,0.623,0.1325,0.7555,0.0185,0.006,0.044,0.0175,0.026
f3r1-18,f3r1,f3r1-18,f3r1;f3r1-18,77,No_MP_1,No_MP,f3r1,2.5158513454768667,1.0773044484255225,2.1189147711115583,5.920952909521742,2.3353206692442203,16.54511254286227,0.4003575073178203,0.7595216159336693,0.7817899064473275,0.4262394615321432,TRUE,saithe,saithe,FALSE,0.816,0.6445,wrasse,0.1005,0.5439999999999999,0.049,0.6445,0.0355,0.058,0.029,0.0835,0.1005
f3r1-19,f3r1,f3r1-19,f3r1;f3r1-19,77,No_MP_1,No_MP,f3r1,1.6967474453603373,0.7448117969460262,0.9336570276515378,3.945516747087216,2.27808884380935,16.67325574649419,0.3898884089804377,0.753684271711687,0.7387944423662925,0.41291730215331734,TRUE,saithe,saithe,FALSE,0.8415,0.6635,wrasse,0.129,0.5345,0.1195,0.6635,0.004,0.0225,0.032,0.0295,0.129
f3r1-2,f3r1,f3r1-2,f3r1;f3r1-2,77,No_MP_1,No_MP,f3r1,2.418937374967626,1.0691822518350864,1.9960461099794609,5.733242469900281,2.262418189991363,16.467590129471763,0.38695780751354414,0.7630971208027189,0.7717812150386293,0.4343416116516842,TRUE,saithe,saithe,FALSE,0.762,0.616,lesser_sand_eel,0.153,0.46299999999999997,0.0305,0.616,0.0225,0.0565,0.0365,0.153,0.085
f3r1-20,f3r1,f3r1-20,f3r1;f3r1-20,77,No_MP_1,No_MP,f3r1,5.621673405155605,2.6465476878700307,10.603972749690646,13.361832934806555,2.1241534512759856,16.836951922843234,0.3598265798425657,0.7463566251151417,0.7127270925223946,0.4272159896256594,TRUE,poor_cod,poor_cod,FALSE,0.8045,0.5085,lesser_sand_eel,0.1895,0.31899999999999995,0.0445,0.0235,0.047,0.5085,0.181,0.1895,0.006
f3r1-21,f3r1,f3r1-21,f3r1;f3r1-21,77,No_MP_1,No_MP,f3r1,1.642763719604501,0.7371179150049701,0.9081318978565834,3.86767838619141,2.228630842045705,16.472206443049725,0.38054237296055426,0.7628832638666582,0.7499578597913991,0.42845857912244373,TRUE,saithe,saithe,FALSE,0.8069999999999999,0.6345,wrasse,0.13,0.5045,0.0525,0.6345,0.003,0.093,0.024,0.063,0.13
f3r1-22,f3r1,f3r1-22,f3r1;f3r1-22,77,No_MP_1,No_MP,f3r1,5.310944966316409,2.3822142128677273,9.432096380577219,12.526465831482763,2.2294153639202134,16.635999028850314,0.3806928578019199,0.7553721656611334,0.7455136804401893,0.42576969479944465,TRUE,poor_cod,gadoids_unknown,TRUE,0.7225,0.4895,lesser_sand_eel,0.265,0.22449999999999998,0.0275,0.0555,0.0825,0.4895,0.0675,0.265,0.0125
f3r1-23,f3r1,f3r1-23,f3r1;f3r1-23,77,No_MP_1,No_MP,f3r1,6.280526455116101,2.734627132834246,12.289685486419206,14.756130934140405,2.2966664740895713,17.717573031963596,0.39332655707844,0.709260268982025,0.7155608987459128,0.39669688360417854,TRUE,norway_pout,gadoids_unknown,TRUE,0.9825,0.313,haddock,0.301,0.01200000000000001,0.1025,0.042,0.301,0.224,0.313,0.014,0.0035
f3r1-24,f3r1,f3r1-24,f3r1;f3r1-24,77,No_MP_1,No_MP,f3r1,2.2049917958165666,0.9737757090760318,1.6546121141929373,5.228059516655492,2.264373382150573,16.519041577925325,0.38732498833132933,0.7607203211566358,0.7706022716556676,0.43330366505319606,TRUE,saithe,saithe,FALSE,0.7725000000000001,0.6155,wrasse,0.142,0.47350000000000003,0.04,0.6155,0.0095,0.087,0.0205,0.0855,0.142
f3r1-25,f3r1,f3r1-25,f3r1;f3r1-25,77,No_MP_1,No_MP,f3r1,5.2770311874300315,2.4418830825530695,9.240539388818508,12.490717946415206,2.1610498983893693,16.884083087799844,0.3672988202372105,0.7442732038815553,0.7171050743483859,0.4225013680022416,TRUE,poor_cod,gadoids_unknown,TRUE,0.7805,0.438,norway_pout,0.226,0.212,0.0225,0.039,0.055,0.438,0.226,0.1995,0.02
f3r1-26,f3r1,f3r1-26,f3r1;f3r1-26,77,No_MP_1,No_MP,f3r1,5.540400212665794,2.5152639770585044,10.043717998376755,13.061964733081888,2.2027112315841535,16.987227510355176,0.3755290891427816,0.7397540656177642,0.7207253572115723,0.41660296299265104,TRUE,poor_cod,gadoids_unknown,TRUE,0.813,0.3585,norway_pout,0.3095,0.04899999999999999,0.0385,0.026,0.0805,0.3585,0.3095,0.179,0.008
f3r1-27,f3r1,f3r1-27,f3r1;f3r1-27,77,No_MP_1,No_MP,f3r1,5.634360356586592,2.4916122529924056,10.257164013869973,13.289994830820417,2.261331132008912,17.21957086426603,0.38675346996487237,0.7297725775754867,0.7306379437324249,0.4113847413481954,TRUE,haddock,gadoids_unknown,TRUE,0.9105,0.3235,norway_pout,0.2075,0.11600000000000002,0.0695,0.1055,0.3235,0.2045,0.2075,0.087,0.0025
f3r1-28,f3r1,f3r1-28,f3r1;f3r1-28,77,No_MP_1,No_MP,f3r1,4.739868167804319,2.3361727718188656,8.049172191766528,11.337877911851555,2.0289030952595244,15.970272778552578,0.3396949532224521,0.7868601111958021,0.7269089190615692,0.4561721963618444,TRUE,poor_cod,poor_cod,FALSE,0.759,0.622,lesser_sand_eel,0.2225,0.39949999999999997,0.0055,0.0455,0.0055,0.622,0.0805,0.2225,0.0185
f3r1-29,f3r1,f3r1-29,f3r1;f3r1-29,77,No_MP_1,No_MP,f3r1,2.4820832240669053,1.0470767098029568,2.1321434190704593,5.960541580827106,2.3704884282394114,16.66307041965211,0.4066141918058125,0.7541449623557152,0.8203922995937812,0.44065008105305226,TRUE,saithe,saithe,FALSE,0.6675000000000001,0.554,lesser_sand_eel,0.223,0.33100000000000007,0.0525,0.554,0.0045,0.0415,0.015,0.223,0.1095
f3r1-3,f3r1,f3r1-3,f3r1;f3r1-3,77,No_MP_1,No_MP,f3r1,2.233688378063331,0.9087412230379759,1.617946708573212,5.241569685114702,2.4580026980574057,16.980814397862005,0.4216314518425519,0.7400334471555946,0.7970790581883669,0.4128850541814933,TRUE,saithe,saithe,FALSE,0.9415,0.7835,cod,0.1275,0.6559999999999999,0.1275,0.7835,0.005,0.0025,0.023,0.024,0.0345
f3r1-30,f3r1,f3r1-30,f3r1;f3r1-30,77,No_MP_1,No_MP,f3r1,5.612192523018254,2.556088376505137,10.516001746582955,13.362146192448943,2.195617559472508,16.978596539924926,0.37414288074880436,0.7401301152783466,0.733064558728992,0.4251044454398624,TRUE,poor_cod,gadoids_unknown,TRUE,0.8310000000000001,0.4575,norway_pout,0.196,0.2615,0.047,0.042,0.0885,0.4575,0.196,0.16,0.009
f3r1-31,f3r1,f3r1-31,f3r1;f3r1-31,77,No_MP_1,No_MP,f3r1,5.530509730308377,2.5646283560649983,10.234956601651735,13.14785875205512,2.1564565942778695,16.889782389120725,0.36637810777259944,0.7440220557520973,0.7215998013410593,0.4260551336755014,TRUE,poor_cod,gadoids_unknown,TRUE,0.7645,0.4565,lesser_sand_eel,0.229,0.2275,0.023,0.0295,0.0475,0.4565,0.208,0.229,0.0065
f3r1-32,f3r1,f3r1-32,f3r1;f3r1-32,77,No_MP_1,No_MP,f3r1,5.327147293159955,2.478479528190872,9.66465387608363,12.61163280856126,2.149361022581625,16.45721451976419,0.36495054531393784,0.763578222746484,0.7319918809948003,0.4336177122018416,TRUE,poor_cod,poor_cod,FALSE,0.7075,0.5445,lesser_sand_eel,0.2845,0.26,0.025,0.03,0.055,0.5445,0.053,0.2845,0.008
f3r1-33,f3r1,f3r1-33,f3r1;f3r1-33,77,No_MP_1,No_MP,f3r1,5.112644383650006,2.374937871653548,8.761030349888673,12.069661468097701,2.1527486864699887,16.627807704870406,0.3656329130885079,0.7557442831551625,0.7215349059599377,0.426750591441026,TRUE,poor_cod,gadoids_unknown,TRUE,0.77,0.4715,norway_pout,0.22,0.25149999999999995,0.0205,0.024,0.034,0.4715,0.22,0.2055,0.0245
f3r1-34,f3r1,f3r1-34,f3r1;f3r1-34,77,No_MP_1,No_MP,f3r1,5.619245020404795,2.5518397259853645,10.32630600296816,13.227507838677557,2.202036814140036,16.94380968102091,0.37539756221162135,0.7416496555928038,0.720134515852899,0.4163889255733,TRUE,poor_cod,gadoids_unknown,TRUE,0.8555,0.399,norway_pout,0.239,0.16000000000000003,0.0445,0.044,0.129,0.399,0.239,0.134,0.0105
f3r1-35,f3r1,f3r1-35,f3r1;f3r1-35,77,No_MP_1,No_MP,f3r1,7.403472674087956,3.5964204150553556,19.301220621808255,17.699777613866065,2.0585670805046865,16.231208052528032,0.34609902370688406,0.7742104329937379,0.7249012404406869,0.4483569829215258,TRUE,poor_cod,poor_cod,FALSE,0.9654999999999999,0.941,lesser_sand_eel,0.033,0.9079999999999999,0.0195,0.0015,0.002,0.941,0.0015,0.033,0.0015
f3r1-36,f3r1,f3r1-36,f3r1;f3r1-36,77,No_MP_1,No_MP,f3r1,5.774736914687655,2.7176618153765832,11.128014285783115,13.742974362674628,2.124891655766027,16.97242108813853,0.3599778103315631,0.7403994132069585,0.7090715469920529,0.4248771607846291,TRUE,poor_cod,poor_cod,FALSE,0.874,0.5585,norway_pout,0.1805,0.378,0.029,0.0385,0.0675,0.5585,0.1805,0.113,0.013
f3r1-37,f3r1,f3r1-37,f3r1;f3r1-37,77,No_MP_1,No_MP,f3r1,6.984856840707774,3.4647989607162546,18.10530811940573,16.84778252731072,2.0159486653920724,15.67759986273424,0.33685873935788607,0.8015493904924516,0.748118458421102,0.4724991373839381,TRUE,poor_cod,poor_cod,FALSE,0.977,0.951,lesser_sand_eel,0.019,0.9319999999999999,0.0125,0.0045,0.009,0.951,0,0.019,0.004
f3r1-38,f3r1,f3r1-38,f3r1;f3r1-38,77,No_MP_1,No_MP,f3r1,4.69659859361064,2.3497307227658957,7.924450792585703,11.230455517758715,1.998781625531209,15.915693647105595,0.33306247344845696,0.7895584630484814,0.7180714071521985,0.45741710842815003,TRUE,poor_cod,poor_cod,FALSE,0.731,0.5525,lesser_sand_eel,0.1815,0.371,0.005,0.05,0.0215,0.5525,0.102,0.1815,0.0875
f3r1-39,f3r1,f3r1-39,f3r1;f3r1-39,77,No_MP_1,No_MP,f3r1,7.748056009617478,3.5580592042451813,20.611641005752517,18.392105952201614,2.1776073878627824,16.411578353349068,0.37059562246764094,0.7657015275313107,0.7476643065812432,0.43715674672675137,TRUE,poor_cod,poor_cod,FALSE,0.9895,0.8725,haddock,0.0515,0.8210000000000001,0.046,0.008,0.0515,0.8725,0.0115,0.0105,0
f3r1-4,f3r1,f3r1-4,f3r1;f3r1-4,77,No_MP_1,No_MP,f3r1,1.804646885505504,0.7862420127587425,1.1240590087546523,4.287442954308937,2.295281676914482,16.353382645648644,0.3930716108394447,0.768426379217811,0.7922105609715371,0.4394553505701902,TRUE,saithe,saithe,FALSE,0.7295,0.5845,wrasse,0.162,0.4225,0.035,0.5845,0.0035,0.09,0.0165,0.1085,0.162
f3r1-40,f3r1,f3r1-40,f3r1;f3r1-40,77,No_MP_1,No_MP,f3r1,5.623436039812681,2.522543973489953,10.246997390258578,13.286713325357024,2.229271758554372,17.228144427756614,0.3806653172802875,0.7294094072088946,0.7223640429668001,0.41257530028395034,TRUE,norway_pout,gadoids_unknown,TRUE,0.9235,0.4045,haddock,0.2175,0.18700000000000003,0.0495,0.0475,0.2175,0.2045,0.4045,0.0755,0.001
f3r1-41,f3r1,f3r1-41,f3r1;f3r1-41,77,No_MP_1,No_MP,f3r1,6.1392930700584865,2.681937400382252,11.951845793547841,14.524621362024842,2.2891261627446875,17.651217172169076,0.3919357601257066,0.7119265766087081,0.7258852618769213,0.40374612609991695,TRUE,norway_pout,gadoids_unknown,TRUE,0.978,0.2955,haddock,0.2915,0.0040000000000000036,0.0715,0.0475,0.2915,0.272,0.2955,0.0215,5e-4
f3r1-42,f3r1,f3r1-42,f3r1;f3r1-42,77,No_MP_1,No_MP,f3r1,5.565452541898982,2.5714016473456374,10.634525218859624,13.300617124124862,2.1643653171195534,16.635102389792795,0.3679617238945873,0.7554128805404784,0.7431007573516656,0.43714675267572994,TRUE,poor_cod,gadoids_unknown,TRUE,0.7735,0.4865,lesser_sand_eel,0.2175,0.269,0.036,0.03,0.0375,0.4865,0.1835,0.2175,0.009
f3r1-43,f3r1,f3r1-43,f3r1;f3r1-43,77,No_MP_1,No_MP,f3r1,5.142668410329562,2.5507910838755126,9.418054428582813,12.327241461127006,2.016107255054425,16.135060929329867,0.3368936079284387,0.7788238711585137,0.7179559234627341,0.45341331461303025,TRUE,poor_cod,poor_cod,FALSE,0.742,0.5305,lesser_sand_eel,0.251,0.27949999999999997,0.0095,0.026,0.0085,0.5305,0.1675,0.251,0.007
f3r1-5,f3r1,f3r1-5,f3r1;f3r1-5,77,No_MP_1,No_MP,f3r1,2.058501660343699,0.8808783256943286,1.354664615079654,4.805021893314181,2.3368740043877687,17.043506664467657,0.40063664454512454,0.7373113327996973,0.7470757526947847,0.4070422236961768,TRUE,saithe,saithe,FALSE,0.9205,0.7155,cod,0.1585,0.557,0.1585,0.7155,0.0045,0.0055,0.0365,0.0285,0.051
f3r1-6,f3r1,f3r1-6,f3r1;f3r1-6,77,No_MP_1,No_MP,f3r1,1.927291545152857,0.8580426221034732,1.266836333949496,4.57343343556211,2.246148962190413,16.510651635881562,0.38388532895592864,0.761106883694976,0.7660625525672246,0.43424597036439266,TRUE,saithe,saithe,FALSE,0.7204999999999999,0.5245,wrasse,0.2135,0.31099999999999994,0.0605,0.5245,0.0065,0.105,0.024,0.066,0.2135
f3r1-7,f3r1,f3r1-7,f3r1;f3r1-7,77,No_MP_1,No_MP,f3r1,1.5933731789820884,0.6325373749755183,0.7594083518498594,3.624281214551035,2.519018230414856,17.296905268622186,0.43165966498439523,0.7265097668746247,0.7534799056536852,0.38084695079145764,TRUE,saithe,saithe,FALSE,0.9710000000000001,0.7425,cod,0.1835,0.559,0.1835,0.7425,0.0055,5e-4,0.039,0.0065,0.0225
f3r1-8,f3r1,f3r1-8,f3r1;f3r1-8,77,No_MP_1,No_MP,f3r1,1.4142760031744501,0.6554919710330872,0.730793446643219,3.412392989540776,2.157579445169225,15.93394955654544,0.36660342685603803,0.7886538469175137,0.7883028472443792,0.4651964777408894,TRUE,saithe,gadoids_unknown,TRUE,0.619,0.4355,wrasse,0.2215,0.214,0.0145,0.4355,0.022,0.11,0.037,0.1595,0.2215
f3r1-9,f3r1,f3r1-9,f3r1;f3r1-9,77,No_MP_1,No_MP,f3r1,1.7881860618776335,0.8340675012644335,1.1564391760667958,4.336071102846609,2.143934464736692,16.258107644612895,0.3638544243104946,0.7729294754991382,0.7753698160340939,0.4604765340576228,TRUE,saithe,gadoids_unknown,TRUE,0.5375,0.3925,lesser_sand_eel,0.259,0.1335,0.0135,0.3925,0.0205,0.0775,0.0335,0.259,0.2035
f3r3-20,f3r3,f3r3-20,f3r3;f3r3-20,77,No_MP_1,No_MP,f3r3,2.539113394058159,1.0310859271517119,2.0527116783404424,5.9200731352146345,2.462562359930802,17.0736427799859,0.4223930742318908,0.7360099292395733,0.7840630674271143,0.405390791014367,TRUE,saithe,saithe,FALSE,0.9665,0.8185,cod,0.104,0.7145,0.104,0.8185,0.0115,0.0035,0.029,0.0185,0.015
f3r3-21,f3r3,f3r3-21,f3r3;f3r3-21,77,No_MP_1,No_MP,f3r3,2.5474171212045884,1.1052638288042766,2.193917505252508,6.055622831122585,2.3048045677569102,16.714652116599304,0.3948204927114731,0.7518176583453701,0.7792095607411422,0.43045750613766487,TRUE,saithe,saithe,FALSE,0.8355,0.7075,lesser_sand_eel,0.1005,0.607,0.0575,0.7075,0.0095,0.0365,0.0245,0.1005,0.064
f3r3-22,f3r3,f3r3-22,f3r3;f3r3-22,77,No_MP_1,No_MP,f3r3,2.3243717611037216,0.9218590297913928,1.7277212715122228,5.424683061415266,2.521396098522464,17.03236905282121,0.4320434441217288,0.7377934669797271,0.8063128399673453,0.4071670428441382,TRUE,saithe,saithe,FALSE,0.8915,0.749,cod,0.1,0.649,0.1,0.749,0.008,0.0055,0.029,0.0825,0.026
f3r3-23,f3r3,f3r3-23,f3r3;f3r3-23,77,No_MP_1,No_MP,f3r3,2.0123493289456125,0.851217540281225,1.3005960350940011,4.675683174321865,2.364083484793762,16.809226352175145,0.40548443311815974,0.7475876849461939,0.7592739297765311,0.40892701078290583,TRUE,saithe,saithe,FALSE,0.9445,0.757,cod,0.1315,0.6255,0.1315,0.757,0.0065,0.0115,0.038,0.0185,0.037
f3r3-24,f3r3,f3r3-24,f3r3;f3r3-24,77,No_MP_1,No_MP,f3r3,2.719823970732836,1.1487962755501435,2.3945079148640507,6.3769886708115555,2.3675424691208615,16.983023633048948,0.40609509209185274,0.7399371799674722,0.7663593510018,0.41214003292426454,TRUE,saithe,saithe,FALSE,0.913,0.7485,cod,0.1155,0.633,0.1155,0.7485,0.008,0.011,0.03,0.062,0.025
f3r3-25,f3r3,f3r3-25,f3r3;f3r3-25,77,No_MP_1,No_MP,f3r3,2.5245556948189805,1.0172896743155244,2.0274314263200646,5.900285900689148,2.4816487953813238,17.17117198536276,0.42555952149649484,0.7318295236382896,0.7894353713784111,0.4050292429462143,TRUE,saithe,saithe,FALSE,0.9445,0.7965,cod,0.081,0.7155,0.081,0.7965,0.021,0.005,0.041,0.0285,0.027
f3r3-26,f3r3,f3r3-26,f3r3;f3r3-26,77,No_MP_1,No_MP,f3r3,2.187086049511924,0.8921824287645379,1.4972636342944536,5.047630599991347,2.4513888404421085,17.016759166781686,0.4205231306989425,0.7384702628271257,0.7673239263759571,0.3985443478265657,TRUE,saithe,saithe,FALSE,0.976,0.8305,cod,0.1075,0.723,0.1075,0.8305,0.007,0.002,0.029,0.012,0.012
f3r3-27,f3r3,f3r3-27,f3r3;f3r3-27,77,No_MP_1,No_MP,f3r3,2.9090203597949733,1.1873076845746555,2.6379788826529826,6.718423887393558,2.450098148600048,17.110531030978695,0.42030634670160233,0.7344231801811235,0.7637676774530981,0.396906226176884,TRUE,saithe,saithe,FALSE,0.9655,0.7435,cod,0.1655,0.5780000000000001,0.1655,0.7435,0.006,0.006,0.0445,0.0145,0.02
f3r3-28,f3r3,f3r3-28,f3r3;f3r3-28,77,No_MP_1,No_MP,f3r3,3.1649274304693984,1.3270360040120723,3.0906823914362067,7.300861410422746,2.3849597304826453,17.246216396059665,0.4091510212102791,0.7286450735495978,0.7358815518005744,0.39285925041759795,TRUE,saithe,saithe,FALSE,0.9305,0.6775,cod,0.1945,0.483,0.1945,0.6775,0.0075,0.0015,0.0495,0.015,0.0545
f3r3-29,f3r3,f3r3-29,f3r3;f3r3-29,77,No_MP_1,No_MP,f3r3,2.744246125475626,1.1232833395878628,2.462577094821997,6.434336438065506,2.443057800966318,16.81193473506667,0.4191209919744345,0.7474672494503553,0.7988724759788307,0.4163454615009176,TRUE,saithe,saithe,FALSE,0.8410000000000001,0.7175,lesser_sand_eel,0.1295,0.5880000000000001,0.068,0.7175,0.016,0.0135,0.026,0.1295,0.0295
f3r3-3,f3r3,f3r3-3,f3r3;f3r3-3,77,No_MP_1,No_MP,f3r3,2.2644266162024618,0.9386272647355935,1.6524225926885383,5.278702077993118,2.412487577633214,16.862935517525337,0.4139172804294478,0.7452065864391865,0.777445059484993,0.4103124935326697,TRUE,saithe,saithe,FALSE,0.8969999999999999,0.6475,haddock,0.0915,0.5559999999999999,0.074,0.6475,0.0915,0.023,0.061,0.03,0.073
f3r3-30,f3r3,f3r3-30,f3r3;f3r3-30,77,No_MP_1,No_MP,f3r3,2.687972171000536,1.0105336427646399,2.1014601139558122,6.098398634007886,2.659953174489791,17.69744077096067,0.4535449213011294,0.7100671095325289,0.7736519182532888,0.37032389352840606,TRUE,saithe,saithe,FALSE,0.9724999999999999,0.7835,cod,0.123,0.6605,0.123,0.7835,0.027,5e-4,0.0385,0.013,0.0145
f3r3-31,f3r3,f3r3-31,f3r3;f3r3-31,77,No_MP_1,No_MP,f3r3,2.4127312957888574,0.9033414759085308,1.6764702628977877,5.482048818361999,2.670896178393963,17.92627039799541,0.45517391317914885,0.7010030717691504,0.7691923317170023,0.3666807052148455,TRUE,saithe,saithe,FALSE,0.967,0.767,cod,0.148,0.619,0.148,0.767,0.0125,0.0015,0.038,0.0115,0.0215
f3r3-32,f3r3,f3r3-32,f3r3;f3r3-32,77,No_MP_1,No_MP,f3r3,2.721674860613386,1.0981854890712839,2.348544615780197,6.335091857821163,2.4783380291384645,17.088621002713847,0.4250127551589999,0.7353648145373173,0.785754491664622,0.403679271946796,TRUE,saithe,saithe,FALSE,0.965,0.8065,cod,0.1085,0.698,0.1085,0.8065,0.0145,0.0025,0.033,0.0205,0.0145
f3r3-33,f3r3,f3r3-33,f3r3;f3r3-33,77,No_MP_1,No_MP,f3r3,2.5187034506617834,1.0099586718106632,1.9576540173272994,5.8048781119665485,2.4938678393109184,17.212750361676704,0.42756850230647186,0.7300617478504506,0.7695827069847745,0.39290900665694245,TRUE,saithe,saithe,FALSE,0.9675,0.804,cod,0.1185,0.6855,0.1185,0.804,0.012,0.0025,0.0305,0.0145,0.018
f3r3-34,f3r3,f3r3-34,f3r3;f3r3-34,77,No_MP_1,No_MP,f3r3,2.468289376933449,0.970427624654576,1.84325263930295,5.6668253275779445,2.543506918212512,17.42187077807348,0.4355873866872875,0.7212985777724136,0.7695301489636054,0.3852146850911535,TRUE,saithe,saithe,FALSE,0.9714999999999999,0.7855,cod,0.145,0.6405,0.145,0.7855,0.0095,0.001,0.0305,0.007,0.0215
f3r3-35,f3r3,f3r3-35,f3r3;f3r3-35,77,No_MP_1,No_MP,f3r3,2.682374609712656,1.1100370320131563,2.3062292203253536,6.221116131352803,2.4164730836483157,16.78163019472891,0.41460097854355715,0.74881703794821175,0.7745430712809894,0.4081067048206801,TRUE,saithe,saithe,FALSE,0.9545,0.7925,cod,0.1105,0.6819999999999999,0.1105,0.7925,0.0105,0.0095,0.0315,0.0325,0.013
f3r3-36,f3r3,f3r3-36,f3r3;f3r3-36,77,No_MP_1,No_MP,f3r3,2.9298348371637455,1.161095913820886,2.5195773235687553,6.652609861584396,2.523335757441749,17.56533429494578,0.43235611429431997,0.7154074271148372,0.7406558469968972,0.37372446796055653,TRUE,saithe,saithe,FALSE,0.9665,0.684,cod,0.1855,0.49850000000000005,0.1855,0.684,0.0345,0.0035,0.059,0.006,0.0275
f3r3-37,f3r3,f3r3-37,f3r3;f3r3-37,77,No_MP_1,No_MP,f3r3,2.8739919873246538,1.2191772379426784,2.718975804818365,6.719860280886807,2.357320902885639,16.607916155273283,0.4042869127342021,0.7566494493873721,0.7759843172570918,0.4191257616290596,TRUE,saithe,saithe,FALSE,0.894,0.7255,cod,0.1055,0.62,0.1055,0.7255,0.005,0.0345,0.0235,0.064,0.042
f3r3-38,f3r3,f3r3-38,f3r3;f3r3-38,77,No_MP_1,No_MP,f3r3,2.534218826710425,1.0070303986551372,2.007674285202076,5.853035354963011,2.51652664119654,17.063536211501983,0.4312569748314274,0.7364458608461583,0.7866953134219274,0.39802939746759963,TRUE,saithe,saithe,FALSE,0.9565,0.762,cod,0.1425,0.6195,0.1425,0.762,0.0135,0.002,0.0365,0.023,0.0205
f3r3-39,f3r3,f3r3-39,f3r3;f3r3-39,77,No_MP_1,No_MP,f3r3,3.0436946006135295,1.1090195087177304,2.54436005016598,6.864199352489596,2.744491487018752,18.518303943518102,0.46588208120287705,0.678591876053408,0.7537690621429209,0.34969267788140374,TRUE,saithe,saithe,FALSE,0.977,0.8185,cod,0.068,0.7505,0.068,0.8185,0.032,0.002,0.0565,0.0065,0.0165
f3r3-4,f3r3,f3r3-4,f3r3;f3r3-4,77,No_MP_1,No_MP,f3r3,1.9406063293512423,0.8374822501554183,1.1603055315421087,4.488138098646722,2.317190995977656,17.360413309201903,0.3970802397494897,0.7238520414544715,0.7139360431337709,0.39229032225120525,TRUE,saithe,saithe,FALSE,0.9685,0.79,cod,0.1435,0.6465000000000001,0.1435,0.79,0.005,0.0025,0.0275,0.009,0.0225
f3r3-40,f3r3,f3r3-40,f3r3;f3r3-40,77,No_MP_1,No_MP,f3r3,1.9649743648103566,0.7492330409133956,1.1389969264325763,4.4727200273945895,2.6226477711325193,17.56389677548518,0.4479176209353756,0.7154659797305739,0.7736575032674998,0.3755942136354385,TRUE,saithe,saithe,FALSE,0.9455,0.7165,cod,0.191,0.5255000000000001,0.191,0.7165,0.0105,0.003,0.0245,0.016,0.0385
f3r3-41,f3r3,f3r3-41,f3r3;f3r3-41,77,No_MP_1,No_MP,f3r3,2.38195163502989,0.93041340654695,1.7303290290826083,5.464965136234436,2.560100293341692,17.2602108837602,0.4382180738726611,0.7280542919775463,0.7807640267133232,0.38830495684232297,TRUE,saithe,saithe,FALSE,0.971,0.7605,cod,0.174,0.5865,0.174,0.7605,0.003,5e-4,0.033,0.012,0.017
f3r3-42,f3r3,f3r3-42,f3r3;f3r3-42,77,No_MP_1,No_MP,f3r3,2.5441506425062346,0.9979950572279426,2.0366025754406634,5.939741818482752,2.549261766458979,17.323229036278267,0.43650253725992255,0.7254057882651501,0.8021121140123859,0.40061827949912215,TRUE,saithe,saithe,FALSE,0.888,0.708,cod,0.134,0.574,0.134,0.708,0.0075,0.0055,0.033,0.08,0.032
f3r3-43,f3r3,f3r3-43,f3r3;f3r3-43,77,No_MP_1,No_MP,f3r3,2.2387939673270796,0.9480090475955046,1.6343235833137009,5.248840138514554,2.3615744733718254,16.85732438849188,0.40504069868370307,0.7454546359052067,0.7700367235890498,0.4151642128702454,TRUE,saithe,saithe,FALSE,0.915,0.7285,cod,0.078,0.6505000000000001,0.078,0.7285,0.049,0.02,0.0395,0.0325,0.0525
f3r3-44,f3r3,f3r3-44,f3r3;f3r3-44,77,No_MP_1,No_MP,f3r3,2.785640514425944,1.1498751432982228,2.5165554427193157,6.550555432580361,2.422559119276032,17.050995875910857,0.4156419420965162,0.7369874877579772,0.7856529520206555,0.4129205347317003,TRUE,saithe,saithe,FALSE,0.9235,0.7535,cod,0.1145,0.6389999999999999,0.1145,0.7535,0.013,0.006,0.0365,0.0415,0.035
f3r3-45,f3r3,f3r3-45,f3r3;f3r3-45,77,No_MP_1,No_MP,f3r3,2.5802770386508747,0.9632591770653144,1.9823992447711511,5.91452310391047,2.678694478169417,17.646083975747796,0.45632886561559877,0.7121336740565206,0.7975935451299915,0.379112903901983,TRUE,saithe,saithe,FALSE,0.9654999999999999,0.827,cod,0.082,0.745,0.082,0.827,0.0185,5e-4,0.0375,0.0105,0.024
f3r3-46,f3r3,f3r3-46,f3r3;f3r3-46,77,No_MP_1,No_MP,f3r3,2.6372144240226665,1.1018111323783522,2.2756312950947386,6.214552847111819,2.39352675474427,16.97140796613002,0.4106426309431833,0.7404436119524075,0.7831578387536258,0.4166017898458703,TRUE,saithe,saithe,FALSE,0.9035000000000001,0.7195,cod,0.1385,0.581,0.1385,0.7195,0.0075,0.0165,0.0215,0.0515,0.045
f3r3-47,f3r3,f3r3-47,f3r3;f3r3-47,77,No_MP_1,No_MP,f3r3,2.843064389690672,1.1685617129801726,2.476598608262467,6.519791810957473,2.4329604145937918,17.16373622936447,0.4174124491800608,0.7321465703289053,0.7454478662181618,0.3901147326993723,TRUE,saithe,saithe,FALSE,0.9450000000000001,0.7225,cod,0.158,0.5645,0.158,0.7225,0.0055,0.0025,0.0565,0.0105,0.0445
f3r3-48,f3r3,f3r3-48,f3r3;f3r3-48,77,No_MP_1,No_MP,f3r3,2.7166310429049587,1.0923275825985208,2.145090347924941,6.190889676894306,2.4870113015386903,17.86736629930405,0.42644292574633375,0.7033140981079369,0.7228730427338625,0.3700789551146583,TRUE,saithe,saithe,FALSE,0.9605,0.662,cod,0.207,0.45500000000000007,0.207,0.662,0.0265,0.005,0.06,0.006,0.0335
f3r3-49,f3r3,f3r3-49,f3r3;f3r3-49,77,No_MP_1,No_MP,f3r3,2.776732607159175,1.1303809143568349,2.461300738074272,6.474127293768737,2.4564574400471746,17.029338823794113,0.42137288403218315,0.7379247511829942,0.7841620229474611,0.4064495809367882,TRUE,saithe,saithe,FALSE,0.9199999999999999,0.706,cod,0.1635,0.5425,0.1635,0.706,0.011,0.007,0.0325,0.036,0.044
f3r3-5,f3r3,f3r3-5,f3r3;f3r3-5,77,No_MP_1,No_MP,f3r3,1.9818406121387677,0.8218819922720525,1.24901956536138,4.577272967244236,2.4113444883493145,16.774299136461444,0.41372089308759247,0.749144301775583,0.7668157997798831,0.40489453270769354,TRUE,saithe,saithe,FALSE,0.9594999999999999,0.7705,cod,0.146,0.6244999999999999,0.146,0.7705,0.0055,0.011,0.0265,0.0215,0.019
f3r3-50,f3r3,f3r3-50,f3r3;f3r3-50,77,No_MP_1,No_MP,f3r3,3.034862794123745,1.2191780061839026,2.8845878372443834,7.005577296840607,2.489269638010482,17.013908409491304,0.4268141452260011,0.7385939968590023,0.7796103338223218,0.3987638347206568,TRUE,saithe,saithe,FALSE,0.947,0.704,cod,0.16,0.5439999999999999,0.16,0.704,0.027,0.0095,0.0465,0.017,0.036
f3r3-51,f3r3,f3r3-51,f3r3;f3r3-51,77,No_MP_1,No_MP,f3r3,2.907376106621785,1.2391082494047767,2.8414526353447833,6.815561291816359,2.3463455335870647,16.347932442966446,0.4023330884613909,0.7686825632660198,0.7887328983536992,0.42800427389832485,TRUE,saithe,saithe,FALSE,0.825,0.6565,wrasse,0.089,0.5675,0.085,0.6565,0.003,0.0615,0.019,0.086,0.089
f3r3-52,f3r3,f3r3-52,f3r3;f3r3-52,77,No_MP_1,No_MP,f3r3,2.56995549273624,0.9840082652961571,2.0077361737326007,5.91660478462849,2.6117214492733556,17.435663428033155,0.4462474395963229,0.7207279875656979,0.7939301508171376,0.38704865101872865,TRUE,saithe,saithe,FALSE,0.967,0.7915,cod,0.134,0.6575,0.134,0.7915,0.011,0.001,0.0295,0.0175,0.0155
f3r3-53,f3r3,f3r3-53,f3r3;f3r3-53,77,No_MP_1,No_MP,f3r3,3.0177518523802673,1.1281507023186204,2.6349659421055653,6.893672114962243,2.6749545483400965,18.03541915636042,0.45577558206716867,0.6967606633044335,0.7739704199722531,0.36839868766198675,TRUE,saithe,saithe,FALSE,0.9745,0.8215,cod,0.088,0.7335,0.088,0.8215,0.019,0.001,0.045,0.012,0.0135
f3r3-54,f3r3,f3r3-54,f3r3;f3r3-54,77,No_MP_1,No_MP,f3r3,2.792120500027131,1.0932102985027696,2.429113523288328,6.4638463321532855,2.5540561627082563,17.200229221535714,0.43726269129186657,0.7305932062013061,0.7958110044065753,0.39672504298865047,TRUE,saithe,saithe,FALSE,0.9455,0.7645,cod,0.122,0.6425,0.122,0.7645,0.015,0.0045,0.0395,0.032,0.0225
f3r3-55,f3r3,f3r3-55,f3r3;f3r3-55,77,No_MP_1,No_MP,f3r3,2.5665581142744034,1.0604354352682217,2.1393261788300086,5.9802971414817065,2.420287015046069,16.717391791079507,0.4152537517460179,0.7516944491942015,0.7860346149283405,0.4135089553576724,TRUE,saithe,saithe,FALSE,0.929,0.754,cod,0.102,0.652,0.102,0.754,0.0255,0.0135,0.034,0.0285,0.0425
f3r3-56,f3r3,f3r3-56,f3r3;f3r3-56,77,No_MP_1,No_MP,f3r3,2.5135129834926437,0.9887969015266571,1.9587708366885268,5.833140376689895,2.5419911607852885,17.370856261926512,0.4353458523152883,0.7234168785278695,0.788125536598814,0.3947584928278155,TRUE,saithe,saithe,FALSE,0.9514999999999999,0.7735,cod,0.143,0.6305,0.143,0.7735,0.006,0.001,0.028,0.026,0.0225
f3r3-57,f3r3,f3r3-57,f3r3;f3r3-57,77,No_MP_1,No_MP,f3r3,3.007189647441879,1.1941116978787945,2.844484696089276,7.019503516835119,2.5183487045506836,17.322444972407098,0.4315515123861456,0.7254386222254496,0.7921324981148307,0.4004903766691043,TRUE,saithe,saithe,FALSE,0.9715,0.81,cod,0.1065,0.7035,0.1065,0.81,0.0165,0.0015,0.037,0.0145,0.014
f3r3-58,f3r3,f3r3-58,f3r3;f3r3-58,77,No_MP_1,No_MP,f3r3,2.532279253924645,1.0127209380006497,2.0399815451006442,5.887463066532633,2.5004709183992606,16.991438693665117,0.42864830286475136,0.739570723875446,0.7954719176552126,0.40505422191965185,TRUE,saithe,saithe,FALSE,0.9615,0.743,cod,0.1645,0.5785,0.1645,0.743,0.014,0.006,0.034,0.02,0.0185
f3r3-59,f3r3,f3r3-59,f3r3;f3r3-59,77,No_MP_1,No_MP,f3r3,1.9404636643213236,0.784854384427682,1.2159782590106587,4.520086470553847,2.4723868564948073,16.802259045245673,0.424027309555337,0.7478976833127045,0.7984196308778533,0.41117329379746664,TRUE,saithe,saithe,FALSE,0.9155000000000001,0.7185,cod,0.136,0.5825,0.136,0.7185,0.0245,0.0125,0.024,0.045,0.0395
f3r3-6,f3r3,f3r3-6,f3r3;f3r3-6,77,No_MP_1,No_MP,f3r3,2.4100373977644147,1.0117754682715623,1.881312926472281,5.5863933750239365,2.3819883692985098,16.58830410474572,0.40863191069612137,0.757544022282789,0.7715305237234296,0.4124046890557232,TRUE,saithe,saithe,FALSE,0.9215,0.7525,cod,0.1005,0.6519999999999999,0.1005,0.7525,0.0115,0.0235,0.0335,0.042,0.0365
f3r3-60,f3r3,f3r3-60,f3r3;f3r3-60,77,No_MP_1,No_MP,f3r3,1.777775721748182,0.6098674695624108,0.8479325905765112,4.006097687462536,2.9150197550686925,18.926998277753487,0.4891468944925137,0.6639389104361836,0.7820758732331499,0.3415997188534543,TRUE,saithe,saithe,FALSE,0.974,0.8235,cod,0.1045,0.719,0.1045,0.8235,0.0215,0.0015,0.023,0.0115,0.0145
f3r3-61,f3r3,f3r3-61,f3r3;f3r3-61,77,No_MP_1,No_MP,f3r3,1.2772146819807997,0.5248614884689403,0.510148219568228,2.966110898620696,2.4334318863945024,17.245603386330828,0.4174924489035868,0.7286709738622136,0.7610054470208368,0.39817930977366445,TRUE,saithe,saithe,FALSE,0.9325,0.74,cod,0.157,0.583,0.157,0.74,0.008,0.0055,0.022,0.023,0.0445
f3r3-62,f3r3,f3r3-62,f3r3;f3r3-62,77,No_MP_1,No_MP,f3r3,1.230094226603042,0.5310902535564889,0.5066885241481285,2.879708131168866,2.316167955193334,16.366502349075773,0.3968942384634438,0.7678103938358463,0.7755938497840631,0.4263580099984689,TRUE,saithe,saithe,FALSE,0.86,0.734,wrasse,0.087,0.647,0.0545,0.734,0.004,0.0535,0.014,0.053,0.087
f3r3-63,f3r3,f3r3-63,f3r3;f3r3-63,77,No_MP_1,No_MP,f3r3,2.9755110135652134,1.1920602842476766,2.6893468798043867,6.819398605070521,2.4961078335422386,17.292004123402748,0.4279352653794977,0.7267156845834908,0.7582056937334465,0.3867531119177691,TRUE,saithe,saithe,FALSE,0.972,0.701,cod,0.205,0.496,0.205,0.701,0.0195,0.0025,0.044,0.0105,0.0175
f3r3-64,f3r3,f3r3-64,f3r3;f3r3-64,77,No_MP_1,No_MP,f3r3,3.2713063277549135,1.3417293389473908,3.3448486897128222,7.566547501324514,2.4381268507710416,17.11666099153674,0.4182878972160449,0.7341601624623261,0.7620620704552018,0.39796434846672124,TRUE,saithe,saithe,FALSE,0.9775,0.764,cod,0.12,0.644,0.12,0.764,0.018,0.0045,0.071,0.0085,0.014
f3r3-65,f3r3,f3r3-65,f3r3;f3r3-65,77,No_MP_1,No_MP,f3r3,2.47344723926354,1.026901650846905,1.978796293953999,5.755068811321942,2.408650562810607,16.737860852199727,0.4132575448417636,0.7507751871833533,0.7790576299972798,0.41181854996132417,TRUE,saithe,saithe,FALSE,0.9485,0.7305,cod,0.169,0.5615,0.169,0.7305,0.009,0.01,0.03,0.0285,0.023
f3r3-66,f3r3,f3r3-66,f3r3;f3r3-66,77,No_MP_1,No_MP,f3r3,2.496061100935968,1.0669167988032457,2.074799695871729,5.885502707629244,2.3395086699691907,16.695174088579904,0.40110950512416205,0.7526947935784041,0.7790949875081341,0.42400977604129475,TRUE,saithe,saithe,FALSE,0.852,0.692,lesser_sand_eel,0.0775,0.6144999999999999,0.0765,0.692,0.022,0.029,0.0325,0.0775,0.0705
f3r3-67,f3r3,f3r3-67,f3r3;f3r3-67,77,No_MP_1,No_MP,f3r3,3.1353755020149046,1.132725011864981,2.749642830500708,7.100652850054046,2.767993528149122,18.336661888482197,0.4692135256977416,0.6853139732184561,0.7742161618890916,0.3561289516993283,TRUE,saithe,saithe,FALSE,0.9805,0.8205,cod,0.087,0.7335,0.087,0.8205,0.0225,0,0.0505,0.0105,0.009
f3r3-68,f3r3,f3r3-68,f3r3;f3r3-68,77,No_MP_1,No_MP,f3r3,2.5984691840072385,0.999897874150666,2.058778451081582,5.983671717208997,2.598734581983617,17.391054001229232,0.4442490952201307,0.722576711766346,0.7923852781193369,0.3882259765048488,TRUE,saithe,saithe,FALSE,0.969,0.7955,cod,0.1285,0.667,0.1285,0.7955,0.007,0.001,0.037,0.015,0.016
f3r3-69,f3r3,f3r3-69,f3r3;f3r3-69,77,No_MP_1,No_MP,f3r3,2.8544447826346087,1.1874541602978885,2.555103455204371,6.612795656327415,2.4038357673685136,17.114401494496448,0.412427585615804,0.7342570885929136,0.7538240508758755,0.3992779391906255,TRUE,saithe,saithe,FALSE,0.9390000000000001,0.733,cod,0.1395,0.5934999999999999,0.1395,0.733,0.017,0.0085,0.041,0.0215,0.0395
f3r3-7,f3r3,f3r3-7,f3r3;f3r3-7,77,No_MP_1,No_MP,f3r3,1.651281013545456,0.6973230374830325,0.8731022317954451,3.8312151448012375,2.3680287682817815,16.811558774245874,0.4061808441676967,0.7474839652352743,0.7582459472095736,0.4076929881738326,TRUE,saithe,saithe,FALSE,0.9219999999999999,0.721,cod,0.1585,0.5625,0.1585,0.721,0.006,0.012,0.0245,0.027,0.051
f3r3-70,f3r3,f3r3-70,f3r3;f3r3-70,77,No_MP_1,No_MP,f3r3,2.6129544543678875,1.01589654909712,2.0631215625231936,6.026336425548848,2.572067457744744,17.602807015153086,0.440100159457034,0.7138844732855174,0.7772191510246793,0.3847434697058091,TRUE,saithe,saithe,FALSE,0.9720000000000001,0.806,cod,0.128,0.678,0.128,0.806,0.009,5e-4,0.0285,0.0115,0.0165
f3r3-71,f3r3,f3r3-71,f3r3;f3r3-71,77,No_MP_1,No_MP,f3r3,3.0432005034050995,1.1994522812271657,2.812835709316773,6.972030030679983,2.5371584606030226,17.28120934603412,0.4345743844173055,0.7271696304774549,0.7706032299266671,0.3867170777382491,TRUE,saithe,saithe,FALSE,0.965,0.6935,cod,0.2025,0.491,0.2025,0.6935,0.0185,0.0045,0.046,0.015,0.02
f3r3-72,f3r3,f3r3-72,f3r3;f3r3-72,77,No_MP_1,No_MP,f3r3,2.3271492445741084,1.0007833812015994,1.8043746970728214,5.436531653376947,2.325327626623852,16.38012130524609,0.3985555035277635,0.7671720117441694,0.7747514666328854,0.4242172988288859,TRUE,saithe,saithe,FALSE,0.875,0.7125,cod,0.0975,0.615,0.0975,0.7125,0.0045,0.0465,0.014,0.048,0.077
f3r3-73,f3r3,f3r3-73,f3r3;f3r3-73,77,No_MP_1,No_MP,f3r3,2.952784501600895,1.1482708390077003,2.7380248995870846,6.86661900064616,2.5715052592928327,17.220609099334897,0.440012024398921,0.7297285793941236,0.8075349075494683,0.39983794484977614,TRUE,saithe,saithe,FALSE,0.893,0.722,cod,0.128,0.594,0.128,0.722,0.0075,0.0035,0.032,0.082,0.025
f3r3-74,f3r3,f3r3-74,f3r3;f3r3-74,77,No_MP_1,No_MP,f3r3,2.3111489460467785,0.9090152151953181,1.6393307439384674,5.328037305871476,2.542475535516957,17.31681153283106,0.4354230593978857,0.7256746191719247,0.780310580843015,0.390769655332231,TRUE,saithe,saithe,FALSE,0.9625,0.79,cod,0.122,0.668,0.122,0.79,0.0165,5e-4,0.0335,0.012,0.0255
f3r3-75,f3r3,f3r3-75,f3r3;f3r3-75,77,No_MP_1,No_MP,f3r3,1.8994519584112532,0.7385232658919009,1.0935187235573618,4.359976359705978,2.571959538901351,17.383693070526412,0.4400832433238726,0.722882678805755,0.7795316060110729,0.38590438618182227,TRUE,saithe,saithe,FALSE,0.9674999999999999,0.7795,cod,0.154,0.6255,0.154,0.7795,0.0055,0.001,0.0275,0.0095,0.023
f3r3-76,f3r3,f3r3-76,f3r3;f3r3-76,77,No_MP_1,No_MP,f3r3,3.1458524556765752,1.2593616611273677,3.124067438428508,7.31394023571948,2.497973817037149,17.12310083760072,0.4282404315724586,0.7338840513491928,0.7885542605847307,0.40193314313307865,TRUE,saithe,saithe,FALSE,0.9460000000000001,0.772,cod,0.096,0.676,0.096,0.772,0.0175,0.006,0.0545,0.0215,0.0325
f3r3-77,f3r3,f3r3-77,f3r3;f3r3-77,77,No_MP_1,No_MP,f3r3,1.695794459401138,0.7257566431413984,0.9316824145283854,3.919473908325464,2.336588270223726,16.488747107908466,0.4005853170892148,0.7621179785292472,0.7570135733085717,0.41250725672155164,TRUE,saithe,saithe,FALSE,0.9175000000000001,0.7225,cod,0.1355,0.587,0.1355,0.7225,0.006,0.024,0.0295,0.03,0.0525
f3r3-78,f3r3,f3r3-78,f3r3;f3r3-78,77,No_MP_1,No_MP,f3r3,2.606376907096338,1.0619168051039107,2.2103127931219877,6.1179406812032555,2.454407816666296,16.93389202432944,0.42102956392389246,0.7420840168523978,0.7985939663278211,0.41427565998243737,TRUE,saithe,saithe,FALSE,0.9245,0.753,cod,0.13,0.623,0.13,0.753,0.008,0.011,0.0225,0.034,0.0415
f3r3-79,f3r3,f3r3-79,f3r3;f3r3-79,77,No_MP_1,No_MP,f3r3,2.2787264866767747,0.8853781914076904,1.5401503175795188,5.202134304832891,2.573732342620453,17.57114290509631,0.44036099845868915,0.7151709301000814,0.7633823053896484,0.37764942487515324,TRUE,saithe,saithe,FALSE,0.9765,0.78,cod,0.155,0.625,0.155,0.78,0.008,0.002,0.0315,0.0055,0.018
f3r3-8,f3r3,f3r3-8,f3r3;f3r3-8,77,No_MP_1,No_MP,f3r3,2.3166385616483214,0.9086051277913818,1.634789318805765,5.3167109599681845,2.5496648552705814,17.291167189968878,0.43656652626504217,0.7267508593433356,0.7766553297613663,0.38784245562209657,TRUE,saithe,saithe,FALSE,0.9755,0.8085,cod,0.1295,0.679,0.1295,0.8085,0.0115,5e-4,0.0255,0.0105,0.014
f3r3-80,f3r3,f3r3-80,f3r3;f3r3-80,77,No_MP_1,No_MP,f3r3,2.846046688731976,1.1241204054042364,2.455863748054787,6.52092689178663,2.531798795795839,17.314676989595522,0.4337163254088122,0.7257640799138424,0.7676255414469031,0.3860382572824921,TRUE,saithe,saithe,FALSE,0.9785,0.7955,cod,0.134,0.6615,0.134,0.7955,0.01,0.0015,0.0375,0.011,0.0105
f3r3-81,f3r3,f3r3-81,f3r3;f3r3-81,77,No_MP_1,No_MP,f3r3,2.2402423110550567,0.8910810982822066,1.5483199056280246,5.16269271233987,2.5140723053981433,17.21439861695515,0.4308597472716485,0.7299918454300257,0.775619055543447,0.39280845306144097,TRUE,saithe,saithe,FALSE,0.9694999999999999,0.7795,cod,0.1525,0.627,0.1525,0.7795,0.004,0.0015,0.032,0.0155,0.015
f3r3-82,f3r3,f3r3-82,f3r3;f3r3-82,77,No_MP_1,No_MP,f3r3,1.735923913366648,0.7529744688461051,1.033127025350411,4.107434231232497,2.3054220098947877,16.33004998410361,0.3949335382855818,0.7695243202924567,0.7903924546022437,0.43651831410501524,TRUE,saithe,saithe,FALSE,0.76,0.624,wrasse,0.1265,0.4975,0.054,0.624,0.003,0.0675,0.0115,0.1135,0.1265
f3r3-83,f3r3,f3r3-83,f3r3;f3r3-83,77,No_MP_1,No_MP,f3r3,1.4548162553190833,0.6028054874884201,0.6420054253381242,3.3301241529388848,2.413409110425575,17.273571898783118,0.4140755077112204,0.7274911458957972,0.732071257570568,0.3862180144577656,TRUE,saithe,saithe,FALSE,0.7825,0.5885,wrasse,0.2085,0.38,0.1265,0.5885,0.033,0.0065,0.028,0.009,0.2085
f3r3-84,f3r3,f3r3-84,f3r3;f3r3-84,77,No_MP_1,No_MP,f3r3,1.3287705528703824,0.5345899072855159,0.5177929827932745,3.011859882943266,2.4855885507032354,17.5191635575036,0.42620881067661015,0.717292841813609,0.7289293045219571,0.3733931006284497,TRUE,saithe,saithe,FALSE,0.8035,0.598,wrasse,0.192,0.40599999999999997,0.1425,0.598,0.0285,0.004,0.0305,0.0045,0.192
f3r3-85,f3r3,f3r3-85,f3r3;f3r3-85,77,No_MP_1,No_MP,f3r3,2.81992669379184,1.230706620786079,2.7436574141687,6.668132731322673,2.2913069988936043,16.206102807485127,0.3923386664713095,0.7754097801079683,0.7905648971504012,0.43930319691661607,TRUE,saithe,saithe,FALSE,0.768,0.5915,wrasse,0.1255,0.466,0.0485,0.5915,0.005,0.102,0.021,0.1065,0.1255
f3r3-86,f3r3,f3r3-86,f3r3;f3r3-86,77,No_MP_1,No_MP,f3r3,2.9231228972054746,1.0781110089233432,2.50759912060547,6.715450349287632,2.711337583060815,17.98424358310449,0.4611107302315087,0.6987433503272164,0.7956966932918584,0.37365782182331675,TRUE,saithe,saithe,FALSE,0.9694999999999999,0.819,cod,0.0885,0.7304999999999999,0.0885,0.819,0.016,0.0015,0.0445,0.0175,0.013
f3r3-87,f3r3,f3r3-87,f3r3;f3r3-87,77,No_MP_1,No_MP,f3r3,2.7664078746037872,1.172984245149164,2.614292847253295,6.535055404266269,2.3584356618975675,16.33594690116671,0.4044846466196796,0.7692465389601434,0.8056489465433476,0.43494258269817826,TRUE,saithe,saithe,FALSE,0.8085,0.633,lesser_sand_eel,0.1035,0.5295,0.0985,0.633,0.0045,0.0565,0.016,0.1035,0.088
f3r3-88,f3r3,f3r3-88,f3r3;f3r3-88,77,No_MP_1,No_MP,f3r3,3.336831102354245,1.3966941244533457,3.677757214569768,7.864095776685422,2.389092245705732,16.815683792252756,0.4098714773744592,0.7473006016055495,0.7891281302011323,0.4205568634032376,TRUE,saithe,saithe,FALSE,0.896,0.715,cod,0.092,0.623,0.092,0.715,0.012,0.0205,0.0565,0.082,0.022
f3r3-89,f3r3,f3r3-89,f3r3;f3r3-89,77,No_MP_1,No_MP,f3r3,3.4272862209968316,1.3003172970666999,3.4470799497754583,7.87199509889906,2.6357307010590576,17.97704368334347,0.4499042518695301,0.6990232006835736,0.7734845472408994,0.37364633359279587,TRUE,saithe,saithe,FALSE,0.978,0.7175,cod,0.147,0.5705,0.147,0.7175,0.0345,0.002,0.077,0.0085,0.0135
f3r3-9,f3r3,f3r3-9,f3r3;f3r3-9,77,No_MP_1,No_MP,f3r3,2.332546685901003,0.9531482369634845,1.7164214066129433,5.376539484899524,2.44720243446284,16.841538285010607,0.41981939325485246,0.7461533739791191,0.7720281365249434,0.4016736577362543,TRUE,saithe,saithe,FALSE,0.9545,0.753,cod,0.143,0.61,0.143,0.753,0.0115,0.0135,0.0335,0.023,0.0225
f3r3-90,f3r3,f3r3-90,f3r3;f3r3-90,77,No_MP_1,No_MP,f3r3,1.8130399047621422,0.690821709805738,0.9665300275111903,4.115910840131721,2.624468627762113,17.527362380593672,0.4481949754839299,0.7169573117443317,0.7716884687862638,0.3743783653122246,TRUE,saithe,saithe,FALSE,0.9755,0.7235,cod,0.2045,0.519,0.2045,0.7235,0.01,0.002,0.0355,0.008,0.0165
f3r3-91,f3r3,f3r3-91,f3r3;f3r3-91,77,No_MP_1,No_MP,f3r3,2.8851601213994815,1.1317754556349715,2.4815955585013834,6.572488722568108,2.5492336903355013,17.407191055085413,0.4364980797274737,0.7219068587569721,0.7599776337101217,0.3795782160036621,TRUE,saithe,saithe,FALSE,0.9745,0.736,cod,0.175,0.5609999999999999,0.175,0.736,0.0135,5e-4,0.0495,0.009,0.0165
f3r3-92,f3r3,f3r3-92,f3r3;f3r3-92,77,No_MP_1,No_MP,f3r3,2.4596061938947154,0.9129405683358923,1.7767125186717088,5.663927224111173,2.694158063736925,18.05585949493458,0.45860464942400264,0.69597188756838535,0.7912415373610949,0.37393500714201744,TRUE,saithe,saithe,FALSE,0.956,0.834,cod,0.0795,0.7545,0.0795,0.834,0.0125,0.0015,0.0285,0.027,0.017
f3r3-93,f3r3,f3r3-93,f3r3;f3r3-93,77,No_MP_1,No_MP,f3r3,2.0760761066713305,0.9410083430993998,1.5158087446787698,4.919028869541541,2.206224973344399,15.962993421383725,0.37621345456809635,0.787218930850745,0.7759034161654831,0.44778339665851524,TRUE,saithe,saithe,FALSE,0.692,0.5335,wrasse,0.179,0.3545,0.0475,0.5335,0.003,0.0955,0.0125,0.129,0.179
f3r3-94,f3r3,f3r3-94,f3r3;f3r3-94,77,No_MP_1,No_MP,f3r3,2.268983791863577,0.9863464399887479,1.757256689438525,5.34002319744042,2.3003923366818877,16.227479980920222,0.394011439860893,0.7743882986843509,0.785189223212895,0.43459280973634706,TRUE,saithe,saithe,FALSE,0.7875,0.6315,wrasse,0.1385,0.49299999999999994,0.0505,0.6315,0.0025,0.0845,0.0185,0.074,0.1385
f3r3-95,f3r3,f3r3-95,f3r3;f3r3-95,77,No_MP_1,No_MP,f3r3,2.026439978820324,0.8780440909816962,1.3559851639096547,4.7221144836599,2.3079023019842486,16.444402040873864,0.39538722204694565,0.7641731565017968,0.7620875529429444,0.4204337454506473,TRUE,saithe,saithe,FALSE,0.8975,0.7665,cod,0.0715,0.695,0.0715,0.7665,0.005,0.0375,0.017,0.037,0.0655
f3r3-96,f3r3,f3r3-96,f3r3;f3r3-96,77,No_MP_1,No_MP,f3r3,2.197232650372929,0.8439685826988441,1.450281645980769,5.0206811483889675,2.6034531325166332,17.380926845241625,0.44497682460401244,0.7229977276959466,0.7820779236267338,0.38248145395394867,TRUE,saithe,saithe,FALSE,0.9630000000000001,0.808,cod,0.1095,0.6985,0.1095,0.808,0.0165,0,0.029,0.012,0.025
f3r3-97,f3r3,f3r3-97,f3r3;f3r3-97,77,No_MP_1,No_MP,f3r3,2.258100243102218,0.9079798662027723,1.550111497883318,5.176038687943119,2.4869496859503424,17.28351575720045,0.42643279079752056,0.7270725928041534,0.7560377860455959,0.38706742317524145,TRUE,saithe,saithe,FALSE,0.9714999999999999,0.7725,cod,0.1555,0.617,0.1555,0.7725,0.0055,0.0015,0.0365,0.008,0.0205
f3r3-98,f3r3,f3r3-98,f3r3;f3r3-98,77,No_MP_1,No_MP,f3r3,2.499700039555695,1.0101309211461373,1.9708637001080094,5.812338498241066,2.4746297605853202,17.14135727208522,0.424399104996128,0.7331024267736118,0.7805325664947801,0.40159742093286677,TRUE,saithe,saithe,FALSE,0.9614999999999999,0.7725,cod,0.144,0.6285,0.144,0.7725,0.0075,0.003,0.0345,0.018,0.0205
f3r3-99,f3r3,f3r3-99,f3r3;f3r3-99,77,No_MP_1,No_MP,f3r3,2.5295611209483884,1.1084199488695825,2.0719279517055766,5.920280786586337,2.282132438637676,16.916478472705087,0.39064006788521133,0.7428479062374087,0.7389671595923425,0.41228203671442154,TRUE,saithe,saithe,FALSE,0.9405,0.762,cod,0.1225,0.6395,0.1225,0.762,0.0155,0.007,0.0335,0.02,0.0395
f4r1-10,f4r1,f4r1-10,f4r1;f4r1-10,110,No_MP_1,No_MP,f4r1,7.132194926567654,2.6067795381738024,14.332739771102178,16.11555378251591,2.736017688539999,18.120127614456173,0.46467062879951687,0.6935034278861131,0.770906501362237,0.35875083956478676,TRUE,saithe,saithe,FALSE,0.997,0.5675,cod,0.2495,0.318,0.2495,0.5675,0.178,0.001,0.001,0.0025,5e-4
f4r1-11,f4r1,f4r1-11,f4r1;f4r1-11,110,No_MP_1,No_MP,f4r1,6.096232080708266,2.1980953327776014,10.394072954264395,13.788762189158748,2.7734156884837304,18.292152031814343,0.4699762323817393,0.6869815313421465,0.7756713389856188,0.3561007556909394,TRUE,saithe,saithe,FALSE,0.93,0.5955,cod,0.2595,0.336,0.2595,0.5955,0.0545,0.0045,0.016,0.0685,0.0015
f4r1-2,f4r1,f4r1-2,f4r1;f4r1-2,110,No_MP_1,No_MP,f4r1,5.792252502363106,2.145000030228393,10.199229793401217,13.465379799064708,2.7003507788978283,17.777465240597827,0.45951070060560256,0.7068707739988574,0.8209044090569715,0.3870637712058272,TRUE,saithe,gadoids_unknown,TRUE,0.882,0.4815,cod,0.2915,0.19,0.2915,0.4815,0.0155,0.018,0.0755,0.113,0.005
f4r1-3,f4r1,f4r1-3,f4r1;f4r1-3,110,No_MP_1,No_MP,f4r1,5.664761231999205,2.2556719802681293,10.17143364471397,13.461813807660334,2.5113408693961965,17.81660651999569,0.4304170189139409,0.7053178505264656,0.7960211670083858,0.4035794744681524,TRUE,saithe,gadoids_unknown,TRUE,0.794,0.377,cod,0.3745,0.0025000000000000022,0.3745,0.377,0.0195,0.019,0.004,0.203,0.003
f4r1-4,f4r1,f4r1-4,f4r1;f4r1-4,110,No_MP_1,No_MP,f4r1,6.556017476426564,2.5356663836546627,13.100876530770785,15.27285994713191,2.585520523791209,17.80493468638028,0.4422009338032551,0.7057802140645706,0.788076065774017,0.388088047249946,TRUE,saithe,gadoids_unknown,TRUE,0.9255,0.4465,cod,0.4345,0.01200000000000001,0.4345,0.4465,0.0165,0.0275,5e-4,0.074,5e-4
f4r1-5,f4r1,f4r1-5,f4r1;f4r1-5,110,No_MP_1,No_MP,f4r1,6.078112296442842,2.181077506108245,10.454405039108503,13.762223702048505,2.7867475041215664,18.11665039920594,0.4718422609843506,0.6936365353117352,0.7886049589003047,0.36030642078662983,TRUE,saithe,saithe,FALSE,0.9825,0.5775,cod,0.297,0.2805,0.297,0.5775,0.0695,0.0015,0.037,0.016,0.0015
f4r1-6,f4r1,f4r1-6,f4r1;f4r1-6,110,No_MP_1,No_MP,f4r1,6.999631026238849,2.5811608993530046,14.028474979302002,15.884502184061756,2.711815070495365,17.986089721636798,0.4611800528809515,0.6986716295116752,0.7764620546321459,0.3645610660181823,TRUE,saithe,gadoids_unknown,TRUE,0.996,0.492,cod,0.2785,0.21349999999999997,0.2785,0.492,0.2225,0.0025,5e-4,0.0035,5e-4
f4r1-7,f4r1,f4r1-7,f4r1;f4r1-7,110,No_MP_1,No_MP,f4r1,7.06403412670088,2.7983870639586987,15.451444249438605,16.67764474548959,2.524323463927054,18.001154440101114,0.4325151988826087,0.6980869286008184,0.7816431136026418,0.3942517416371652,TRUE,haddock,gadoids_unknown,TRUE,0.9585,0.3295,saithe,0.3235,0.006000000000000005,0.2425,0.3235,0.3295,0.0565,0.0065,0.04,0.0015
f4r1-8,f4r1,f4r1-8,f4r1;f4r1-8,110,No_MP_1,No_MP,f4r1,6.922938846691742,2.552177687391347,13.680270474973566,15.742254619909113,2.7125614650161265,18.115035150175174,0.4612883803147182,0.6936983842527987,0.7742715133055773,0.3634325421992743,TRUE,saithe,saithe,FALSE,0.9935,0.5695,cod,0.334,0.2355,0.334,0.5695,0.083,0.006,0.001,0.0065,0
f4r1-9,f4r1,f4r1-9,f4r1;f4r1-9,110,No_MP_1,No_MP,f4r1,5.835413292208413,2.27188545855991,10.15797261036388,13.351126646966422,2.5685332287426723,17.548047192160276,0.43954564192059525,0.7161121962319144,0.7662120634711834,0.3798165770049987,TRUE,cod,gadoids_unknown,TRUE,0.9755,0.487,saithe,0.438,0.04899999999999999,0.487,0.438,0.04,0.0035,0.007,0.024,5e-4
f4r5-1,f4r5,f4r5-1,f4r5;f4r5-1,110,No_MP_1,No_MP,f4r5,2.846955435306553,1.058244382947971,2.311243737149402,6.455971522751404,2.690262741934652,18.0333937233219,0.45803317003073807,0.6968389204583032,0.7671479103507662,0.3630734801081623,TRUE,saithe,saithe,FALSE,0.976,0.7705,cod,0.1365,0.6339999999999999,0.1365,0.7705,0.013,0.001,0.055,0.01,0.014
f4r5-10,f4r5,f4r5-10,f4r5;f4r5-10,110,No_MP_1,No_MP,f4r5,2.220602549787174,0.8724029555852936,1.468733191517883,5.059067841313006,2.5453863212755574,17.426015542385056,0.4358865808224699,0.7211270174638696,0.7581496644497762,0.3792375740910755,TRUE,saithe,saithe,FALSE,0.9535,0.756,cod,0.1455,0.6105,0.1455,0.756,0.012,0.003,0.037,0.0055,0.041
f4r5-100,f4r5,f4r5-100,f4r5;f4r5-100,110,No_MP_1,No_MP,f4r5,2.2845022240555286,0.8726682822197223,1.557875831894672,5.2201527556636185,2.6178357465274895,17.491762972740464,0.4471833051238819,0.7184164703090747,0.7814335679892449,0.38006667212302586,TRUE,saithe,saithe,FALSE,0.9715,0.789,cod,0.1165,0.6725,0.1165,0.789,0.0315,5e-4,0.034,0.012,0.0165
f4r5-101,f4r5,f4r5-101,f4r5;f4r5-101,110,No_MP_1,No_MP,f4r5,2.083577296916913,0.9646899966264941,1.5101375163412798,4.92224019917137,2.159841300524677,16.043869062361047,0.36705682033211307,0.7832506339658373,0.7513098888565446,0.442901735701763,TRUE,saithe,saithe,FALSE,0.7335,0.55,wrasse,0.2005,0.34950000000000003,0.041,0.55,0.005,0.117,0.0205,0.066,0.2005
f4r5-102,f4r5,f4r5-102,f4r5;f4r5-102,110,No_MP_1,No_MP,f4r5,2.1656585653061784,0.8898848291175672,1.5047247588748565,5.042154947829877,2.4336391569386584,16.895665714263487,0.417527611788087,0.7437629760720537,0.7807882635697591,0.4084954379566535,TRUE,saithe,saithe,FALSE,0.9610000000000001,0.792,cod,0.115,0.677,0.115,0.792,0.015,0.0065,0.0325,0.02,0.019
f4r5-103,f4r5,f4r5-103,f4r5;f4r5-103,110,No_MP_1,No_MP,f4r5,2.178769192356633,0.8092324269494022,1.3284926198444458,4.9204765532823895,2.692389874402378,18.224481754544218,0.45834538929242824,0.6895323984302483,0.7534850558382481,0.3563254261878353,TRUE,saithe,saithe,FALSE,0.9625,0.792,cod,0.109,0.683,0.109,0.792,0.02,0.001,0.0405,0.0045,0.033
f4r5-104,f4r5,f4r5-104,f4r5;f4r5-104,110,No_MP_1,No_MP,f4r5,2.3108667045908677,0.8701898961575606,1.532058992992872,5.2366345649995765,2.655588986719804,17.899011521598688,0.45289254145756147,0.7020706478229464,0.7618799714390329,0.36528834576019625,TRUE,saithe,saithe,FALSE,0.9775,0.803,cod,0.127,0.676,0.127,0.803,0.009,0.001,0.0375,0.006,0.0165
f4r5-105,f4r5,f4r5-105,f4r5;f4r5-105,110,No_MP_1,No_MP,f4r5,2.181955052317039,0.8616942619543383,1.4407440623085959,5.003043482871144,2.532168483248717,17.373275897033064,0.4337755943735455,0.7233161258036088,0.7662806120347443,0.3853056319359724,TRUE,saithe,saithe,FALSE,0.9645,0.781,cod,0.144,0.637,0.144,0.781,0.008,0.0015,0.03,0.0165,0.019
f4r5-106,f4r5,f4r5-106,f4r5;f4r5-106,110,No_MP_1,No_MP,f4r5,2.369504342642011,0.9088938507746842,1.662385569234018,5.402492964230643,2.607019885350081,17.5572567331718,0.44552565176504727,0.7157365643925968,0.7719000802539678,0.37698742241531524,TRUE,saithe,saithe,FALSE,0.962,0.7805,cod,0.142,0.6385,0.142,0.7805,0.009,0.001,0.0295,0.0115,0.0265
f4r5-107,f4r5,f4r5-107,f4r5;f4r5-107,110,No_MP_1,No_MP,f4r5,1.758808078074225,0.7767620953057277,1.034941713516728,4.102685159537624,2.2642815460530055,16.26374248757942,0.38730775155767644,0.772661681280067,0.7575467082634958,0.4259798997286247,TRUE,saithe,saithe,FALSE,0.8385,0.672,wrasse,0.102,0.5700000000000001,0.059,0.672,0.002,0.08,0.0255,0.0595,0.102
f4r5-108,f4r5,f4r5-108,f4r5;f4r5-108,110,No_MP_1,No_MP,f4r5,2.6129901466327157,1.0447664679847808,2.161429606333931,6.065982230629259,2.5010279585952215,17.023982791056987,0.42873920926855585,0.7381569147826276,0.7917427560395899,0.40306554062411537,TRUE,saithe,saithe,FALSE,0.95,0.7765,cod,0.13,0.6465,0.13,0.7765,0.011,0.001,0.0315,0.0235,0.0265
f4r5-109,f4r5,f4r5-109,f4r5;f4r5-109,110,No_MP_1,No_MP,f4r5,2.348512337854468,0.9453502568465896,1.6800062775384652,5.368019415991129,2.4842774631366944,17.152098081846596,0.4259929006344072,0.7326433509413722,0.756702749351985,0.38782458013698684,TRUE,saithe,saithe,FALSE,0.9265,0.6795,cod,0.1955,0.484,0.1955,0.6795,0.009,0.001,0.0415,0.0115,0.062
f4r5-11,f4r5,f4r5-11,f4r5;f4r5-11,110,No_MP_1,No_MP,f4r5,2.122754677344942,0.8504754707846494,1.3776866763056304,4.862209311620494,2.4959622590719595,17.159982597352514,0.4279114441781985,0.7323067225195173,0.7631130131825717,0.38927898927739496,TRUE,saithe,saithe,FALSE,0.9774999999999999,0.7855,cod,0.154,0.6315,0.154,0.7855,0.007,0.0015,0.0295,0.01,0.0125
f4r5-110,f4r5,f4r5-110,f4r5;f4r5-110,110,No_MP_1,No_MP,f4r5,2.9264387882725074,1.1180547482043401,2.52275308533933,6.666319713798569,2.617437824912005,17.615603677124007,0.4471224947594917,0.7133658797443385,0.771031695159459,0.3750645135397683,TRUE,saithe,saithe,FALSE,0.9785,0.792,cod,0.139,0.653,0.139,0.792,0.0105,0,0.037,0.013,0.0085
f4r5-111,f4r5,f4r5-111,f4r5;f4r5-111,110,No_MP_1,No_MP,f4r5,2.9981164595336156,1.1427845822692069,2.609009179834012,6.8506479328798795,2.6235184706292674,17.988199299190345,0.44805028145677533,0.698589692350406,0.7614874251185813,0.369563208086345,TRUE,saithe,saithe,FALSE,0.9794999999999999,0.7845,cod,0.1445,0.64,0.1445,0.7845,0.012,0.0025,0.036,0.0065,0.014
f4r5-112,f4r5,f4r5-112,f4r5;f4r5-112,110,No_MP_1,No_MP,f4r5,2.8264387464778977,1.1003861078583987,2.4079972091220796,6.472044243679604,2.56858817672534,17.395101843750812,0.43955427161806343,0.7224085680690417,0.7742323298578166,0.38378406788595176,TRUE,saithe,saithe,FALSE,0.9650000000000001,0.7455,cod,0.1665,0.5790000000000001,0.1665,0.7455,0.0075,0.001,0.0445,0.014,0.021
f4r5-113,f4r5,f4r5-113,f4r5;f4r5-113,110,No_MP_1,No_MP,f4r5,3.0434839889196454,1.1815060082342475,2.7727578102935957,6.980115314725531,2.575936108414812,17.571678862823912,0.4407058908872434,0.7151491165107517,0.7710898411039606,0.3811360363441965,TRUE,saithe,saithe,FALSE,0.975,0.785,cod,0.1035,0.6815,0.1035,0.785,0.03,0.0025,0.054,0.0115,0.0135
f4r5-114,f4r5,f4r5-114,f4r5;f4r5-114,110,No_MP_1,No_MP,f4r5,2.782062559044172,1.0858770242658506,2.295523594801519,6.412294695595889,2.56204201477151,17.91204558135782,0.4385243094533539,0.7015597720138551,0.7598611234321915,0.3776227030168495,TRUE,saithe,saithe,FALSE,0.9720000000000001,0.811,cod,0.089,0.7220000000000001,0.089,0.811,0.021,0.0025,0.0485,0.011,0.017
f4r5-115,f4r5,f4r5-115,f4r5;f4r5-115,110,No_MP_1,No_MP,f4r5,2.803580324561024,1.05107024593996,2.296036549391784,6.394159541812465,2.6673577102868276,17.806892602376834,0.45464823505215746,0.7057026116214029,0.7791732809943874,0.37193145476405437,TRUE,saithe,saithe,FALSE,0.9654999999999999,0.7705,cod,0.1425,0.628,0.1425,0.7705,0.016,0.001,0.0355,0.0105,0.024
f4r5-116,f4r5,f4r5-116,f4r5;f4r5-116,110,No_MP_1,No_MP,f4r5,2.86295632689587,1.1095774853657054,2.48614960057381,6.60218484437481,2.580222079715567,17.53267169008334,0.44137543552636516,0.716740200038471,0.7826271308448163,0.38619614164532984,TRUE,saithe,saithe,FALSE,0.9760000000000001,0.809,cod,0.103,0.7060000000000001,0.103,0.809,0.0195,0.002,0.0425,0.013,0.011
f4r5-117,f4r5,f4r5-117,f4r5;f4r5-117,110,No_MP_1,No_MP,f4r5,2.6885242283149666,1.0993742322041384,2.2155766547828057,6.149552011116138,2.445504132769,17.06868947900598,0.419533420094119,0.7362235179107022,0.7495960205752189,0.3902734340881339,TRUE,saithe,saithe,FALSE,0.9775,0.7485,cod,0.163,0.5855,0.163,0.7485,0.0085,0.004,0.0535,0.01,0.0125
f4r5-118,f4r5,f4r5-118,f4r5;f4r5-118,110,No_MP_1,No_MP,f4r5,2.5304564059452734,0.9706266248509916,1.8951793814622233,5.776180926201404,2.6070337874089775,17.604806393825765,0.4455277887938361,0.7138033973930189,0.7716125149794983,0.3768449691865575,TRUE,saithe,saithe,FALSE,0.9724999999999999,0.7845,cod,0.1535,0.631,0.1535,0.7845,0.008,0.002,0.0245,0.0095,0.018
f4r5-119,f4r5,f4r5-119,f4r5;f4r5-119,110,No_MP_1,No_MP,f4r5,2.0793651155864215,1.0905200109356625,1.56564281455722,5.3122898385112585,1.9067647496008198,18.02481579192825,0.3119498231583219,0.697170543067994,0.6904437396335688,0.4610428595873337,TRUE,wrasse,wrasse,FALSE,0.23149999999999998,0.7285,saithe,0.145,0.5835,0.011,0.145,0.012,0.055,0.0085,0.04,0.7285
f4r5-12,f4r5,f4r5-12,f4r5;f4r5-12,110,No_MP_1,No_MP,f4r5,2.9398429676834903,1.1691906538663488,2.59049417432717,6.72666726768648,2.5144256481711036,17.46695784093666,0.43091696902428595,0.7194367060821454,0.7536559839708258,0.3816317267587174,TRUE,saithe,saithe,FALSE,0.975,0.7795,cod,0.116,0.6635,0.116,0.7795,0.0315,0.0015,0.0465,0.0095,0.0155
f4r5-120,f4r5,f4r5-120,f4r5;f4r5-120,110,No_MP_1,No_MP,f4r5,2.150440028020951,0.8951404175071771,1.4207478879188749,5.003132556756574,2.402349381127916,17.61842167306947,0.41217089253280087,0.7132517797304978,0.7380716378372585,0.39117623919491384,TRUE,saithe,saithe,FALSE,0.935,0.6885,haddock,0.0935,0.595,0.069,0.6885,0.0935,0.011,0.073,0.0065,0.0585
f4r5-121,f4r5,f4r5-121,f4r5;f4r5-121,110,No_MP_1,No_MP,f4r5,1.792935364648375,0.7338282516740605,0.9977248905382182,4.1150951296576395,2.4432629304720894,16.972622500173422,0.4191555973549224,0.7403906269776974,0.7583186649175047,0.3951769986119264,TRUE,saithe,saithe,FALSE,0.9535,0.705,cod,0.1935,0.5115,0.1935,0.705,0.014,0.006,0.035,0.0095,0.037
f4r5-122,f4r5,f4r5-122,f4r5;f4r5-122,110,No_MP_1,No_MP,f4r5,1.5674557205522888,0.6350495818510394,0.768396915992982,3.601062586397815,2.468241481213918,16.87624127746051,0.42333888489795096,0.7446190421052171,0.7719384926755107,0.39820358844886133,TRUE,saithe,saithe,FALSE,0.947,0.711,cod,0.189,0.522,0.189,0.711,0.0075,0.0085,0.031,0.015,0.038
f4r5-123,f4r5,f4r5-123,f4r5;f4r5-123,110,No_MP_1,No_MP,f4r5,2.079851350420189,0.8609260789281548,1.345970621640079,4.77109580004092,2.415830349813058,16.9122228726142,0.4144908279448199,0.743034828065551,0.7516876598125285,0.39616956291521227,TRUE,saithe,saithe,FALSE,0.9615,0.76,cod,0.1585,0.6015,0.1585,0.76,0.004,0.003,0.036,0.01,0.0285
f4r5-124,f4r5,f4r5-124,f4r5;f4r5-124,110,No_MP_1,No_MP,f4r5,2.461868211133621,0.9626368999896763,1.7169984855457603,5.589622887152749,2.557421402774009,18.196803482124643,0.43779502803900644,0.6905812126126195,0.7245070343067569,0.3607035608279352,TRUE,saithe,saithe,FALSE,0.96,0.753,cod,0.1335,0.6194999999999999,0.1335,0.753,0.0265,0.002,0.045,0.008,0.032
f4r5-125,f4r5,f4r5-125,f4r5;f4r5-125,110,No_MP_1,No_MP,f4r5,2.001775582632019,0.8468672263947553,1.2970945063712445,4.680687149976476,2.3637419423513255,16.890698471345104,0.4054240681132755,0.7439817030466733,0.7651399996184036,0.41214588078244685,TRUE,saithe,saithe,FALSE,0.9540000000000001,0.806,cod,0.1005,0.7055,0.1005,0.806,0.01,0.0055,0.032,0.0205,0.0255
f4r5-126,f4r5,f4r5-126,f4r5;f4r5-126,110,No_MP_1,No_MP,f4r5,2.029626897732915,0.7974547292276415,1.2287073005612856,4.621205717254422,2.545131182178415,17.38049596631316,0.43584598221523685,0.7230156514932189,0.75914754345159,0.37977479486295573,TRUE,saithe,saithe,FALSE,0.9605,0.777,cod,0.1375,0.6395,0.1375,0.777,0.0135,0.0015,0.031,0.0055,0.034
f4r5-127,f4r5,f4r5-127,f4r5;f4r5-127,110,No_MP_1,No_MP,f4r5,2.1931470647941036,0.8945799472357542,1.4525052438493682,5.005347451784417,2.4515942611623625,17.248476877569836,0.4205576181116728,0.72854958171412,0.740339284967617,0.3844964352685344,TRUE,saithe,saithe,FALSE,0.9199999999999999,0.699,cod,0.173,0.526,0.173,0.699,0.0125,0.0015,0.034,0.012,0.068
f4r5-128,f4r5,f4r5-128,f4r5;f4r5-128,110,No_MP_1,No_MP,f4r5,2.1322134578805017,0.8682815207179421,1.3869092441783235,4.878873321348747,2.455670663263077,17.16291457835867,0.4212411439371756,0.7321816208422174,0.749129336133741,0.38841572249727035,TRUE,saithe,saithe,FALSE,0.9655,0.764,cod,0.1575,0.6065,0.1575,0.764,0.0035,0.0015,0.039,0.0065,0.028
f4r5-129,f4r5,f4r5-129,f4r5;f4r5-129,110,No_MP_1,No_MP,f4r5,2.433269879998419,0.9375932416872584,1.7006638211060436,5.510470051434836,2.5952297561569404,17.854957464792708,0.44370731896203874,0.7038028871890716,0.7454417701320529,0.36571942725987794,TRUE,saithe,saithe,FALSE,0.9735,0.785,cod,0.1175,0.6675,0.1175,0.785,0.0195,0.002,0.0495,0.0075,0.019
f4r5-13,f4r5,f4r5-13,f4r5;f4r5-13,110,No_MP_1,No_MP,f4r5,2.426451491592372,0.9631818027196138,1.8148903185681822,5.575059091126176,2.51920404303851,17.125709224163764,0.4316896731360926,0.7337722747638662,0.7765519265340051,0.3924797692094906,TRUE,saithe,saithe,FALSE,0.9675,0.7495,cod,0.178,0.5715000000000001,0.178,0.7495,0.0075,0.0015,0.031,0.016,0.0165
f4r5-130,f4r5,f4r5-130,f4r5;f4r5-130,110,No_MP_1,No_MP,f4r5,2.732791105905743,1.0676436927351982,2.2522956845657185,6.267419063593153,2.5596471224445683,17.44022420673636,0.4381465546431718,0.7205395105818284,0.7719561480896727,0.3839924206468386,TRUE,saithe,saithe,FALSE,0.975,0.771,cod,0.142,0.629,0.142,0.771,0.018,0.0015,0.0425,0.012,0.013
f4r5-131,f4r5,f4r5-131,f4r5;f4r5-131,110,No_MP_1,No_MP,f4r5,2.974452237134684,1.1069946793052916,2.5210788008448373,6.744370707127967,2.68696163833537,18.042488882109843,0.45754792260247606,0.6964876462703239,0.7656563479013058,0.3628127495074305,TRUE,saithe,saithe,FALSE,0.97,0.7845,cod,0.084,0.7005,0.084,0.7845,0.041,0.0025,0.058,0.013,0.017
f4r5-132,f4r5,f4r5-132,f4r5;f4r5-132,110,No_MP_1,No_MP,f4r5,2.894613130680129,1.1578796592232885,2.496988846029368,6.603424424452042,2.4999257112970183,17.463119308197708,0.42855929954615213,0.7195948440013316,0.7450109396124768,0.3794422311384454,TRUE,saithe,saithe,FALSE,0.9785,0.7445,cod,0.1685,0.5760000000000001,0.1685,0.7445,0.0125,0.001,0.052,0.01,0.0115
f4r5-133,f4r5,f4r5-133,f4r5;f4r5-133,110,No_MP_1,No_MP,f4r5,1.7438738433865566,0.7341656170055707,0.9539305253478582,4.010578046064509,2.375313965940364,16.86153848332843,0.4074625293582729,0.7452683292680539,0.7450881238440358,0.39938958688991044,TRUE,saithe,saithe,FALSE,0.9155,0.7075,cod,0.158,0.5495,0.158,0.7075,0.0045,0.01,0.0355,0.015,0.0695
f4r5-134,f4r5,f4r5-134,f4r5;f4r5-134,110,No_MP_1,No_MP,f4r5,2.000086879735336,0.8224984022355433,1.2711456912256969,4.6190559019592765,2.4317212948974953,16.78460429256696,0.41720208952465665,0.7486843535491732,0.7727008780617971,0.4045830894618762,TRUE,saithe,saithe,FALSE,0.96,0.759,cod,0.155,0.604,0.155,0.759,0.003,0.009,0.034,0.0215,0.0185
f4r5-135,f4r5,f4r5-135,f4r5;f4r5-135,110,No_MP_1,No_MP,f4r5,2.4539381458274234,0.9635672384030448,1.83246680002894,5.657245914650116,2.5467222711872446,17.465217562642874,0.43609906638375956,0.719508392568664,0.774979969916785,0.38745298426895836,TRUE,saithe,saithe,FALSE,0.972,0.783,cod,0.1485,0.6345000000000001,0.1485,0.783,0.009,5e-4,0.031,0.012,0.016
f4r5-136,f4r5,f4r5-136,f4r5;f4r5-136,110,No_MP_1,No_MP,f4r5,2.8180252205476055,1.0815522074501023,2.3492144151694094,6.436337204270141,2.605537856735978,17.63416584691976,0.4452977393473937,0.7126149727436184,0.7707797448916996,0.37665438210381663,TRUE,saithe,saithe,FALSE,0.9745,0.7925,cod,0.1015,0.691,0.1015,0.7925,0.0245,0.0015,0.0545,0.0135,0.012
f4r5-137,f4r5,f4r5-137,f4r5;f4r5-137,110,No_MP_1,No_MP,f4r5,2.5061646779983344,1.0684536184525877,2.006628480903231,5.796969040772588,2.3455998788491583,16.746921704484887,0.4021998827044514,0.75036898339316,0.7493793011835647,0.4067783976613496,TRUE,saithe,saithe,FALSE,0.9275,0.7345,cod,0.1215,0.613,0.1215,0.7345,0.0085,0.0125,0.0505,0.024,0.0485
f4r5-138,f4r5,f4r5-138,f4r5;f4r5-138,110,No_MP_1,No_MP,f4r5,2.3306782220455924,0.9266073595839084,1.6024862470907428,5.277740523381527,2.5152813626390578,17.382080553085842,0.4310554992108732,0.72294973987612,0.7420210873833752,0.37561228955023807,TRUE,saithe,saithe,FALSE,0.9085,0.6055,cod,0.2345,0.37100000000000005,0.2345,0.6055,0.0185,0.0035,0.0465,0.006,0.0855
f4r5-139,f4r5,f4r5-139,f4r5;f4r5-139,110,No_MP_1,No_MP,f4r5,2.0485595213535994,0.798463466643963,1.2875385590071589,4.720245952922368,2.5656271162460804,17.30489677393507,0.43908885175138135,0.7261742602987874,0.7871483820755093,0.3906368315514457,TRUE,saithe,saithe,FALSE,0.9665,0.7915,cod,0.139,0.6525,0.139,0.7915,0.0075,5e-4,0.028,0.014,0.0195
f4r5-14,f4r5,f4r5-14,f4r5;f4r5-14,110,No_MP_1,No_MP,f4r5,2.404273346162844,0.9087123835300924,1.6924666644036543,5.496225848330194,2.64580233497305,17.848799749622845,0.451423907211145,0.7040456944240582,0.774657687491509,0.37278854444632176,TRUE,saithe,saithe,FALSE,0.976,0.8305,cod,0.104,0.7265,0.104,0.8305,0.0115,5e-4,0.0295,0.0095,0.0145
f4r5-141,f4r5,f4r5-141,f4r5;f4r5-141,110,No_MP_1,No_MP,f4r5,3.1377427835240086,1.2014870892143166,2.931900897354066,7.186793671133665,2.611549313922183,17.61655836254873,0.44622104638300575,0.7133272206604317,0.7777013245254362,0.37916193085075506,TRUE,saithe,saithe,FALSE,0.9665,0.785,cod,0.1175,0.6675,0.1175,0.785,0.012,0.0015,0.0505,0.01,0.0235
f4r5-142,f4r5,f4r5-142,f4r5;f4r5-142,110,No_MP_1,No_MP,f4r5,2.984000008116235,1.1748500799130486,2.6629615945025686,6.82437007777245,2.5398985446186315,17.488809096811416,0.4350120561956759,0.7185378115111504,0.7595976846868765,0.3807828514574864,TRUE,saithe,saithe,FALSE,0.982,0.78,cod,0.1415,0.6385000000000001,0.1415,0.78,0.0095,5e-4,0.0505,0.0075,0.0105
f4r5-143,f4r5,f4r5-143,f4r5;f4r5-143,110,No_MP_1,No_MP,f4r5,2.779690345122457,1.0731712832190738,2.238896774670281,6.305336989472925,2.5901646723014484,17.757529065479357,0.4429224889236307,0.707664369745462,0.7505309551381774,0.3689362695155177,TRUE,saithe,saithe,FALSE,0.9835,0.761,cod,0.16,0.601,0.16,0.761,0.015,0,0.0475,0.004,0.0125
f4r5-144,f4r5,f4r5-144,f4r5;f4r5-144,110,No_MP_1,No_MP,f4r5,2.233927695243023,0.8991465670752157,1.555008378054892,5.144205676989762,2.4844978305479644,17.0178195954643,0.42602920212308343,0.7384242466472288,0.7741642824075138,0.396738755962354,TRUE,saithe,saithe,FALSE,0.9544999999999999,0.7685,cod,0.1475,0.621,0.1475,0.7685,0.0045,0.005,0.029,0.0115,0.034
f4r5-145,f4r5,f4r5-145,f4r5;f4r5-145,110,No_MP_1,No_MP,f4r5,1.7592351195853417,0.7974884330758486,1.104797601257722,4.209925222828004,2.2059694493625615,16.0422781164864,0.3761637371816949,0.7833283105499156,0.7874707726040371,0.4545117015525008,TRUE,saithe,saithe,FALSE,0.6589999999999999,0.5205,wrasse,0.1835,0.33699999999999997,0.0365,0.5205,0.001,0.088,0.013,0.1575,0.1835
f4r5-146,f4r5,f4r5-146,f4r5;f4r5-146,110,No_MP_1,No_MP,f4r5,1.239658122503493,0.5986703599921399,0.5303444006143538,2.9443012845709906,2.0706856483086433,16.34581235190618,0.3486796666726159,0.7687822632378216,0.7146087024597632,0.4394042426125103,TRUE,saithe,gadoids_unknown,TRUE,0.588,0.3985,wrasse,0.371,0.027500000000000024,0.022,0.3985,0.033,0.105,0.0295,0.041,0.371
f4r5-147,f4r5,f4r5-147,f4r5;f4r5-147,110,No_MP_1,No_MP,f4r5,1.9438303818338176,0.8372444073685064,1.2129627830133132,4.5031383888990035,2.3217000492644155,16.717953455422172,0.39789867527536193,0.751669194908752,0.7453098393818071,0.4087340915902498,TRUE,saithe,saithe,FALSE,0.9055,0.7,cod,0.1345,0.5654999999999999,0.1345,0.7,0.0045,0.0225,0.044,0.027,0.0675
f4r5-148,f4r5,f4r5-148,f4r5;f4r5-148,110,No_MP_1,No_MP,f4r5,2.5391708710777205,1.0514249258052566,2.0790163028682898,5.93657566729568,2.4149806693359883,16.95173366601535,0.41434514755573076,0.741302975963579,0.7787314223670289,0.41056711313477423,TRUE,saithe,saithe,FALSE,0.948,0.7505,cod,0.1535,0.597,0.1535,0.7505,0.004,0.005,0.035,0.022,0.03
f4r5-149,f4r5,f4r5-149,f4r5;f4r5-149,110,No_MP_1,No_MP,f4r5,2.1951748331931094,0.8940812674918985,1.5095426633472782,5.060379715627403,2.4552296452324454,16.963709266454924,0.42116727240992025,0.7407796500738598,0.769129166830994,0.3988570568622787,TRUE,saithe,saithe,FALSE,0.9675,0.757,cod,0.1735,0.5835,0.1735,0.757,0.0035,0.003,0.0305,0.018,0.0145
f4r5-15,f4r5,f4r5-15,f4r5;f4r5-15,110,No_MP_1,No_MP,f4r5,2.460272664345042,0.9090773854527754,1.757138387572783,5.623934570897834,2.7063401903014865,18.000084843305892,0.4603841263051158,0.6981284101576065,0.7856368962201352,0.3696150127966866,TRUE,saithe,saithe,FALSE,0.975,0.8495,cod,0.073,0.7765000000000001,0.073,0.8495,0.02,5e-4,0.032,0.0125,0.0125
f4r5-150,f4r5,f4r5-150,f4r5;f4r5-150,110,No_MP_1,No_MP,f4r5,1.9523011232443175,0.8178852884116137,1.2116075844972514,4.50878670449408,2.3870109303907556,16.778664814200578,0.4095088439028857,0.7489493802703334,0.7587920685727634,0.404742205256715,TRUE,saithe,saithe,FALSE,0.944,0.7515,cod,0.1335,0.6179999999999999,0.1335,0.7515,0.011,0.013,0.035,0.016,0.04
f4r5-151,f4r5,f4r5-151,f4r5;f4r5-151,110,No_MP_1,No_MP,f4r5,2.5596451832695037,1.0519818543218378,2.0381738988807325,5.9002154035798435,2.433164766819656,17.080260829440622,0.41744712653196703,0.7357247491618498,0.7569256442127041,0.3960881218477652,TRUE,saithe,saithe,FALSE,0.9645,0.754,cod,0.146,0.608,0.146,0.754,0.0075,0.0035,0.0535,0.012,0.0235
f4r5-152,f4r5,f4r5-152,f4r5;f4r5-152,110,No_MP_1,No_MP,f4r5,2.7504182446384458,1.1622607744394342,2.4183357277720865,6.3833440640534915,2.366438156673566,16.84922443652005,0.4059002699826117,0.7458129993877964,0.7565092994036962,0.4070326339373458,TRUE,saithe,saithe,FALSE,0.942,0.713,cod,0.1575,0.5555,0.1575,0.713,0.008,0.0115,0.052,0.0365,0.0215
f4r5-153,f4r5,f4r5-153,f4r5;f4r5-153,110,No_MP_1,No_MP,f4r5,2.3602122660481264,0.9376671486582567,1.7184493374088772,5.445756884116326,2.517110969948604,17.257574835238877,0.4313514651403716,0.7281655003285535,0.7764919706089195,0.39277580327290756,TRUE,saithe,saithe,FALSE,0.9705,0.799,cod,0.132,0.667,0.132,0.799,0.005,0.002,0.0325,0.011,0.0185
f4r5-154,f4r5,f4r5-154,f4r5;f4r5-154,110,No_MP_1,No_MP,f4r5,2.5681234770710977,1.0135821980082358,1.9644735184575364,5.860444244958949,2.53371012446514,17.482957355026752,0.4340226194125873,0.7187783141704027,0.7546947059445376,0.37924904452663294,TRUE,saithe,saithe,FALSE,0.8875000000000001,0.6145,cod,0.207,0.4075000000000001,0.207,0.6145,0.0155,0,0.0505,0.0075,0.105
f4r5-155,f4r5,f4r5-155,f4r5;f4r5-155,110,No_MP_1,No_MP,f4r5,1.958391481309319,0.7818153426180112,1.2281483012526095,4.5718438907498085,2.5049284332939648,17.018919083361745,0.4293749392992937,0.7383765415892052,0.8021343443397512,0.40771989883182735,TRUE,saithe,saithe,FALSE,0.8705,0.6875,lesser_sand_eel,0.084,0.6035,0.061,0.6875,0.0505,0.0105,0.061,0.084,0.0455
f4r5-156,f4r5,f4r5-156,f4r5;f4r5-156,110,No_MP_1,No_MP,f4r5,1.9423595395895041,0.7858492723314405,1.156185661752948,4.444167092686008,2.4716693238475034,17.082568830483808,0.42390826618720556,0.7356253464604521,0.757458251443989,0.3901920818935324,TRUE,saithe,saithe,FALSE,0.9565,0.6825,cod,0.2215,0.46099999999999997,0.2215,0.6825,0.0095,0.0055,0.0375,0.0135,0.03
f4r5-157,f4r5,f4r5-157,f4r5;f4r5-157,110,No_MP_1,No_MP,f4r5,1.985381991584489,0.8232478417252996,1.2680946775171091,4.589883903712268,2.4116455470125224,16.61313987280948,0.4137726289440176,0.7564115339163786,0.7758486354067866,0.40961291536081806,TRUE,saithe,saithe,FALSE,0.959,0.7685,cod,0.137,0.6315,0.137,0.7685,0.0065,0.017,0.03,0.024,0.017
f4r5-158,f4r5,f4r5-158,f4r5;f4r5-158,110,No_MP_1,No_MP,f4r5,1.2005027921540246,0.5720016732857134,0.5240977967965462,2.86646576276904,2.098774965566187,15.677657909172195,0.35458365895421723,0.801546422760458,0.76322372189177,0.46301611184427294,TRUE,saithe,gadoids_unknown,TRUE,0.669,0.4855,wrasse,0.253,0.23249999999999998,0.0395,0.4855,0.0015,0.1325,0.01,0.078,0.253
f4r5-159,f4r5,f4r5-159,f4r5;f4r5-159,110,No_MP_1,No_MP,f4r5,0.9250476369098185,0.5069533765566079,0.3652461560272711,2.3398696203914877,1.824719352286482,14.989863000836657,0.2919650589779509,0.8383245806621303,0.7788494829113376,0.5434599900508739,TRUE,wrasse,wrasse,FALSE,0.44399999999999995,0.4045,saithe,0.344,0.060500000000000054,0.0255,0.344,0.0015,0.0695,0.0035,0.1515,0.4045
f4r5-16,f4r5,f4r5-16,f4r5;f4r5-16,110,No_MP_1,No_MP,f4r5,2.4549722410864216,0.9685160038075961,1.8635371704400565,5.66207455591653,2.5347771553954854,17.203353271020042,0.4341934690431053,0.7304605338499843,0.7837628467124398,0.3936905648704977,TRUE,saithe,saithe,FALSE,0.9695,0.7925,cod,0.1305,0.6619999999999999,0.1305,0.7925,0.011,0.002,0.0335,0.0135,0.017
f4r5-160,f4r5,f4r5-160,f4r5;f4r5-160,110,No_MP_1,No_MP,f4r5,1.0999764522521238,0.5312745681366933,0.44586648853517336,2.6337841159521305,2.07044816037403,15.558062666318813,0.3486292894271279,0.8077079314999634,0.7629611370027309,0.4691893809852686,TRUE,saithe,gadoids_unknown,TRUE,0.6415,0.44,wrasse,0.2765,0.16349999999999998,0.0575,0.44,0.0065,0.126,0.0115,0.082,0.2765
f4r5-161,f4r5,f4r5-161,f4r5;f4r5-161,110,No_MP_1,No_MP,f4r5,0.8306267479757924,0.3948049229721629,0.2563512441044225,1.9965734083984872,2.1038915668089544,15.550169803350615,0.3556475936895702,0.8081179031017064,0.7817123222000512,0.47307905831928243,TRUE,saithe,gadoids_unknown,TRUE,0.62,0.468,wrasse,0.2435,0.22450000000000003,0.029,0.468,0.0035,0.1105,0.009,0.1365,0.2435
f4r5-162,f4r5,f4r5-162,f4r5;f4r5-162,110,No_MP_1,No_MP,f4r5,0.8082172461363061,0.49482872690951313,0.3100985364158925,2.1136786497155646,1.6333272548343798,14.407154209433564,0.2405045759776683,0.8722312839638325,0.7753837565419163,0.6044405726117498,TRUE,wrasse,wrasse,FALSE,0.3635,0.4735,saithe,0.282,0.1915,0.0155,0.282,0.002,0.059,0.005,0.163,0.4735
f4r5-164,f4r5,f4r5-164,f4r5;f4r5-164,110,No_MP_1,No_MP,f4r5,1.24687065707072,0.5966351746840164,0.5741683362750549,2.9837704322657292,2.089837659556486,15.505707002620733,0.3527168025108869,0.8104351908774774,0.7718074749358752,0.4702259017665042,TRUE,saithe,gadoids_unknown,TRUE,0.67,0.492,wrasse,0.2445,0.2475,0.039,0.492,0.002,0.126,0.011,0.0855,0.2445
f4r5-165,f4r5,f4r5-165,f4r5;f4r5-165,110,No_MP_1,No_MP,f4r5,0.9654120446333888,0.48934247760050975,0.3816652933813576,2.4068127773498076,1.9728760302340511,15.177559620088948,0.32725079025830006,0.8279572559034051,0.8078989430059411,0.5213956004437189,TRUE,wrasse,wrasse,FALSE,0.3575,0.335,lesser_sand_eel,0.3075,0.027500000000000024,0.003,0.2585,0.0065,0.067,0.0225,0.3075,0.335
f4r5-166,f4r5,f4r5-166,f4r5;f4r5-166,110,No_MP_1,No_MP,f4r5,1.3894624495683356,0.5628274203391733,0.5895857376423161,3.1857755441682394,2.468718472762063,17.214062637277763,0.42341818290965405,0.7300060932243955,0.7539193797808043,0.38883330702554575,TRUE,saithe,saithe,FALSE,0.9585,0.7495,cod,0.173,0.5765,0.173,0.7495,0.008,0.0015,0.0265,0.006,0.0355
f4r5-167,f4r5,f4r5-167,f4r5;f4r5-167,110,No_MP_1,No_MP,f4r5,1.336067581097672,0.5454460237110508,0.5799465437408781,3.1850676717141644,2.4494955009617083,17.492398537219923,0.4202050707292106,0.718390367542835,0.7958070060438022,0.413657812261523,TRUE,saithe,saithe,FALSE,0.858,0.581,norway_pout,0.1225,0.45849999999999996,0.03,0.581,0.112,0.0125,0.1225,0.0985,0.0435
f4r5-168,f4r5,f4r5-168,f4r5;f4r5-168,110,No_MP_1,No_MP,f4r5,1.0930157675279102,0.49792096719799844,0.4378251028305747,2.6336707718795487,2.1951591508161417,15.842448707964397,0.3740530891898957,0.7932088559038062,0.8044773420130423,0.4666141697806359,TRUE,saithe,gadoids_unknown,TRUE,0.515,0.4115,lesser_sand_eel,0.274,0.13749999999999996,0.0125,0.4115,0.01,0.0645,0.0165,0.274,0.211
f4r5-169,f4r5,f4r5-169,f4r5;f4r5-169,110,No_MP_1,No_MP,f4r5,1.1210396462450427,0.5387915294039027,0.4710654680347065,2.707342435020438,2.080655661913089,15.559839465715978,0.3507875532061253,0.8076156982241036,0.7799011085862644,0.47725385349048816,TRUE,saithe,gadoids_unknown,TRUE,0.5980000000000001,0.4,wrasse,0.2815,0.11850000000000005,0.0225,0.4,0.013,0.1395,0.023,0.1205,0.2815
f4r5-17,f4r5,f4r5-17,f4r5;f4r5-17,110,No_MP_1,No_MP,f4r5,2.368661316991156,0.9617039021312197,1.7990112361511075,5.517077569915397,2.4629839930377697,16.919374543532275,0.4224634003446326,0.7427207537741333,0.7897498099478705,0.40826115448379535,TRUE,saithe,saithe,FALSE,0.936,0.767,cod,0.122,0.645,0.122,0.767,0.0125,0.003,0.0315,0.0295,0.0345
f4r5-170,f4r5,f4r5-170,f4r5;f4r5-170,110,No_MP_1,No_MP,f4r5,1.2207966237877836,0.5647199153392122,0.5326695725909797,2.8983660737676886,2.161773634376758,15.770613396793417,0.36744364673841184,0.7968219306494602,0.7726476111488123,0.4550733143451653,TRUE,saithe,saithe,FALSE,0.7135,0.5405,wrasse,0.203,0.33749999999999997,0.0295,0.5405,0.004,0.122,0.0175,0.0835,0.203
f4r5-171,f4r5,f4r5-171,f4r5;f4r5-171,110,No_MP_1,No_MP,f4r5,1.2628826230606023,0.6341468269591086,0.6314957360997395,3.102205195798323,1.9914672271032845,15.239496526573747,0.33143175299411454,0.8245922424304941,0.7885288930748467,0.5041439573622818,TRUE,saithe,gadoids_unknown,TRUE,0.494,0.3665,wrasse,0.352,0.014500000000000013,0.0165,0.3665,0.005,0.092,0.014,0.154,0.352
f4r5-172,f4r5,f4r5-172,f4r5;f4r5-172,110,No_MP_1,No_MP,f4r5,1.1753248842506392,0.7248105355105922,0.6574097227065009,3.0828678940514327,1.621561534591495,14.456851068532472,0.2370959164566587,0.8692329024341809,0.7717092290399671,0.6059410552670152,TRUE,wrasse,wrasse,FALSE,0.387,0.522,saithe,0.1785,0.3435,0.0015,0.1785,0.0015,0.138,0.0675,0.091,0.522
f4r5-173,f4r5,f4r5-173,f4r5;f4r5-173,110,No_MP_1,No_MP,f4r5,1.3111219130941487,0.6061499633291233,0.6182475964915296,3.123525557172612,2.163032240228388,15.78075185682367,0.3676953479754638,0.7963100065429022,0.7779277746118349,0.4579166168503473,TRUE,saithe,saithe,FALSE,0.683,0.501,wrasse,0.206,0.29500000000000004,0.03,0.501,0.0115,0.1215,0.019,0.111,0.206
f4r5-174,f4r5,f4r5-174,f4r5;f4r5-174,110,No_MP_1,No_MP,f4r5,1.1313541049505953,0.5337349626673772,0.4652481672175922,2.7011942737594397,2.119692701592145,15.682921543199344,0.35891121616584426,0.8012774010087671,0.770478388514705,0.4628046093114784,TRUE,saithe,gadoids_unknown,TRUE,0.6705,0.476,wrasse,0.253,0.22299999999999998,0.0335,0.476,0.0125,0.125,0.0235,0.0765,0.253
f4r5-175,f4r5,f4r5-175,f4r5;f4r5-175,110,No_MP_1,No_MP,f4r5,1.2841598541256396,0.6121585298994939,0.6027086392947499,3.098504054860068,2.0977570211044467,15.929301078574923,0.35437157066407426,0.7888839913548419,0.7666981628897965,0.46534961391912605,TRUE,saithe,gadoids_unknown,TRUE,0.479,0.2965,lesser_sand_eel,0.2615,0.034999999999999976,0.007,0.2965,0.0035,0.1175,0.0545,0.2615,0.2595
f4r5-176,f4r5,f4r5-176,f4r5;f4r5-176,110,No_MP_1,No_MP,f4r5,1.7469501098459514,0.721771752489204,0.9471508213824732,4.015408200729271,2.420363645184468,17.023163211694015,0.4152668524541824,0.7381924533113057,0.7511709021719661,0.3951557029054789,TRUE,saithe,saithe,FALSE,0.9685,0.7485,cod,0.1795,0.5690000000000001,0.1795,0.7485,0.006,0.002,0.0325,0.0125,0.019
f4r5-177,f4r5,f4r5-177,f4r5;f4r5-177,110,No_MP_1,No_MP,f4r5,1.2261699106251678,0.6199557234620412,0.5425198754361376,2.947232776481707,1.9778346488646363,16.01080703593607,0.32837103606053375,0.7848680323330424,0.7136813123318849,0.459435408172806,TRUE,wrasse,wrasse,FALSE,0.6345,0.2905,saithe,0.2855,0.0050000000000000044,0.0135,0.2855,0.0065,0.2165,0.1125,0.075,0.2905
f4r5-178,f4r5,f4r5-178,f4r5;f4r5-178,110,No_MP_1,No_MP,f4r5,1.9246044979739654,0.7698069836862523,1.1102865607876016,4.382830454536497,2.500113065690724,17.301121594758566,0.4285898876797246,0.7263327146470202,0.749396637121616,0.38164731274310404,TRUE,saithe,saithe,FALSE,0.917,0.6595,cod,0.1945,0.46499999999999997,0.1945,0.6595,0.021,0.0035,0.0385,0.006,0.077
f4r5-179,f4r5,f4r5-179,f4r5;f4r5-179,110,No_MP_1,No_MP,f4r5,1.3028720329264967,0.5881060653481075,0.5843484129267056,3.0577828551983837,2.2153691480044673,16.00078956784631,0.37798743847460053,0.7853594074889514,0.7626309891453096,0.4383070578982094,TRUE,saithe,saithe,FALSE,0.791,0.6145,wrasse,0.146,0.4685,0.0605,0.6145,0.0015,0.096,0.0185,0.063,0.146
f4r5-18,f4r5,f4r5-18,f4r5;f4r5-18,110,No_MP_1,No_MP,f4r5,2.1235444298013757,0.8733915479438498,1.323281755433051,4.828244625887478,2.4313773528043092,17.616766853845387,0.4171436731184664,0.7133187785598801,0.7134803028884431,0.37362827904085644,TRUE,saithe,saithe,FALSE,0.786,0.56,wrasse,0.209,0.3510000000000001,0.146,0.56,0.0315,0.007,0.0415,0.005,0.209
f4r5-180,f4r5,f4r5-180,f4r5;f4r5-180,110,No_MP_1,No_MP,f4r5,1.4647635587373657,0.7171920267170125,0.8121741749130987,3.5699026049329787,2.0423589557212516,15.69146742454705,0.3426153754017299,0.8008410095986873,0.773118732763182,0.481974699193852,TRUE,wrasse,wrasse,FALSE,0.5735,0.326,saithe,0.272,0.05399999999999999,0.0095,0.272,0.0055,0.2075,0.079,0.1005,0.326
f4r5-181,f4r5,f4r5-181,f4r5;f4r5-181,110,No_MP_1,No_MP,f4r5,1.3367479664160298,0.6046983623270328,0.6098289539415819,3.132888539692333,2.210602921548992,16.094661525493557,0.37706404408456806,0.7807788063423605,0.754431330538889,0.43452932883857565,TRUE,saithe,saithe,FALSE,0.8185,0.642,wrasse,0.119,0.523,0.063,0.642,0.003,0.0935,0.017,0.0625,0.119
f4r5-182,f4r5,f4r5-182,f4r5;f4r5-182,110,No_MP_1,No_MP,f4r5,1.494375709324786,0.6545144863556226,0.7647981543951049,3.5171615182265223,2.2831820234347493,16.174758103433877,0.39083487125466454,0.776912429478086,0.7819298065428245,0.43605106411958944,TRUE,saithe,saithe,FALSE,0.759,0.5585,wrasse,0.1735,0.385,0.0525,0.5585,0.0105,0.1155,0.022,0.0675,0.1735
f4r5-183,f4r5,f4r5-183,f4r5;f4r5-183,110,No_MP_1,No_MP,f4r5,1.945656924999453,0.7725657679373357,1.1737684644317266,4.480358944458163,2.518435330359174,17.101853457022965,0.4315655078998331,0.7347958305185176,0.7808735494386034,0.39478444040139066,TRUE,saithe,saithe,FALSE,0.971,0.7975,cod,0.1185,0.679,0.1185,0.7975,0.022,0.0025,0.0305,0.013,0.016
f4r5-184,f4r5,f4r5-184,f4r5;f4r5-184,110,No_MP_1,No_MP,f4r5,1.3001565442806053,0.5583732338276387,0.5498461613090271,3.015858548317699,2.328472185831787,16.541722800805545,0.3991237155252962,0.7596772576643116,0.757392428613156,0.41415224835455255,TRUE,saithe,saithe,FALSE,0.9345,0.7515,cod,0.1235,0.6279999999999999,0.1235,0.7515,0.0065,0.0225,0.0305,0.0315,0.034
f4r5-185,f4r5,f4r5-185,f4r5;f4r5-185,110,No_MP_1,No_MP,f4r5,1.2509315580756812,0.6312009362439395,0.6115566556346828,3.0519977142025754,1.9818277924610608,15.231115484845501,0.3292704544988851,0.8250459808319575,0.7745251307629735,0.497599250868295,TRUE,wrasse,wrasse,FALSE,0.4705,0.393,saithe,0.3075,0.08550000000000002,0.0185,0.3075,0.015,0.107,0.0225,0.1365,0.393
f4r5-186,f4r5,f4r5-186,f4r5;f4r5-186,110,No_MP_1,No_MP,f4r5,1.3889520704865286,0.5972812962510633,0.6402859524539756,3.239335572357441,2.3254571660028875,16.388450988380196,0.3985789321099728,0.7667820847296082,0.7718053756423338,0.4225806174689077,TRUE,saithe,saithe,FALSE,0.8494999999999999,0.6595,cod,0.104,0.5555,0.104,0.6595,0.0085,0.056,0.0215,0.0465,0.104
f4r5-187,f4r5,f4r5-187,f4r5;f4r5-187,110,No_MP_1,No_MP,f4r5,1.6504554663294895,0.7029786947338711,0.8773365666699038,3.8182937102917234,2.3478029685583968,16.61775812376323,0.4025932772079405,0.7562013191412015,0.756171417351418,0.4100801319633032,TRUE,saithe,saithe,FALSE,0.906,0.7065,cod,0.1305,0.5760000000000001,0.1305,0.7065,0.0105,0.0235,0.035,0.0295,0.0645
f4r5-188,f4r5,f4r5-188,f4r5;f4r5-188,110,No_MP_1,No_MP,f4r5,1.4889819540206903,0.631539972000384,0.7272531915918188,3.4653931783355247,2.357700256571859,16.51274964386074,0.4043542165249862,0.7610101821552907,0.7733843117025361,0.417654231572775,TRUE,saithe,saithe,FALSE,0.9165,0.768,cod,0.099,0.669,0.099,0.768,0.002,0.028,0.0195,0.0415,0.042
f4r5-19,f4r5,f4r5-19,f4r5;f4r5-19,110,No_MP_1,No_MP,f4r5,2.4217297633292043,0.9449158259231643,1.7604347261978954,5.545499118698635,2.5629052841434015,17.468730886663025,0.4386603514550506,0.719363684510894,0.7693095517418002,0.38218944316060616,TRUE,saithe,saithe,FALSE,0.9785,0.8095,cod,0.1235,0.6859999999999999,0.1235,0.8095,0.009,0.001,0.0355,0.0075,0.014
f4r5-190,f4r5,f4r5-190,f4r5;f4r5-190,110,No_MP_1,No_MP,f4r5,1.5994313179780792,0.656502873658036,0.7733856548884387,3.650092014925872,2.436289896289476,17.22707375448732,0.41797692850081986,0.7294547404538669,0.7365358413115013,0.3849240440149819,TRUE,saithe,saithe,FALSE,0.8310000000000001,0.6205,wrasse,0.164,0.4565,0.144,0.6205,0.029,0.0065,0.031,0.005,0.164
f4r5-191,f4r5,f4r5-191,f4r5;f4r5-191,110,No_MP_1,No_MP,f4r5,1.5554908875722184,0.6276317488905503,0.7419511354943944,3.5814421875285327,2.478349590061087,17.28783410252773,0.42501466623287976,0.7268909766158497,0.7599813384844347,0.39043656201677773,TRUE,saithe,saithe,FALSE,0.9665,0.762,cod,0.1565,0.6055,0.1565,0.762,0.01,0.001,0.037,0.006,0.0275
f4r5-192,f4r5,f4r5-192,f4r5;f4r5-192,110,No_MP_1,No_MP,f4r5,1.4056324932699351,0.6263095517903294,0.6801007098094782,3.3160423660539013,2.2443095259395003,16.168395084523272,0.38353600850682334,0.7772181808191938,0.7725247550695318,0.438268008967979,TRUE,saithe,saithe,FALSE,0.8235,0.664,wrasse,0.1125,0.5515,0.0565,0.664,0.002,0.0865,0.0145,0.064,0.1125
f4r5-193,f4r5,f4r5-193,f4r5;f4r5-193,110,No_MP_1,No_MP,f4r5,1.724998242520828,0.7361724461270001,0.964378498652245,3.987202408572051,2.343198596464777,16.485003625796832,0.40177050740722525,0.7622910433998618,0.7594152317799338,0.41264855033424647,TRUE,saithe,saithe,FALSE,0.9179999999999999,0.724,cod,0.1235,0.6005,0.1235,0.724,0.006,0.025,0.0395,0.0335,0.0485
f4r5-194,f4r5,f4r5-194,f4r5;f4r5-194,110,No_MP_1,No_MP,f4r5,1.8422494483395222,0.7428913769585186,0.9981391489645233,4.195994673509526,2.479836898742721,17.639195214800758,0.42526041932522524,0.7124117887087581,0.729318680069392,0.37445905601662843,TRUE,saithe,saithe,FALSE,0.9119999999999999,0.699,cod,0.1585,0.5405,0.1585,0.699,0.0145,0.001,0.039,0.005,0.083
f4r5-195,f4r5,f4r5-195,f4r5;f4r5-195,110,No_MP_1,No_MP,f4r5,1.83058572966821,0.7375635892577241,1.042273745519973,4.225052804473433,2.4819361426321103,17.12704678336037,0.42560692727462424,0.7337149698550434,0.7719554836577276,0.39601512371137076,TRUE,saithe,saithe,FALSE,0.9550000000000001,0.7475,cod,0.1575,0.5900000000000001,0.1575,0.7475,0.0205,0.007,0.0225,0.0095,0.0355
f4r5-196,f4r5,f4r5-196,f4r5;f4r5-196,110,No_MP_1,No_MP,f4r5,1.7392541559493875,0.7175275093956993,0.9324370528818139,3.9857511512322685,2.4239546681829456,17.037302615174955,0.41588011705149774,0.7375798210666538,0.7471674039986682,0.3924673583195977,TRUE,saithe,saithe,FALSE,0.967,0.776,cod,0.1445,0.6315000000000001,0.1445,0.776,0.0055,0.0025,0.0385,0.0075,0.0255
f4r5-197,f4r5,f4r5-197,f4r5;f4r5-197,110,No_MP_1,No_MP,f4r5,1.7976976342234532,0.7319187623039046,0.9927848083865272,4.117407712931095,2.4561436689568286,17.07625472438135,0.42132035251773486,0.7358973508644727,0.7545284084786364,0.3911397445692221,TRUE,saithe,saithe,FALSE,0.9595,0.766,cod,0.144,0.622,0.144,0.766,0.0115,0.0025,0.0355,0.007,0.0335
f4r5-198,f4r5,f4r5-198,f4r5;f4r5-198,110,No_MP_1,No_MP,f4r5,1.8593821298903228,0.7347887091717092,1.0404322694645862,4.2480666566872305,2.530499049157018,17.344781442567573,0.4335078491304104,0.7245044081973139,0.7615224070593052,0.3831657013239412,TRUE,saithe,saithe,FALSE,0.9804999999999999,0.814,cod,0.12,0.694,0.12,0.814,0.01,5e-4,0.036,0.0045,0.015
f4r5-199,f4r5,f4r5-199,f4r5;f4r5-199,110,No_MP_1,No_MP,f4r5,2.0616763641796916,0.8089617171999216,1.2937134215388388,4.7227419652033955,2.548546266584556,17.240519653388805,0.43638891823580983,0.7288858379561152,0.7756925526958278,0.38753168643568897,TRUE,saithe,saithe,FALSE,0.978,0.7925,cod,0.1415,0.651,0.1415,0.7925,0.014,0.001,0.029,0.009,0.013
f4r5-2,f4r5,f4r5-2,f4r5;f4r5-2,110,No_MP_1,No_MP,f4r5,1.6414869119794318,0.6568947110740478,0.8150932079420642,3.744990627882366,2.4988584689554556,17.206565661780896,0.42838499535047575,0.7303241600542929,0.755916951787157,0.38516121161251277,TRUE,saithe,saithe,FALSE,0.9785,0.775,cod,0.1565,0.6185,0.1565,0.775,0.0045,0.001,0.0415,0.006,0.0155
f4r5-20,f4r5,f4r5-20,f4r5;f4r5-20,110,No_MP_1,No_MP,f4r5,2.2703476997349927,0.9580278566171557,1.723104701621009,5.36400636885704,2.369813867158001,16.698094026480877,0.40649540928895894,0.7525631724453484,0.7922115255106773,0.4256347116766672,TRUE,saithe,saithe,FALSE,0.864,0.768,lesser_sand_eel,0.098,0.67,0.0415,0.768,0.0165,0.019,0.019,0.098,0.038
f4r5-200,f4r5,f4r5-200,f4r5;f4r5-200,110,No_MP_1,No_MP,f4r5,1.924391820846353,0.7401206355276175,1.0749024141823103,4.354543333223683,2.600105615856112,17.64071546471263,0.4444607427095174,0.7123503941490437,0.7546976937416965,0.3695661215192464,TRUE,saithe,saithe,FALSE,0.9655,0.76,cod,0.161,0.599,0.161,0.76,0.007,0.001,0.0365,0.0065,0.028
f4r5-201,f4r5,f4r5-201,f4r5;f4r5-201,110,No_MP_1,No_MP,f4r5,1.7549330177581335,0.6813705497967827,0.9123350261612081,4.022158767295348,2.5755927054398495,17.73225918706781,0.4406521758036837,0.7086728477059405,0.762975240852021,0.37717541529561366,TRUE,saithe,saithe,FALSE,0.9319999999999999,0.6765,cod,0.174,0.5025,0.174,0.6765,0.0285,0.0045,0.0485,0.005,0.063
f4r5-202,f4r5,f4r5-202,f4r5;f4r5-202,110,No_MP_1,No_MP,f4r5,1.6428168828008944,0.6992033093841118,0.8660159248087066,3.798796548670572,2.349555359295936,16.66349867801688,0.40290582317158885,0.7541255805383298,0.7539338552118949,0.4085617284021231,TRUE,saithe,saithe,FALSE,0.9165,0.7235,cod,0.122,0.6015,0.122,0.7235,0.0055,0.024,0.0415,0.0355,0.048
f4r5-204,f4r5,f4r5-204,f4r5;f4r5-204,110,No_MP_1,No_MP,f4r5,1.5899621249283675,0.635235330453676,0.7682124816955621,3.638288448935417,2.502949771060182,17.23109576199607,0.4290526183038326,0.7292844742976154,0.7606063302858156,0.38691709633693216,TRUE,saithe,saithe,FALSE,0.9805,0.781,cod,0.1605,0.6205,0.1605,0.781,0.003,5e-4,0.0355,0.0065,0.013
f4r5-205,f4r5,f4r5-205,f4r5;f4r5-205,110,No_MP_1,No_MP,f4r5,1.8163155786123442,0.7566035337569887,1.0683832548830299,4.2212420391561505,2.400617361107543,16.678363566349645,0.41187149637187576,0.7534534526944328,0.7774409265112449,0.4123391538220723,TRUE,saithe,saithe,FALSE,0.9420000000000001,0.784,cod,0.1185,0.6655,0.1185,0.784,0.0075,0.0125,0.0195,0.025,0.033
f4r5-206,f4r5,f4r5-206,f4r5;f4r5-206,110,No_MP_1,No_MP,f4r5,1.7849235569999222,0.7065734862629504,0.9532554951354262,4.066780105635125,2.5261683203545306,17.349703738387614,0.4328121013239338,0.7242988585767645,0.7558443297812668,0.38096071532014636,TRUE,saithe,saithe,FALSE,0.9715,0.768,cod,0.143,0.625,0.143,0.768,0.021,0.0015,0.038,0.006,0.0225
f4r5-207,f4r5,f4r5-207,f4r5;f4r5-207,110,No_MP_1,No_MP,f4r5,1.8022232132157465,0.7062776792341279,0.9484408241506346,4.081451794795398,2.5517204722794555,17.563825100165502,0.436892622713515,0.7154688994392663,0.7451199281315132,0.37179470415102933,TRUE,saithe,saithe,FALSE,0.896,0.6925,cod,0.1525,0.54,0.1525,0.6925,0.016,0.0035,0.0315,0.005,0.099
f4r5-208,f4r5,f4r5-208,f4r5;f4r5-208,110,No_MP_1,No_MP,f4r5,1.9572737652647727,0.7720352737795524,1.1572844853222677,4.492585833253367,2.535212873995773,17.44024716924155,0.43426320527639284,0.7205385618915896,0.765863571289657,0.38463349363684024,TRUE,saithe,saithe,FALSE,0.978,0.8115,cod,0.1005,0.711,0.1005,0.8115,0.0235,0.001,0.0415,0.005,0.017
f4r5-209,f4r5,f4r5-209,f4r5;f4r5-209,110,No_MP_1,No_MP,f4r5,1.7823306281347733,0.7269511061411529,0.9924087166590871,4.106113821334115,2.45178886596081,16.98914008989188,0.4205902858883875,0.7396707866242066,0.7659441406638328,0.39776278556889905,TRUE,saithe,saithe,FALSE,0.9645,0.773,cod,0.1375,0.6355,0.1375,0.773,0.0145,0.003,0.0365,0.012,0.0235
f4r5-21,f4r5,f4r5-21,f4r5;f4r5-21,110,No_MP_1,No_MP,f4r5,2.248153724885369,0.9177669712860579,1.592129774059319,5.195266522567316,2.4495910129943477,16.9526345655182,0.4202211240503145,0.7412635815272792,0.7716494227712936,0.4010851421860356,TRUE,saithe,saithe,FALSE,0.9595,0.7955,cod,0.1225,0.673,0.1225,0.7955,0.009,0.0025,0.03,0.015,0.0255
f4r5-210,f4r5,f4r5-210,f4r5;f4r5-210,110,No_MP_1,No_MP,f4r5,1.5227067466345612,0.7375628879332407,0.8297712592116215,3.6151758183670917,2.064511069559653,15.750721723145366,0.3473673435653849,0.7978282414762712,0.738827513603042,0.4556548138336674,TRUE,wrasse,wrasse,FALSE,0.504,0.4535,saithe,0.3465,0.10700000000000004,0.039,0.3465,0.012,0.093,0.0135,0.0425,0.4535
f4r5-211,f4r5,f4r5-211,f4r5;f4r5-211,110,No_MP_1,No_MP,f4r5,1.78730327399853,0.72506516711882385,0.9905738580182261,4.111855038977022,2.4650243247799355,17.068239510566247,0.42280347479897695,0.736242926904081,0.7643839682940355,0.3948212137340434,TRUE,saithe,saithe,FALSE,0.9675,0.7855,cod,0.126,0.6595,0.126,0.7855,0.017,0.0025,0.0365,0.0115,0.021
f4r5-212,f4r5,f4r5-212,f4r5;f4r5-212,110,No_MP_1,No_MP,f4r5,1.7677678310806444,0.7086356119958489,0.9614556813818388,4.053784362242148,2.4946076674043867,17.091965832414278,0.4276896892733323,0.7352209065693027,0.767504746190935,0.3917318969194893,TRUE,saithe,saithe,FALSE,0.979,0.8085,cod,0.1365,0.6719999999999999,0.1365,0.8085,0.01,0.001,0.023,0.008,0.013
f4r5-213,f4r5,f4r5-213,f4r5;f4r5-213,110,No_MP_1,No_MP,f4r5,2.1317023255066343,0.8173990511679671,1.3604005479885755,4.891749646524003,2.607908979660158,17.58983017145085,0.44566229046377237,0.7144111393841087,0.7807394240763363,0.3811744645310769,TRUE,saithe,saithe,FALSE,0.977,0.833,cod,0.112,0.721,0.112,0.833,0.0055,0,0.0265,0.0095,0.0135
f4r5-214,f4r5,f4r5-214,f4r5;f4r5-214,110,No_MP_1,No_MP,f4r5,1.6641657861913999,0.6851864807076006,0.8766717936509792,3.8532185069067237,2.4287779065237762,16.935976461767503,0.4167017944805661,0.7419926830157921,0.7688323684684801,0.4030454049244628,TRUE,saithe,saithe,FALSE,0.9630000000000001,0.787,cod,0.116,0.671,0.116,0.787,0.02,0.0055,0.0345,0.013,0.024
f4r5-215,f4r5,f4r5-215,f4r5;f4r5-215,110,No_MP_1,No_MP,f4r5,1.661043433543869,0.6800317417083446,0.845080245959426,3.799512572660582,2.442596913742691,17.082751441451812,0.4190432251838458,0.7356174827824571,0.7481484434362627,0.38998337308775216,TRUE,saithe,saithe,FALSE,0.9085,0.711,cod,0.152,0.5589999999999999,0.152,0.711,0.0065,0.0045,0.0345,0.008,0.0835
f4r5-216,f4r5,f4r5-216,f4r5;f4r5-216,110,No_MP_1,No_MP,f4r5,1.7302287836812866,0.6714349137549664,0.8967000666796057,3.941514069460607,2.5769121447752363,17.325228063473332,0.44085850614995337,0.7253220891708071,0.7718621578050081,0.3813732743642558,TRUE,saithe,saithe,FALSE,0.983,0.7675,cod,0.165,0.6024999999999999,0.165,0.7675,0.023,0.0015,0.026,0.008,0.009
f4r5-217,f4r5,f4r5-217,f4r5;f4r5-217,110,No_MP_1,No_MP,f4r5,1.605096015700662,0.6768391757271145,0.809225946937975,3.704333351534851,2.371458498950419,16.957050909225458,0.40678492687285717,0.7410705246820045,0.7448748224120249,0.39992438416793913,TRUE,saithe,saithe,FALSE,0.976,0.7875,cod,0.1415,0.646,0.1415,0.7875,0.009,0.0025,0.0355,0.0095,0.0145
f4r5-218,f4r5,f4r5-218,f4r5;f4r5-218,110,No_MP_1,No_MP,f4r5,1.7692200767904978,0.7452206152353803,1.0217542375066837,4.126348688221203,2.374089015548347,16.664235754318035,0.40724741084669763,0.7540922247876249,0.7749607876165782,0.41561656448026363,TRUE,saithe,saithe,FALSE,0.89,0.7095,cod,0.119,0.5905,0.119,0.7095,0.006,0.034,0.0215,0.0565,0.0535
f4r5-219,f4r5,f4r5-219,f4r5;f4r5-219,110,No_MP_1,No_MP,f4r5,1.284349152959204,0.6417790938004239,0.6148660994252131,3.110669085002759,2.001232457345521,15.737185975023557,0.3336071002747565,0.798514463405543,0.7459537123305586,0.4745964226170262,TRUE,saithe,gadoids_unknown,TRUE,0.5855,0.317,wrasse,0.3075,0.009500000000000008,0.015,0.317,0.0245,0.174,0.055,0.107,0.3075
f4r5-22,f4r5,f4r5-22,f4r5;f4r5-22,110,No_MP_1,No_MP,f4r5,2.292137831699415,0.8991572433032362,1.5548510202681578,5.195390415398107,2.5492068809664286,17.35991501215037,0.43649382324667096,0.7238728188222032,0.7544186334909645,0.37680568204084064,TRUE,saithe,saithe,FALSE,0.9625,0.6835,cod,0.2085,0.475,0.2085,0.6835,0.0245,0.0035,0.0425,0.008,0.0295
f4r5-220,f4r5,f4r5-220,f4r5;f4r5-220,110,No_MP_1,No_MP,f4r5,1.3285609383947448,0.6984857195028378,0.6920037122656543,3.3559196672053315,1.9020588414325446,16.274763578742306,0.31083409769433235,0.7721384432750258,0.7457090494021763,0.49917816940438237,TRUE,wrasse,wrasse,FALSE,0.317,0.6285,saithe,0.2275,0.4009999999999999,0.0245,0.2275,0.0065,0.0555,0.003,0.0545,0.6285
f4r5-221,f4r5,f4r5-221,f4r5;f4r5-221,110,No_MP_1,No_MP,f4r5,1.6686171791901456,0.6907301826222862,0.8629141263308812,3.83382653558996,2.4157293559337623,17.033242887667985,0.41447351602209787,0.73775561689766,0.7486906930767045,0.39460653771455617,TRUE,saithe,saithe,FALSE,0.92,0.686,cod,0.183,0.5030000000000001,0.183,0.686,0.0095,0.0035,0.038,0.0085,0.0715
f4r5-222,f4r5,f4r5-222,f4r5;f4r5-222,110,No_MP_1,No_MP,f4r5,1.78085131021765,0.7764751348658995,1.0864369367001385,4.2214598920389985,2.293507197143165,16.402906618971585,0.39274460923151205,0.7661063314123194,0.7856865332558803,0.4361735446713843,TRUE,saithe,saithe,FALSE,0.837,0.6965,lesser_sand_eel,0.0925,0.604,0.0435,0.6965,0.016,0.05,0.031,0.0925,0.0705
f4r5-223,f4r5,f4r5-223,f4r5;f4r5-223,110,No_MP_1,No_MP,f4r5,1.8023233795594757,0.7817094916527837,1.0551544499369778,4.196454304287728,2.305617878259081,16.68971658985736,0.39496939039629425,0.7529409230349654,0.7489243190433518,0.4135811350230596,TRUE,saithe,saithe,FALSE,0.94,0.7835,cod,0.1005,0.6829999999999999,0.1005,0.7835,0.009,0.0145,0.0325,0.018,0.042
f4r5-224,f4r5,f4r5-224,f4r5;f4r5-224,110,No_MP_1,No_MP,f4r5,1.606041653937728,0.7341362871087819,0.8703911844425286,3.773269849194628,2.1876614494329583,16.35766263414097,0.37258079889388096,0.768225320170818,0.7382118083360382,0.4296462174289014,TRUE,saithe,saithe,FALSE,0.761,0.553,wrasse,0.177,0.37600000000000006,0.046,0.553,0.017,0.124,0.021,0.062,0.177
f4r5-225,f4r5,f4r5-225,f4r5;f4r5-225,110,No_MP_1,No_MP,f4r5,1.8344823674101876,0.8073239563974679,1.0635220244223975,4.244037307086916,2.272300175008087,16.936041050704016,0.38880912720818556,0.7419898532801915,0.7181002972113687,0.40237364127841696,TRUE,saithe,saithe,FALSE,0.8745,0.7005,cod,0.1215,0.579,0.1215,0.7005,0.0125,0.0045,0.0355,0.0085,0.117
f4r5-226,f4r5,f4r5-226,f4r5;f4r5-226,110,No_MP_1,No_MP,f4r5,1.8397833140713786,0.7363232530141953,1.0312412078212783,4.211833519313765,2.4986081948927805,17.202126388930502,0.4283441046872376,0.7305126314177984,0.7612460768734842,0.3879154043963327,TRUE,saithe,saithe,FALSE,0.9675,0.768,cod,0.155,0.613,0.155,0.768,0.006,5e-4,0.038,0.0065,0.026
f4r5-227,f4r5,f4r5-227,f4r5;f4r5-227,110,No_MP_1,No_MP,f4r5,1.2550620520616205,0.6603034934500442,0.562151663883696,3.093619631407759,1.9007351384800344,17.02473378396248,0.3105196081266536,0.7381243532980737,0.6783357513918349,0.4543946633040039,TRUE,saithe,saithe,FALSE,0.8335,0.5845,wrasse,0.134,0.4505,0.0255,0.5845,0.0705,0.0805,0.0725,0.0325,0.134
f4r5-228,f4r5,f4r5-228,f4r5;f4r5-228,110,No_MP_1,No_MP,f4r5,1.6971376003354997,0.7221386827827029,0.9199492478813676,3.913754834573801,2.350154673608839,16.650349940962254,0.40301263826557326,0.7547211115031339,0.750630494617597,0.4066678844433845,TRUE,saithe,saithe,FALSE,0.9500000000000001,0.7495,cod,0.13,0.6195,0.13,0.7495,0.008,0.02,0.0425,0.0215,0.0285
f4r5-229,f4r5,f4r5-229,f4r5;f4r5-229,110,No_MP_1,No_MP,f4r5,1.8347272836360287,0.7702550912653123,1.1262699004783294,4.293518101435816,2.3819735882850033,16.367566672542633,0.40862932610476155,0.7677604659121294,0.7969597366631661,0.4259999595595237,TRUE,saithe,saithe,FALSE,0.8500000000000001,0.686,cod,0.097,0.5890000000000001,0.097,0.686,0.018,0.0345,0.0145,0.0875,0.0625
f4r5-23,f4r5,f4r5-23,f4r5;f4r5-23,110,No_MP_1,No_MP,f4r5,2.606935440509671,0.9907452839377765,1.9980342932612503,5.926067350982773,2.6312872569508987,17.576412160105072,0.44923112425995454,0.7149565280952113,0.7735896454247668,0.3743281640385515,TRUE,saithe,saithe,FALSE,0.9695,0.742,cod,0.175,0.567,0.175,0.742,0.009,0.002,0.0415,0.014,0.0165
f4r5-230,f4r5,f4r5-230,f4r5;f4r5-230,110,No_MP_1,No_MP,f4r5,1.7275274617510459,0.7535485482476639,0.9929073986052488,4.058183485742157,2.292523110512676,16.586494598674964,0.39256310954531715,0.7576266666594552,0.762733022323512,0.4236126744565236,TRUE,saithe,saithe,FALSE,0.897,0.7645,cod,0.0835,0.6809999999999999,0.0835,0.7645,0.002,0.035,0.012,0.0435,0.0595
f4r5-231,f4r5,f4r5-231,f4r5;f4r5-231,110,No_MP_1,No_MP,f4r5,1.810999402716497,0.7417694615504946,0.9915212303533785,4.126228879573629,2.441458561708686,17.171356744988163,0.41885105860260635,0.7318216493304726,0.7380992449470339,0.3849244715208329,TRUE,saithe,saithe,FALSE,0.8465,0.6475,wrasse,0.149,0.49849999999999994,0.1365,0.6475,0.0265,0.007,0.029,0.0045,0.149
f4r5-232,f4r5,f4r5-232,f4r5;f4r5-232,110,No_MP_1,No_MP,f4r5,1.8852264224084923,0.8114787128727523,1.1692954925773382,4.409832530632824,2.3231988621543964,16.63105953257686,0.39817023206868213,0.7555965144460106,0.7643347868428663,0.41889710428085714,TRUE,saithe,saithe,FALSE,0.9069999999999999,0.7505,cod,0.092,0.6585,0.092,0.7505,0.009,0.0375,0.018,0.032,0.061
f4r5-233,f4r5,f4r5-233,f4r5;f4r5-233,110,No_MP_1,No_MP,f4r5,1.7367637626430088,0.7065611897168703,0.9188209406296481,3.980894018806798,2.458051458131965,17.247666534582656,0.42163960709815534,0.7285838109846807,0.7487560712196576,0.3878461681847442,TRUE,saithe,saithe,FALSE,0.9585,0.7775,cod,0.1305,0.647,0.1305,0.7775,0.0105,0.002,0.038,0.005,0.0365
f4r5-234,f4r5,f4r5-234,f4r5;f4r5-234,110,No_MP_1,No_MP,f4r5,1.651376019782549,0.7316117099527053,0.9013340706229961,3.8558450063813154,2.257175489836407,16.495039073536166,0.3859710641195907,0.7618272717231718,0.7460349368797429,0.42082735155791284,TRUE,saithe,saithe,FALSE,0.8965,0.763,cod,0.0745,0.6885,0.0745,0.763,0.005,0.0345,0.0195,0.0495,0.054
f4r5-235,f4r5,f4r5-235,f4r5;f4r5-235,110,No_MP_1,No_MP,f4r5,2.124126289646332,0.8264954782702355,1.3222962338395727,4.8199397182932735,2.570039819324718,17.569299748001576,0.4397821589625,0.7152459571297676,0.7531958960094622,0.3731455024628604,TRUE,saithe,saithe,FALSE,0.9755,0.763,cod,0.1665,0.5965,0.1665,0.763,0.0085,5e-4,0.037,0.0105,0.014
f4r5-236,f4r5,f4r5-236,f4r5;f4r5-236,110,No_MP_1,No_MP,f4r5,2.174637321041844,0.8354605548976121,1.3682002742999757,4.929407481909968,2.6029203991663636,17.759869354756795,0.44489475802386425,0.7075711179707188,0.7530726685736978,0.36837158062703607,TRUE,saithe,saithe,FALSE,0.9815,0.8155,cod,0.122,0.6935,0.122,0.8155,0.0125,0.0015,0.03,0.007,0.0115
f4r5-237,f4r5,f4r5-237,f4r5;f4r5-237,110,No_MP_1,No_MP,f4r5,1.8934282168004446,0.7673095786870993,1.1253159358705267,4.365028723515036,2.4676196797128274,16.931667942986902,0.4232354800323342,0.742181494267029,0.7745598914368438,0.39965651581200495,TRUE,saithe,saithe,FALSE,0.9665,0.7925,cod,0.129,0.6635,0.129,0.7925,0.0115,0.0025,0.031,0.0185,0.015
f4r5-238,f4r5,f4r5-238,f4r5;f4r5-238,110,No_MP_1,No_MP,f4r5,1.5205818113805631,0.651465625226647,0.7450127496042813,3.52472649460907,2.3340936996507646,16.675817787545345,0.40013683472378314,0.7535684770880986,0.752077175626486,0.4102553384397763,TRUE,saithe,saithe,FALSE,0.9464999999999999,0.7575,cod,0.1225,0.635,0.1225,0.7575,0.011,0.0155,0.04,0.0235,0.03
f4r5-239,f4r5,f4r5-239,f4r5;f4r5-239,110,No_MP_1,No_MP,f4r5,2.1166453089684967,0.8451671503553712,1.331749409868545,4.830439010817308,2.5044102910039765,17.520669327369085,0.42929056990441006,0.7172311958841213,0.744443626159332,0.37847435264775336,TRUE,saithe,saithe,FALSE,0.8674999999999999,0.6655,cod,0.1525,0.513,0.1525,0.6655,0.0165,0.0025,0.0305,0.0055,0.127
f4r5-24,f4r5,f4r5-24,f4r5;f4r5-24,110,No_MP_1,No_MP,f4r5,2.6805266565569146,1.057354075695424,2.2339111843644988,6.203674331602932,2.535126802054389,17.227889578581177,0.4342494309291174,0.7294201972354463,0.7881798509986049,0.39585465856842056,TRUE,saithe,saithe,FALSE,0.9655,0.761,cod,0.156,0.605,0.156,0.761,0.006,0.001,0.0415,0.0205,0.014
f4r5-240,f4r5,f4r5-240,f4r5;f4r5-240,110,No_MP_1,No_MP,f4r5,1.9553210129811656,0.8086100001026476,1.1894791124593063,4.503000645986489,2.4181261828730176,17.04697006055955,0.41488409350676697,0.7371615348485393,0.7523148676930445,0.39612367891443767,TRUE,saithe,saithe,FALSE,0.969,0.8075,cod,0.119,0.6885,0.119,0.8075,0.014,0.0015,0.027,0.008,0.023
f4r5-241,f4r5,f4r5-241,f4r5;f4r5-241,110,No_MP_1,No_MP,f4r5,1.4950433276401058,0.6401013795683101,0.7467707506863911,3.5160161925280478,2.3356352217962346,16.55443769691918,0.40041405399149044,0.7590937756042178,0.780341595046881,0.4253925304531487,TRUE,saithe,saithe,FALSE,0.8544999999999999,0.695,lesser_sand_eel,0.081,0.614,0.063,0.695,0.0255,0.0375,0.0335,0.081,0.0645
f4r5-242,f4r5,f4r5-242,f4r5;f4r5-242,110,No_MP_1,No_MP,f4r5,1.962312904414124,0.8248960807031339,1.2236689156856302,4.522462879527799,2.37886074418182,16.71421920957034,0.4080845138575567,0.751837130816367,0.7559558426855297,0.4046108522051612,TRUE,saithe,saithe,FALSE,0.9545,0.77,cod,0.1325,0.6375,0.1325,0.77,0.011,0.01,0.031,0.02,0.0255
f4r5-243,f4r5,f4r5-243,f4r5;f4r5-243,110,No_MP_1,No_MP,f4r5,2.0765713247409705,0.8317951145722717,1.2672671037690175,4.731411381237136,2.496493773961141,17.66498443139624,0.4279984094654283,0.7113717344706387,0.7336770658315245,0.3741834500150853,TRUE,saithe,saithe,FALSE,0.977,0.7775,cod,0.1445,0.633,0.1445,0.7775,0.0245,0.002,0.0285,0.006,0.017
f4r5-244,f4r5,f4r5-244,f4r5;f4r5-244,110,No_MP_1,No_MP,f4r5,1.6940985636400818,0.7163740897808969,0.9142340957423926,3.9337875567909744,2.3648238927209415,16.92639184430928,0.4056152524574729,0.7424128384800472,0.7533189112932487,0.40559275073621254,TRUE,saithe,saithe,FALSE,0.9675,0.809,cod,0.0945,0.7145,0.0945,0.809,0.0195,0.005,0.0395,0.0145,0.018
f4r5-245,f4r5,f4r5-245,f4r5;f4r5-245,110,No_MP_1,No_MP,f4r5,1.6816381784583334,0.710308454050591,0.8914638432147554,3.8676942597922475,2.3674759449485037,16.780331587297184,0.40608335955594044,0.7488749878978551,0.7463184722943436,0.4013735361996092,TRUE,saithe,saithe,FALSE,0.8785000000000001,0.66,cod,0.1655,0.49450000000000005,0.1655,0.66,0.0055,0.0115,0.036,0.0205,0.101
f4r5-25,f4r5,f4r5-25,f4r5;f4r5-25,110,No_MP_1,No_MP,f4r5,2.43416822098959,0.9250457884904894,1.7193036566608642,5.5609467165788695,2.6314029546166795,17.986426228330384,0.44924867193343065,0.6986585581167818,0.7635522624966654,0.369454983463138,TRUE,saithe,saithe,FALSE,0.9774999999999999,0.843,cod,0.0755,0.7675,0.0755,0.843,0.022,0.001,0.036,0.0105,0.012
f4r5-26,f4r5,f4r5-26,f4r5;f4r5-26,110,No_MP_1,No_MP,f4r5,2.3966543212207947,0.9262510301470208,1.6989397436747347,5.467238988447839,2.5874781708371017,17.593738840997286,0.44250531856662967,0.7142524239973803,0.7653214284773946,0.3765973827927491,TRUE,saithe,saithe,FALSE,0.977,0.7755,cod,0.154,0.6214999999999999,0.154,0.7755,0.0105,5e-4,0.0365,0.009,0.014
f4r5-27,f4r5,f4r5-27,f4r5;f4r5-27,110,No_MP_1,No_MP,f4r5,2.177129181895961,0.878316462775704,1.4922121660431658,5.05359490834697,2.4787525614807193,17.11473882791788,0.42508127133115015,0.7342426163033628,0.7803606366568108,0.4008411477556381,TRUE,saithe,saithe,FALSE,0.95,0.763,cod,0.1515,0.6115,0.1515,0.763,0.008,0.0035,0.024,0.0255,0.0245
f4r5-28,f4r5,f4r5-28,f4r5;f4r5-28,110,No_MP_1,No_MP,f4r5,2.2694468381707638,0.898113042475829,1.6006289046851618,5.229496136243703,2.526905557361218,17.08555290919665,0.432930661886968,0.7354968657522968,0.785307306453849,0.39569516732973947,TRUE,saithe,saithe,FALSE,0.97,0.778,cod,0.1545,0.6235,0.1545,0.778,0.0085,0.0025,0.0265,0.016,0.014
f4r5-29,f4r5,f4r5-29,f4r5;f4r5-29,110,No_MP_1,No_MP,f4r5,1.9783645932613105,0.8270095281000852,1.3176633955502652,4.683170084407955,2.3921908104327034,16.644677323175262,0.410410524711939,0.7549783255252628,0.8053555157912136,0.42864912188609194,TRUE,saithe,saithe,FALSE,0.8305,0.68,cod,0.102,0.5780000000000001,0.102,0.68,0.003,0.033,0.0125,0.0995,0.07
f4r5-3,f4r5,f4r5-3,f4r5;f4r5-3,110,No_MP_1,No_MP,f4r5,2.501945572669949,0.9823129473666354,1.8452128151269627,5.720270551003492,2.5469943966198487,17.733182269507672,0.4361423288669629,0.7086359584747026,0.7507904435086361,0.37531927190459574,TRUE,saithe,saithe,FALSE,0.957,0.7945,cod,0.1155,0.6789999999999999,0.1155,0.7945,0.0135,0.001,0.0325,0.0105,0.0325
f4r5-30,f4r5,f4r5-30,f4r5;f4r5-30,110,No_MP_1,No_MP,f4r5,2.683407238510857,1.1246169374634871,2.250663943714327,6.182260328126258,2.386063333318755,16.981807911157006,0.40934359368885276,0.7399901518202369,0.7457949641470164,0.3979674920428737,TRUE,saithe,saithe,FALSE,0.9420000000000001,0.7235,cod,0.1405,0.583,0.1405,0.7235,0.0185,0.004,0.0555,0.013,0.045
f4r5-31,f4r5,f4r5-31,f4r5;f4r5-31,110,No_MP_1,No_MP,f4r5,2.4935574374993075,0.9444152187255874,1.7541198584993554,5.617475628899171,2.640318991115119,17.989667176034498,0.4505975973860052,0.6985326905380361,0.7448638749852771,0.35919528824635616,TRUE,saithe,saithe,FALSE,0.9635,0.749,cod,0.1565,0.5925,0.1565,0.749,0.016,5e-4,0.0415,0.0075,0.029
f4r5-32,f4r5,f4r5-32,f4r5;f4r5-32,110,No_MP_1,No_MP,f4r5,2.412381550412461,0.8791557099534394,1.6627540857994987,5.478549153342346,2.743975297095235,18.0510762727468,0.46580844121709325,0.6961563080497122,0.7840002915462277,0.3637861373377767,TRUE,saithe,saithe,FALSE,0.98,0.8475,cod,0.0905,0.757,0.0905,0.8475,0.0105,0,0.0315,0.0095,0.0105
f4r5-33,f4r5,f4r5-33,f4r5;f4r5-33,110,No_MP_1,No_MP,f4r5,2.3831582017206414,0.9090690158460631,1.675333878818811,5.417092585702996,2.6215371552429994,17.51584711148317,0.4477483139708936,0.7174286538571588,0.7733064667791084,0.3755828414384319,TRUE,saithe,saithe,FALSE,0.9785,0.7265,cod,0.1885,0.538,0.1885,0.7265,0.023,0.002,0.0385,0.0075,0.014
f4r5-34,f4r5,f4r5-34,f4r5;f4r5-34,110,No_MP_1,No_MP,f4r5,2.5407624895702683,1.01573750788975,1.9266978726964081,5.801665643409858,2.5013967386602087,17.46995453460287,0.42879937656956585,0.7193132981238656,0.7465657446592511,0.38001050139449183,TRUE,saithe,saithe,FALSE,0.9820000000000001,0.7455,cod,0.1705,0.5750000000000001,0.1705,0.7455,0.0175,0,0.0485,0.003,0.015
f4r5-35,f4r5,f4r5-35,f4r5;f4r5-35,110,No_MP_1,No_MP,f4r5,2.2992157981682753,0.9554474255894723,1.7316341665458794,5.377421662103233,2.406428377521403,16.69906051215059,0.4128747831019284,0.7525196166105043,0.7882602318799141,0.41706792861433883,TRUE,saithe,saithe,FALSE,0.938,0.8015,cod,0.0985,0.703,0.0985,0.8015,0.0055,0.017,0.0155,0.039,0.023
f4r5-36,f4r5,f4r5-36,f4r5;f4r5-36,110,No_MP_1,No_MP,f4r5,2.606935342181891,1.0812825941202515,2.123127198481028,6.026489746409974,2.4109657885531157,17.106171825017523,0.4136558019104694,0.7346103349658304,0.7531934629587049,0.3977641269022572,TRUE,saithe,saithe,FALSE,0.9510000000000001,0.755,cod,0.1375,0.6174999999999999,0.1375,0.755,0.0125,0.0035,0.0425,0.0155,0.0335
f4r5-37,f4r5,f4r5-37,f4r5;f4r5-37,110,No_MP_1,No_MP,f4r5,2.834555092684127,1.1407322137916243,2.4638138400965754,6.544264074249776,2.484855830679566,17.382560149851887,0.42608816629008467,0.7229297931965589,0.761972472570992,0.39043451619955355,TRUE,saithe,saithe,FALSE,0.977,0.7865,cod,0.107,0.6795,0.107,0.7865,0.027,0.0015,0.055,0.0115,0.0115
f4r5-38,f4r5,f4r5-38,f4r5;f4r5-38,110,No_MP_1,No_MP,f4r5,2.5995358537325552,1.018179350243003,1.9791938432567304,5.943369924068263,2.5531217590615434,17.84749188396561,0.43711470205055863,0.7040972869498231,0.7477703394301884,0.37291240151919486,TRUE,saithe,saithe,FALSE,0.98,0.8025,cod,0.104,0.6985,0.104,0.8025,0.021,0.001,0.0515,0.005,0.015
f4r5-39,f4r5,f4r5-39,f4r5;f4r5-39,110,No_MP_1,No_MP,f4r5,2.5596735345989052,1.0291443984410276,1.9073421123698537,5.805298702690909,2.48718599496471,17.669348780639552,0.4264716585556717,0.7111960248432159,0.7240485781232205,0.3706547414797709,TRUE,saithe,saithe,FALSE,0.9445,0.6555,cod,0.2025,0.45299999999999996,0.2025,0.6555,0.026,0.0035,0.057,0.0055,0.05
f4r5-4,f4r5,f4r5-4,f4r5;f4r5-4,110,No_MP_1,No_MP,f4r5,2.079586253440455,0.8157067267680609,1.307903701301424,4.753825981476271,2.5494288390633404,17.278689126479215,0.4365290612424898,0.7272756933337889,0.7710184792897816,0.38506319631733366,TRUE,saithe,saithe,FALSE,0.9610000000000001,0.784,cod,0.138,0.646,0.138,0.784,0.009,0.0025,0.0275,0.008,0.031
f4r5-40,f4r5,f4r5-40,f4r5;f4r5-40,110,No_MP_1,No_MP,f4r5,2.454041112597861,0.9883026154335053,1.876088228234629,5.661246447841382,2.483086733026027,17.083264454654657,0.4257966702246185,0.7355953920701163,0.773537690619953,0.39664292186853495,TRUE,saithe,saithe,FALSE,0.965,0.764,cod,0.1625,0.6015,0.1625,0.764,0.0065,0.0015,0.0305,0.014,0.021
f4r5-41,f4r5,f4r5-41,f4r5;f4r5-41,110,No_MP_1,No_MP,f4r5,2.0635818779583475,0.7817518613827862,1.2544579834627148,4.714180537640754,2.639689113510036,17.715617768342256,0.45050251886177056,0.7093385496731156,0.777616541636986,0.3750790676012095,TRUE,saithe,saithe,FALSE,0.9765,0.8315,cod,0.1145,0.717,0.1145,0.8315,0.008,5e-4,0.022,0.012,0.0115
f4r5-42,f4r5,f4r5-42,f4r5;f4r5-42,110,No_MP_1,No_MP,f4r5,2.6622515332371552,1.0818094974119405,2.2427222272903196,6.161519933309297,2.460924533946295,16.927788660852887,0.4221197311923141,0.7423515774047967,0.7787097485564425,0.4028908778209918,TRUE,saithe,saithe,FALSE,0.9700000000000001,0.793,cod,0.123,0.67,0.123,0.793,0.0105,0.005,0.0385,0.018,0.012
f4r5-43,f4r5,f4r5-43,f4r5;f4r5-43,110,No_MP_1,No_MP,f4r5,2.369047355948201,0.9090843276507382,1.7073798360541952,5.458773888621425,2.6059709576891605,17.452597095183936,0.44536436275635627,0.7200286894737791,0.7927791784467757,0.3873403873756791,TRUE,saithe,saithe,FALSE,0.9635,0.7985,cod,0.11,0.6885,0.11,0.7985,0.017,0.0015,0.0365,0.027,0.0095
f4r5-44,f4r5,f4r5-44,f4r5;f4r5-44,110,No_MP_1,No_MP,f4r5,1.8460951702598973,0.790405079873131,1.0815624513032005,4.258404915244864,2.3356317124837007,16.766495915544695,0.4004134231860968,0.7494929577210306,0.7412211322042889,0.404067153169576,TRUE,saithe,saithe,FALSE,0.9015,0.706,cod,0.132,0.574,0.132,0.706,0.0125,0.015,0.036,0.0205,0.078
f4r5-45,f4r5,f4r5-45,f4r5;f4r5-45,110,No_MP_1,No_MP,f4r5,1.9808412977358723,1.0236534847986014,1.2837851220555943,4.94945395742303,1.9350701454658676,19.081927384721354,0.31858528046097145,0.658548288178735,0.6331253272694506,0.41658448679067545,TRUE,wrasse,wrasse,FALSE,0.306,0.6475,saithe,0.198,0.44949999999999996,0.0185,0.198,0.024,0.0485,0.017,0.0465,0.6475
f4r5-46,f4r5,f4r5-46,f4r5;f4r5-46,110,No_MP_1,No_MP,f4r5,2.206475132594334,0.8706940574536051,1.4537861355505364,5.040717266835025,2.5341566463050147,17.47769492556528,0.4340941276355099,0.7189947340239856,0.7567212069697155,0.38020039781613274,TRUE,saithe,saithe,FALSE,0.9604999999999999,0.7525,cod,0.156,0.5964999999999999,0.156,0.7525,0.0145,0.004,0.0335,0.006,0.0335
f4r5-47,f4r5,f4r5-47,f4r5;f4r5-47,110,No_MP_1,No_MP,f4r5,1.94502078481711,0.8170898933948499,1.1995394065509544,4.4886308026466635,2.380424480268537,16.796285617993647,0.40835832550794854,0.7481636654771445,0.7547800878626351,0.4037161705449167,TRUE,saithe,saithe,FALSE,0.9480000000000001,0.759,cod,0.136,0.623,0.136,0.759,0.0075,0.011,0.0345,0.0195,0.0325
f4r5-48,f4r5,f4r5-48,f4r5;f4r5-48,110,No_MP_1,No_MP,f4r5,2.485060048344461,0.9627457143648603,1.868144941007931,5.716918287278304,2.581221615703475,17.494978031941873,0.44153135029954543,0.7182844466232436,0.7808400610602882,0.38516508532508326,TRUE,saithe,saithe,FALSE,0.973,0.8185,cod,0.114,0.7045,0.114,0.8185,0.0115,5e-4,0.0285,0.0135,0.0135
f4r5-49,f4r5,f4r5-49,f4r5;f4r5-49,110,No_MP_1,No_MP,f4r5,2.9635423828652363,1.1414427419348603,2.652430989453626,6.8578108151609065,2.5963127838035343,17.730741860403885,0.44387484620157014,0.7087334931214732,0.7841132989319108,0.3845315040548673,TRUE,saithe,saithe,FALSE,0.9715,0.8085,cod,0.088,0.7205,0.088,0.8085,0.0225,0.001,0.0515,0.0155,0.013
f4r5-5,f4r5,f4r5-5,f4r5;f4r5-5,110,No_MP_1,No_MP,f4r5,2.150253932241002,0.8346993577925002,1.4198754704604084,4.9420348279812,2.5760819295796544,17.201303036145518,0.44072869710927254,0.7305475979321538,0.7910982549872172,0.39100370623113795,TRUE,saithe,saithe,FALSE,0.9600000000000001,0.7405,cod,0.18,0.5605,0.18,0.7405,0.0085,0.0045,0.0265,0.0075,0.0325
f4r5-50,f4r5,f4r5-50,f4r5;f4r5-50,110,No_MP_1,No_MP,f4r5,2.3621563890619623,0.95130713657535,1.7175273996484302,5.432708563052272,2.483063879417101,17.18419300740293,0.4257929026743245,0.7312749926019567,0.7643183249167099,0.3919191624978022,TRUE,saithe,saithe,FALSE,0.9590000000000001,0.789,cod,0.128,0.661,0.128,0.789,0.008,0.002,0.032,0.009,0.032
f4r5-51,f4r5,f4r5-51,f4r5;f4r5-51,110,No_MP_1,No_MP,f4r5,2.5012944685843257,0.9996991548098069,1.8813688522559562,5.718930917732358,2.5020471974493144,17.384241693263384,0.4289054695046136,0.7228598656235206,0.7523844341370651,0.3828727193328278,TRUE,saithe,saithe,FALSE,0.9635,0.7455,cod,0.139,0.6065,0.139,0.7455,0.028,5e-4,0.0505,0.007,0.0295
f4r5-52,f4r5,f4r5-52,f4r5;f4r5-52,110,No_MP_1,No_MP,f4r5,2.7269789775679,1.1392481388128244,2.2990570492940217,6.2860601121706505,2.3936655103159534,17.187286303294105,0.41066672778431895,0.7311433807878507,0.7400305188093863,0.39363733854970334,TRUE,saithe,saithe,FALSE,0.9770000000000001,0.786,cod,0.101,0.685,0.101,0.786,0.024,0.002,0.064,0.0055,0.0175
f4r5-53,f4r5,f4r5-53,f4r5;f4r5-53,110,No_MP_1,No_MP,f4r5,2.286122595194947,0.9923831710457772,1.7018199292687872,5.3405615784724585,2.3036692498380664,16.759468779820306,0.3946125205790402,0.7498072152197361,0.7501268282444699,0.4145956027996455,TRUE,saithe,saithe,FALSE,0.948,0.8045,cod,0.11,0.6945,0.11,0.8045,0.0025,0.014,0.017,0.026,0.026
f4r5-54,f4r5,f4r5-54,f4r5;f4r5-54,110,No_MP_1,No_MP,f4r5,2.8134881094114763,1.087759995507729,2.373509755600234,6.4712183735498465,2.5864971326677964,17.643351639639246,0.4423528233766324,0.7122439585756688,0.7755554504090125,0.3817780642877184,TRUE,saithe,saithe,FALSE,0.9725,0.7915,cod,0.094,0.6975,0.094,0.7915,0.0335,5e-4,0.053,0.0115,0.016
f4r5-55,f4r5,f4r5-55,f4r5;f4r5-55,110,No_MP_1,No_MP,f4r5,2.7878218204713767,1.0879825933637584,2.3633530802430327,6.406388482804258,2.562377226874705,17.36592544537888,0.438577143118947,0.723622282836825,0.7791869119313074,0.387176243453059,TRUE,saithe,saithe,FALSE,0.9795,0.7945,cod,0.1295,0.665,0.1295,0.7945,0.0125,0,0.043,0.0115,0.009
f4r5-56,f4r5,f4r5-56,f4r5;f4r5-56,110,No_MP_1,No_MP,f4r5,2.9520179109698326,1.154773361563613,2.596055441361962,6.77858895173081,2.55636128198582,17.699648260370264,0.43762743956001304,0.7099785503927463,0.7615496412375578,0.37930284945847226,TRUE,saithe,saithe,FALSE,0.9735,0.7885,cod,0.112,0.6765,0.112,0.7885,0.0175,0.003,0.0525,0.0155,0.011
f4r5-57,f4r5,f4r5-57,f4r5;f4r5-57,110,No_MP_1,No_MP,f4r5,2.4584972560083678,0.9666814112549782,1.816684681999731,5.649898101882711,2.543234231448254,17.571210280982918,0.4355439495789347,0.7151681878145629,0.7644101744577381,0.3826927345041517,TRUE,saithe,saithe,FALSE,0.977,0.83,cod,0.1095,0.7204999999999999,0.1095,0.83,0.007,0.001,0.0295,0.0075,0.0155
f4r5-58,f4r5,f4r5-58,f4r5;f4r5-58,110,No_MP_1,No_MP,f4r5,3.0881306053607465,1.212223281856282,2.8473394333127655,7.091935254934149,2.5474932313062664,17.66404983955883,0.43622161633736073,0.7114093726239747,0.7606081287286397,0.38015266758834004,TRUE,saithe,saithe,FALSE,0.977,0.8025,cod,0.109,0.6935,0.109,0.8025,0.0125,0.0045,0.0485,0.0085,0.0145
f4r5-59,f4r5,f4r5-59,f4r5;f4r5-59,110,No_MP_1,No_MP,f4r5,2.6061154004020337,0.9818026239551247,2.021433692539489,5.989922002410182,2.6544188585517077,17.749365575223635,0.4527173601570606,0.7079898467977124,0.7900265179226039,0.378950368276585,TRUE,saithe,saithe,FALSE,0.962,0.814,cod,0.1035,0.7104999999999999,0.1035,0.814,0.01,5e-4,0.034,0.0245,0.0135
f4r5-6,f4r5,f4r5-6,f4r5;f4r5-6,110,No_MP_1,No_MP,f4r5,2.117729671313537,0.802425770542682,1.3074253907271447,4.800648704371268,2.6391595946392803,17.627184041426652,0.45042256378474566,0.7128972265125404,0.7693811209876181,0.37118121624925693,TRUE,saithe,saithe,FALSE,0.9770000000000001,0.78,cod,0.1645,0.6155,0.1645,0.78,0.007,5e-4,0.025,0.009,0.014
f4r5-60,f4r5,f4r5-60,f4r5;f4r5-60,110,No_MP_1,No_MP,f4r5,2.3535334872737477,0.9883299206799749,1.7227549607530581,5.410737149236241,2.3813237240197154,16.993755446989304,0.4085156692354788,0.7394698984317495,0.7406298023440865,0.3959978825399176,TRUE,saithe,saithe,FALSE,0.972,0.758,cod,0.162,0.596,0.162,0.758,0.01,0.0035,0.0385,0.0095,0.0185
f4r5-61,f4r5,f4r5-61,f4r5;f4r5-61,110,No_MP_1,No_MP,f4r5,2.4752874591382703,0.9482754943235018,1.796415317374833,5.6095160026008255,2.6103041510148235,17.516366888597975,0.44603005277607477,0.7174073650249396,0.7653261988126229,0.3733065285021427,TRUE,saithe,saithe,FALSE,0.975,0.722,cod,0.2005,0.5215,0.2005,0.722,0.016,0.0015,0.035,0.0065,0.0185
f4r5-62,f4r5,f4r5-62,f4r5;f4r5-62,110,No_MP_1,No_MP,f4r5,2.3854164096405777,0.963430396719583,1.7730025171794495,5.498268452957695,2.475961333338416,17.05071238639988,0.4246196064329804,0.7369997411006979,0.7714802370775365,0.3967263674931225,TRUE,saithe,saithe,FALSE,0.962,0.7565,cod,0.168,0.5884999999999999,0.168,0.7565,0.0035,0.0015,0.0325,0.011,0.027
f4r5-63,f4r5,f4r5-63,f4r5;f4r5-63,110,No_MP_1,No_MP,f4r5,2.122592443952469,0.9016609343206824,1.4932607960559952,4.992268549323895,2.3540916137745778,16.69014905795058,0.40371336555435655,0.7529214131477759,0.7802356604623994,0.4220001002936383,TRUE,saithe,saithe,FALSE,0.896,0.7775,cod,0.0785,0.699,0.0785,0.7775,0.008,0.019,0.013,0.059,0.045
f4r5-64,f4r5,f4r5-64,f4r5;f4r5-64,110,No_MP_1,No_MP,f4r5,2.561050643077344,0.9750637964645513,1.9326755746388944,5.831586346152255,2.6265467473650084,17.59602064561893,0.4485111762441313,0.7141598016644722,0.773940831879975,0.37517400877155255,TRUE,saithe,saithe,FALSE,0.9755,0.78,cod,0.1475,0.6325000000000001,0.1475,0.78,0.007,0.002,0.039,0.0105,0.014
f4r5-65,f4r5,f4r5-65,f4r5;f4r5-65,110,No_MP_1,No_MP,f4r5,2.3064655580139184,0.943472522066766,1.7145474452401768,5.392260617440369,2.44465578389224,16.958687639189424,0.4193904629448553,0.74099900191096435,0.7879039496535324,0.4103606212219695,TRUE,saithe,saithe,FALSE,0.9575,0.8065,cod,0.109,0.6975,0.109,0.8065,0.007,0.004,0.031,0.025,0.0175
f4r5-66,f4r5,f4r5-66,f4r5;f4r5-66,110,No_MP_1,No_MP,f4r5,2.1831295924955176,0.8874810937346064,1.469825715132552,5.029193925751892,2.4599167327708322,17.208020843844587,0.42195140679055465,0.730262400795164,0.7586251122284888,0.3926602391254386,TRUE,saithe,saithe,FALSE,0.974,0.784,cod,0.1435,0.6405000000000001,0.1435,0.784,0.0055,0.0015,0.0395,0.01,0.016
f4r5-68,f4r5,f4r5-68,f4r5;f4r5-68,110,No_MP_1,No_MP,f4r5,2.461080844782555,0.9611261776089964,1.7924152670194773,5.6067945076391705,2.560622010010185,17.53842718778358,0.4383003884216626,0.7165049910012625,0.7577611721367222,0.37678793904669505,TRUE,saithe,saithe,FALSE,0.978,0.792,cod,0.119,0.673,0.119,0.792,0.0185,0,0.0485,0.0065,0.0155
f4r5-69,f4r5,f4r5-69,f4r5;f4r5-69,110,No_MP_1,No_MP,f4r5,2.563890030452935,0.996465334981416,1.9231902011835538,5.823089317616381,2.5729846693570644,17.63131341875099,0.4402438898905527,0.7127302609795805,0.7527671330217655,0.3725062543725626,TRUE,saithe,saithe,FALSE,0.9755,0.761,cod,0.1585,0.6025,0.1585,0.761,0.013,0,0.043,0.0075,0.017
f4r5-7,f4r5,f4r5-7,f4r5;f4r5-7,110,No_MP_1,No_MP,f4r5,2.229668797616302,0.8952450980055997,1.5049322106823775,5.1018235502148315,2.490568004877649,17.29553221917191,0.4270273499312317,0.7265674426849661,0.7539362579579117,0.38543073546342355,TRUE,saithe,saithe,FALSE,0.977,0.7795,cod,0.156,0.6234999999999999,0.156,0.7795,0.003,5e-4,0.038,0.0085,0.0145
f4r5-70,f4r5,f4r5-70,f4r5;f4r5-70,110,No_MP_1,No_MP,f4r5,2.642423027933546,0.9635159358409732,1.9659149710409864,5.956341232681972,2.7424798383092583,18.04655918631169,0.4655949834312158,0.6963305572339108,0.7721532123610645,0.3584843143928087,TRUE,saithe,saithe,FALSE,0.9610000000000001,0.774,cod,0.133,0.641,0.133,0.774,0.013,0,0.041,0.011,0.028
f4r5-71,f4r5,f4r5-71,f4r5;f4r5-71,110,No_MP_1,No_MP,f4r5,2.4143753474018923,0.9636216394415235,1.8350701199368136,5.572163283702468,2.5055221350167765,16.919791414461578,0.4294715814166643,0.7427024545715453,0.7887535586093234,0.40082352809277816,TRUE,saithe,saithe,FALSE,0.9634999999999999,0.7645,cod,0.157,0.6074999999999999,0.157,0.7645,0.0045,0.003,0.0345,0.0185,0.018
f4r5-72,f4r5,f4r5-72,f4r5;f4r5-72,110,No_MP_1,No_MP,f4r5,2.641523152518373,1.0266313033318708,2.0553119102084554,6.012817117726327,2.5730007880584456,17.59050269287638,0.4402464150905514,0.7143838259635508,0.7578946040012315,0.3750412300821435,TRUE,saithe,saithe,FALSE,0.9690000000000001,0.7415,cod,0.1615,0.5800000000000001,0.1615,0.7415,0.014,0.001,0.051,0.009,0.022
f4r5-73,f4r5,f4r5-73,f4r5;f4r5-73,110,No_MP_1,No_MP,f4r5,2.5448820519291253,0.9895227041154835,1.888555257830946,5.7866287719286245,2.5718278533123193,17.730523057382307,0.440062600400714,0.7087422392272301,0.7499568467049431,0.37128251521182254,TRUE,saithe,saithe,FALSE,0.8889999999999999,0.69,cod,0.1505,0.5395,0.1505,0.69,0.007,5e-4,0.041,0.0065,0.1045
f4r5-74,f4r5,f4r5-74,f4r5;f4r5-74,110,No_MP_1,No_MP,f4r5,2.9649144182117633,1.2004591514017178,2.7180599568105426,6.841827523171573,2.469816998562406,17.222064487406342,0.42360072567843543,0.7296669120910764,0.7636590163263117,0.39368133705702457,TRUE,saithe,saithe,FALSE,0.9740000000000001,0.787,cod,0.134,0.653,0.134,0.787,0.006,0.0015,0.0455,0.014,0.012
f4r5-75,f4r5,f4r5-75,f4r5;f4r5-75,110,No_MP_1,No_MP,f4r5,2.501445474081435,1.0294815873615222,1.9539602069416266,5.759872528675622,2.4298107948607774,16.978918725535348,0.41687745487395494,0.74011607084614,0.7587629052211589,0.3975975981541692,TRUE,saithe,saithe,FALSE,0.9520000000000001,0.7425,cod,0.142,0.6005,0.142,0.7425,0.0115,0.0065,0.0495,0.011,0.037
f4r5-76,f4r5,f4r5-76,f4r5;f4r5-76,110,No_MP_1,No_MP,f4r5,1.75113924322411,0.7309769146978449,0.935083342617371,4.021236720072051,2.395614974992688,17.29294494070847,0.4110050713260544,0.7266761478420775,0.7305096854196346,0.38825680628881576,TRUE,saithe,saithe,FALSE,0.84,0.618,wrasse,0.1545,0.4635,0.1245,0.618,0.0445,0.007,0.046,0.0055,0.1545
f4r5-77,f4r5,f4r5-77,f4r5;f4r5-77,110,No_MP_1,No_MP,f4r5,2.6558623866652273,1.0981521881152358,2.1793969661572077,6.102510435166982,2.4184829893418485,17.08758624042042,0.4149451653743479,0.7354093455653565,0.7472539895618647,0.3934008771879765,TRUE,saithe,saithe,FALSE,0.962,0.693,cod,0.194,0.49899999999999994,0.194,0.693,0.013,0.0025,0.0595,0.0105,0.0275
f4r5-78,f4r5,f4r5-78,f4r5;f4r5-78,110,No_MP_1,No_MP,f4r5,3.00093415948519,1.145013603992745,2.584578152686918,6.8156558194867065,2.6208720569089454,17.97320936161689,0.4476468738563069,0.6991723270745167,0.7521813398756783,0.3654154059970071,TRUE,saithe,saithe,FALSE,0.978,0.7555,cod,0.1405,0.615,0.1405,0.7555,0.022,5e-4,0.0595,0.008,0.014
f4r5-79,f4r5,f4r5-79,f4r5;f4r5-79,110,No_MP_1,No_MP,f4r5,2.6610146099603855,0.9995459240715594,2.0353648516076097,6.0697439713167425,2.6622234615504055,18.10082936640911,0.453883679956193,0.6942428084361376,0.7652304778871077,0.36598043678686315,TRUE,saithe,saithe,FALSE,0.9814999999999999,0.831,cod,0.104,0.727,0.104,0.831,0.009,0,0.0375,0.0065,0.012
f4r5-8,f4r5,f4r5-8,f4r5;f4r5-8,110,No_MP_1,No_MP,f4r5,2.0112895310274057,0.8341195418576107,1.2448371512349998,4.63034203262645,2.4112725216198627,17.223190453334883,0.4137085245097075,0.7296192101229408,0.7420098183600082,0.3918081572476272,TRUE,saithe,saithe,FALSE,0.9590000000000001,0.786,cod,0.105,0.681,0.105,0.786,0.019,0.0015,0.0475,0.0045,0.0365
f4r5-80,f4r5,f4r5-80,f4r5;f4r5-80,110,No_MP_1,No_MP,f4r5,2.931135537597846,1.1509377659671796,2.577105139028354,6.755428143449484,2.546736777843669,17.708167474500247,0.43610137281855127,0.7096369871391119,0.7639138695610277,0.3819182869461294,TRUE,saithe,saithe,FALSE,0.9755,0.796,cod,0.096,0.7000000000000001,0.096,0.796,0.027,0.001,0.0555,0.012,0.0125
f4r5-81,f4r5,f4r5-81,f4r5;f4r5-81,110,No_MP_1,No_MP,f4r5,2.5250523932352382,1.0080998992319936,1.9915998952795682,5.83965290343094,2.504764056775438,17.122689207493885,0.4293481764817851,0.7339016939500017,0.7823987168953852,0.3977145006558865,TRUE,saithe,saithe,FALSE,0.967,0.8065,cod,0.095,0.7115,0.095,0.8065,0.0195,0.002,0.044,0.017,0.016
f4r5-82,f4r5,f4r5-82,f4r5;f4r5-82,110,No_MP_1,No_MP,f4r5,2.9366854544934635,1.0999106620213162,2.5450954587317107,6.735726521823808,2.6699308915659463,17.826447971193087,0.455030609814397,0.7049284655398532,0.7879328949442608,0.3757502951142996,TRUE,saithe,saithe,FALSE,0.9775,0.8325,cod,0.079,0.7535000000000001,0.079,0.8325,0.0165,0.001,0.0485,0.0125,0.01
f4r5-83,f4r5,f4r5-83,f4r5;f4r5-83,110,No_MP_1,No_MP,f4r5,2.379478212971499,0.9102628442069204,1.626478628005028,5.382453128412837,2.614056179613322,17.811978086115726,0.4466051714187837,0.7055011270283643,0.7509306184539434,0.3657589940968384,TRUE,saithe,saithe,FALSE,0.949,0.726,cod,0.156,0.57,0.156,0.726,0.0155,0.0045,0.047,0.006,0.045
f4r5-84,f4r5,f4r5-84,f4r5;f4r5-84,110,No_MP_1,No_MP,f4r5,2.197351338584966,0.7726984165934688,1.3064500042599694,4.919670707110756,2.8437373383942544,18.52589826436824,0.4796730827514055,0.6783137009085645,0.7694550772941123,0.34451164637494724,TRUE,saithe,saithe,FALSE,0.975,0.7685,cod,0.148,0.6204999999999999,0.148,0.7685,0.02,0.0015,0.037,0.0075,0.0175
f4r5-85,f4r5,f4r5-85,f4r5;f4r5-85,110,No_MP_1,No_MP,f4r5,2.19536542623778,0.8272161934060788,1.4098639003771936,4.986827261087823,2.6539197899382505,17.638898425071673,0.45264260986040994,0.7124237756535589,0.7763388905966593,0.3724548795223727,TRUE,saithe,saithe,FALSE,0.9795,0.806,cod,0.1335,0.6725000000000001,0.1335,0.806,0.012,5e-4,0.0275,0.0095,0.011
f4r5-86,f4r5,f4r5-86,f4r5;f4r5-86,110,No_MP_1,No_MP,f4r5,2.332447047052485,0.890886860315156,1.5920112740193832,5.293549614722275,2.6181181370520714,17.601425304470034,0.44722645191747745,0.7139405131678644,0.7661464480700416,0.37259126734423614,TRUE,saithe,saithe,FALSE,0.978,0.764,cod,0.166,0.598,0.166,0.764,0.0075,0.001,0.0395,0.0085,0.0135
f4r5-87,f4r5,f4r5-87,f4r5;f4r5-87,110,No_MP_1,No_MP,f4r5,2.981812080194705,1.1538556562266968,2.5787420547614284,6.771713125189598,2.5842158541266196,17.782351889439923,0.4419978925941814,0.7066765235830099,0.7495077877043004,0.36928144097103904,TRUE,saithe,saithe,FALSE,0.9804999999999999,0.7635,cod,0.1535,0.61,0.1535,0.7635,0.0105,0.004,0.049,0.0105,0.009
f4r5-88,f4r5,f4r5-88,f4r5;f4r5-88,110,No_MP_1,No_MP,f4r5,2.8352801400935435,1.1454433298195568,2.5605119860798524,6.578091575639639,2.4752688031630417,16.899467377127802,0.4245049481698552,0.7435956609713534,0.7884192686777116,0.40555053634129207,TRUE,saithe,saithe,FALSE,0.9654999999999999,0.7745,cod,0.1445,0.63,0.1445,0.7745,0.004,0.0035,0.039,0.023,0.0115
f4r5-89,f4r5,f4r5-89,f4r5;f4r5-89,110,No_MP_1,No_MP,f4r5,2.5700867001869794,0.9947056114316029,1.8987567112155246,5.816313033306068,2.5837661622196464,17.816657132313416,0.44192787434510594,0.7053158469086779,0.7427231826001426,0.36600236534782266,TRUE,saithe,saithe,FALSE,0.9685,0.774,cod,0.1325,0.6415,0.1325,0.774,0.015,0.0025,0.0445,0.0055,0.026
f4r5-9,f4r5,f4r5-9,f4r5;f4r5-9,110,No_MP_1,No_MP,f4r5,2.5339747236955024,1.014759432808207,1.934197742567504,5.81178687124271,2.4971186684937496,17.462985243645686,0.42810061951331385,0.7196003683809867,0.75220375405584,0.3835362641935794,TRUE,saithe,saithe,FALSE,0.9694999999999999,0.7625,cod,0.1315,0.631,0.1315,0.7625,0.022,0.0015,0.052,0.0055,0.025
f4r5-90,f4r5,f4r5-90,f4r5;f4r5-90,110,No_MP_1,No_MP,f4r5,2.7889460889056017,1.1439686960761735,2.4496200494814446,6.456125566246664,2.43795664905143,17.015519339812432,0.4182590985980518,0.7385240710788494,0.7677935655025196,0.40098544417160914,TRUE,saithe,saithe,FALSE,0.9684999999999999,0.7715,cod,0.142,0.6295,0.142,0.7715,0.005,0.0035,0.0465,0.0185,0.013
f4r5-91,f4r5,f4r5-91,f4r5;f4r5-91,110,No_MP_1,No_MP,f4r5,2.6235013310764366,1.0135464605281443,2.0302831283265363,5.972802702163513,2.5884371691351653,17.57113164230272,0.4426543072281207,0.715171388512364,0.7635397570128613,0.37558146058112285,TRUE,saithe,saithe,FALSE,0.957,0.745,cod,0.1535,0.5915,0.1535,0.745,0.0115,0.006,0.041,0.0085,0.0345
f4r5-92,f4r5,f4r5-92,f4r5;f4r5-92,110,No_MP_1,No_MP,f4r5,2.788663319601886,1.1770034094836888,2.5239778657439738,6.4695572910588615,2.3692907744635825,16.583018460803952,0.4064032658865972,0.7577854806144833,0.7689741431616188,0.4132410840007096,TRUE,saithe,saithe,FALSE,0.901,0.7315,cod,0.089,0.6425000000000001,0.089,0.7315,0.0115,0.029,0.04,0.063,0.036
f4r5-93,f4r5,f4r5-93,f4r5;f4r5-93,110,No_MP_1,No_MP,f4r5,2.605845915448513,1.0363623374397115,2.119833135209767,6.005335175555817,2.514415876869998,17.01268367389649,0.43091538677510305,0.7386471679151042,0.7849487863971788,0.39747913009397345,TRUE,saithe,saithe,FALSE,0.9555,0.6925,cod,0.1725,0.52,0.1725,0.6925,0.041,0.0075,0.042,0.02,0.0245
f4r5-94,f4r5,f4r5-94,f4r5;f4r5-94,110,No_MP_1,No_MP,f4r5,2.5664678438439408,1.0074854894468848,1.9565029273297498,5.833543926139487,2.547399313168219,17.39339832455228,0.43620669018685143,0.7224793211698405,0.7566688837750292,0.3781977721799606,TRUE,saithe,saithe,FALSE,0.9710000000000001,0.7455,cod,0.1605,0.5850000000000001,0.1605,0.7455,0.0155,0.001,0.0485,0.0115,0.0175
f4r5-95,f4r5,f4r5-95,f4r5;f4r5-95,110,No_MP_1,No_MP,f4r5,2.733615422587962,1.1159585496240803,2.3755473665264484,6.3531487994128995,2.4495671667274763,16.990820825644096,0.4202171161382681,0.7395976182264756,0.7787144157625,0.4047612989231664,TRUE,saithe,saithe,FALSE,0.9695,0.803,cod,0.1105,0.6925,0.1105,0.803,0.011,0.004,0.041,0.017,0.0135
f4r5-96,f4r5,f4r5-96,f4r5;f4r5-96,110,No_MP_1,No_MP,f4r5,2.97047744814897,1.1709226116732772,2.6352775126368764,6.801366671568668,2.536869147914126,17.55359288701189,0.434528133114706,0.7158859553850754,0.7576557156132513,0.3802628997268505,TRUE,saithe,saithe,FALSE,0.9795,0.764,cod,0.107,0.657,0.107,0.764,0.031,0.002,0.0755,0.0065,0.014
f4r5-97,f4r5,f4r5-97,f4r5;f4r5-97,110,No_MP_1,No_MP,f4r5,2.311490064978556,0.9870562001882459,1.7677661226125507,5.433610633686396,2.341801879708289,16.701374769461403,0.40152047548235176,0.752415342318818,0.7748022885515292,0.4212606205858873,TRUE,saithe,saithe,FALSE,0.8455,0.7085,wrasse,0.078,0.6305000000000001,0.0635,0.7085,0.0115,0.0375,0.0245,0.0765,0.078
f4r5-98,f4r5,f4r5-98,f4r5;f4r5-98,110,No_MP_1,No_MP,f4r5,2.2840512319226645,0.8818126987722549,1.5904135621889743,5.241234015219088,2.590177296270219,17.272572779422468,0.44292444774864753,0.7275332270899453,0.7896377107310165,0.3881579692496802,TRUE,saithe,saithe,FALSE,0.971,0.788,cod,0.145,0.643,0.145,0.788,0.0095,0.0015,0.027,0.015,0.014
f4r5-99,f4r5,f4r5-99,f4r5;f4r5-99,110,No_MP_1,No_MP,f4r5,2.255000627243091,0.9288770367091977,1.6400642110270287,5.276084264205255,2.427663230035324,16.97315567026634,0.41651210583503306,0.740367369420467,0.7829895359480357,0.41065549288249803,TRUE,saithe,saithe,FALSE,0.9545,0.799,cod,0.1265,0.6725000000000001,0.1265,0.799,0.0045,0.0025,0.022,0.027,0.0185
f4r7-1,f4r7,f4r7-1,f4r7;f4r7-1,77,No_MP_1,No_MP,f4r7,6.997901464608698,2.5671315811928173,13.589386766746996,15.756411603523011,2.725961347628751,18.268999983658844,0.46322577895961664,0.6878521334281827,0.7564564089889013,0.3533249708881039,TRUE,cod,gadoids_unknown,TRUE,0.9975,0.426,saithe,0.4055,0.020499999999999963,0.426,0.4055,0.1625,0.003,5e-4,0.0025,0
f4r7-10,f4r7,f4r7-10,f4r7;f4r7-10,77,No_MP_1,No_MP,f4r7,5.875121639588049,2.1761712744157595,9.83144931531229,13.33452428106358,2.699751489535378,18.085791026287378,0.4594231516206069,0.6948200715188059,0.768966833555066,0.3626552239593687,TRUE,saithe,gadoids_unknown,TRUE,0.9825,0.4375,cod,0.3925,0.044999999999999984,0.3925,0.4375,0.105,0.0075,0.04,0.0155,0.002
f4r7-11,f4r7,f4r7-11,f4r7;f4r7-11,77,No_MP_1,No_MP,f4r7,6.581602831999159,2.2935236414805686,11.791002657811488,14.801122003697634,2.8696468233265953,18.579693256468502,0.48315696720852874,0.6763497352134272,0.7811165596281228,0.34657522475643615,TRUE,saithe,saithe,FALSE,0.9934999999999999,0.625,cod,0.2345,0.3905,0.2345,0.625,0.1305,0.002,0.0015,0.006,5e-4
f4r7-12,f4r7,f4r7-12,f4r7;f4r7-12,77,No_MP_1,No_MP,f4r7,6.637291067327298,2.298496501181213,12.1344239540425,15.015430382080872,2.8876663783983787,18.580457581919724,0.48555256410043346,0.6763219128998879,0.795397925570833,0.3507095210904537,TRUE,saithe,saithe,FALSE,0.959,0.6625,cod,0.2065,0.45599999999999996,0.2065,0.6625,0.0795,0.0085,0.002,0.041,0
f4r7-13,f4r7,f4r7-13,f4r7;f4r7-13,77,No_MP_1,No_MP,f4r7,6.682038997254127,2.3510323349635733,11.843806312540918,14.91916095974669,2.842172307833298,18.793060091429187,0.4794611381893353,0.6686708047131837,0.7539172640587918,0.33774070326861316,TRUE,saithe,saithe,FALSE,0.9975,0.556,cod,0.3355,0.22050000000000003,0.3355,0.556,0.102,0.002,0.002,0.0025,0
f4r7-14,f4r7,f4r7-14,f4r7;f4r7-14,77,No_MP_1,No_MP,f4r7,6.882012160327155,2.4662327221550946,13.083912302858003,15.487612736744763,2.7904958435201412,18.332907064118974,0.4723645447550079,0.6854543346785397,0.7708824048564611,0.35173604163682515,TRUE,saithe,saithe,FALSE,0.997,0.528,cod,0.304,0.22400000000000003,0.304,0.528,0.162,0.0025,5e-4,0.003,0
f4r7-15,f4r7,f4r7-15,f4r7;f4r7-15,77,No_MP_1,No_MP,f4r7,6.49351257727023,2.272293632815392,11.574859373443486,14.645828009555803,2.8576907858623493,18.53156666228042,0.4815551294754903,0.6781062196936137,0.7844614127854487,0.3495155238693338,TRUE,saithe,saithe,FALSE,0.981,0.6465,cod,0.24,0.4065,0.24,0.6465,0.0885,0.0035,0.0025,0.019,0
f4r7-16,f4r7,f4r7-16,f4r7;f4r7-16,77,No_MP_1,No_MP,f4r7,7.396654114333405,2.6623064962011687,15.695080664886252,16.919465958264716,2.778287971308958,18.23936648846483,0.47065972334895484,0.688969686655869,0.7970217805858592,0.3652607863320364,TRUE,saithe,saithe,FALSE,0.9534999999999999,0.58,haddock,0.1865,0.39349999999999996,0.1755,0.58,0.1865,0.011,5e-4,0.046,5e-4
f4r7-17,f4r7,f4r7-17,f4r7;f4r7-17,77,No_MP_1,No_MP,f4r7,7.314318948056024,2.816577222380067,16.32477838600316,17.057752697965626,2.5968820914752944,17.823637186672507,0.4439628686355739,0.7050396326376965,0.7924132653704151,0.3885166402257234,TRUE,saithe,gadoids_unknown,TRUE,0.9485,0.4615,haddock,0.3055,0.15600000000000003,0.1445,0.4615,0.3055,0.0345,0.0025,0.051,5e-4
f4r7-18,f4r7,f4r7-18,f4r7;f4r7-18,77,No_MP_1,No_MP,f4r7,6.397974989319876,2.29242967559954,11.317944652378836,14.409420825641785,2.790914398561261,18.345328141077154,0.4724228010110052,0.6849902339016616,0.7716653613221753,0.3520404831635953,TRUE,saithe,saithe,FALSE,0.993,0.5495,cod,0.396,0.15349999999999997,0.396,0.5495,0.0455,0.0015,5e-4,0.0065,5e-4
f4r7-19,f4r7,f4r7-19,f4r7;f4r7-19,77,No_MP_1,No_MP,f4r7,6.825899085389458,2.4472934098456576,12.911627473015434,15.398466371772045,2.789162532750801,18.364281892282495,0.47217888314015677,0.684283256381516,0.7729209574859562,0.3528347726136658,TRUE,cod,gadoids_unknown,TRUE,0.9964999999999999,0.4915,saithe,0.3645,0.127,0.4915,0.3645,0.135,0.0055,0,0.0035,0
f4r7-2,f4r7,f4r7-2,f4r7;f4r7-2,77,No_MP_1,No_MP,f4r7,6.536348240031476,2.449164800548576,11.922942592904082,14.725506758928487,2.6688070311019625,18.18683161624051,0.45486367011260326,0.6909598592828908,0.7447838684565219,0.3553229074071057,TRUE,cod,gadoids_unknown,TRUE,0.9954999999999999,0.483,saithe,0.4155,0.0675,0.483,0.4155,0.094,0.0025,5e-4,0.004,5e-4
f4r7-20,f4r7,f4r7-20,f4r7;f4r7-20,77,No_MP_1,No_MP,f4r7,6.294438323358273,2.197020259944646,10.707056121144722,14.147342093310275,2.8649887477673337,18.69302691987295,0.48253406917282005,0.672249104878761,0.7742461149390061,0.34408539009660566,TRUE,saithe,saithe,FALSE,0.983,0.5735,cod,0.3005,0.273,0.3005,0.5735,0.0915,0.003,0.0145,0.0155,0.0015
f4r7-21,f4r7,f4r7-21,f4r7;f4r7-21,77,No_MP_1,No_MP,f4r7,6.358496615363332,2.3403285677923855,11.586473352279846,14.448634561708335,2.716924752733013,18.017824263732045,0.46192077239943513,0.6974410689338297,0.7786100205753504,0.36488204803109386,TRUE,saithe,saithe,FALSE,0.99,0.509,cod,0.4035,0.10549999999999998,0.4035,0.509,0.075,0.0015,0.001,0.0085,0.0015
f4r7-22,f4r7,f4r7-22,f4r7;f4r7-22,77,No_MP_1,No_MP,f4r7,2.3211105456758743,0.9604599902399495,1.71598861050045,5.360548471957166,2.4166655240849715,16.745728814494818,0.41463395058677077,0.7504224362860776,0.7697315678919411,0.4055392280411242,TRUE,saithe,saithe,FALSE,0.9595,0.782,cod,0.131,0.651,0.131,0.782,0.0085,0.0095,0.0285,0.0185,0.022
f4r7-23,f4r7,f4r7-23,f4r7;f4r7-23,77,No_MP_1,No_MP,f4r7,1.4307950492380583,0.6161420423951053,0.6801456924177706,3.332130780201941,2.322183767360175,16.324584070951175,0.3979863427033687,0.7697819778894357,0.771513765564144,0.423016407844626,TRUE,saithe,saithe,FALSE,0.887,0.729,cod,0.0945,0.6345,0.0945,0.729,0.0025,0.047,0.014,0.045,0.068
f4r7-24,f4r7,f4r7-24,f4r7;f4r7-24,77,No_MP_1,No_MP,f4r7,1.144609257232917,0.5150590545513857,0.4555799134735142,2.6936938674568722,2.222287419507394,15.926923986293348,0.37932290338465546,0.7890017322349089,0.7727700598228988,0.4427516398270276,TRUE,saithe,saithe,FALSE,0.7875000000000001,0.6135,wrasse,0.139,0.47450000000000003,0.0515,0.6135,0.0015,0.104,0.017,0.0735,0.139
f4r7-25,f4r7,f4r7-25,f4r7;f4r7-25,77,No_MP_1,No_MP,f4r7,1.205962102845681,0.4787332175423447,0.46782759510052824,2.813606319950578,2.5190691989928857,16.92157668032545,0.4316678965641325,0.7426240977278417,0.8103238328273636,0.40957046690485877,TRUE,saithe,saithe,FALSE,0.86,0.702,cod,0.1195,0.5825,0.1195,0.702,0.0085,0.0065,0.0235,0.0955,0.0445
f4r7-26,f4r7,f4r7-26,f4r7;f4r7-26,77,No_MP_1,No_MP,f4r7,1.2334397472398526,0.5149234189427347,0.4951560644229614,2.861893285652259,2.3953848317336393,16.54111454336391,0.41096514854287486,0.759705192864446,0.7796173919463782,0.414396751636357,TRUE,saithe,saithe,FALSE,0.9209999999999999,0.7735,cod,0.1,0.6735,0.1,0.7735,0.002,0.0235,0.022,0.0415,0.0375
f4r7-27,f4r7,f4r7-27,f4r7;f4r7-27,77,No_MP_1,No_MP,f4r7,1.2652810558020715,0.49168689883411437,0.49131179181198104,2.90311622308232,2.573347101178209,17.15424694701624,0.44030066395157713,0.7325515747308821,0.7897352902540873,0.39074487890266596,TRUE,saithe,saithe,FALSE,0.9635,0.7895,cod,0.133,0.6565,0.133,0.7895,0.012,0.0015,0.0275,0.022,0.0145
f4r7-3,f4r7,f4r7-3,f4r7;f4r7-3,77,No_MP_1,No_MP,f4r7,6.786901338710886,2.5409584045023546,13.27152079230938,15.455465995679837,2.6710005668274985,17.998798546285492,0.4551894058331862,0.6981783024041103,0.7695761504031413,0.36684933711645173,TRUE,cod,gadoids_unknown,TRUE,0.9974999999999999,0.3775,saithe,0.3635,0.014000000000000012,0.3775,0.3635,0.2515,0.004,0.001,0.0025,0
f4r7-4,f4r7,f4r7-4,f4r7;f4r7-4,77,No_MP_1,No_MP,f4r7,5.737611243394266,2.18151012195982,9.614685522705242,13.065312815271565,2.630109842552426,17.75434033258631,0.44905248415465376,0.7077914683934982,0.7681512340030898,0.3718629966118429,TRUE,saithe,gadoids_unknown,TRUE,0.9695,0.4725,cod,0.3255,0.14699999999999996,0.3255,0.4725,0.122,0.0035,0.046,0.0275,0.003
f4r7-5,f4r7,f4r7-5,f4r7;f4r7-5,77,No_MP_1,No_MP,f4r7,6.814401049507398,2.462847672941529,12.68424313470613,15.359325097180566,2.7668788144613683,18.598576591093256,0.4690564526998241,0.6756630300609741,0.7557868249292308,0.34779176733732725,TRUE,saithe,saithe,FALSE,0.999,0.5955,cod,0.327,0.2685,0.327,0.5955,0.074,0.002,5e-4,0.001,0
f4r7-6,f4r7,f4r7-6,f4r7;f4r7-6,77,No_MP_1,No_MP,f4r7,6.994087300736173,2.5290367483813605,13.310922506847115,15.669652246308702,2.765514303108701,18.446354968556317,0.4688640544138002,0.6812386856796274,0.7525267913547892,0.34646245298696754,TRUE,cod,cod,FALSE,0.9984999999999999,0.5055,saithe,0.36,0.14549999999999996,0.5055,0.36,0.1285,0.0035,0.001,0.001,5e-4
f4r7-7,f4r7,f4r7-7,f4r7;f4r7-7,77,No_MP_1,No_MP,f4r7,6.69112278042996,2.4025397957824333,12.526788616323866,15.107394661359287,2.785020582042374,18.219623595839426,0.4716012881174844,0.6897162583111095,0.7792380659111594,0.3562475360786895,TRUE,saithe,saithe,FALSE,0.993,0.55,cod,0.298,0.25200000000000006,0.298,0.55,0.1405,0.0035,0.001,0.007,0
f4r7-8,f4r7,f4r7-8,f4r7;f4r7-8,77,No_MP_1,No_MP,f4r7,5.509556178236309,2.1168638677689686,9.248303564165713,12.650957955899576,2.602697444140803,17.30552377433521,0.44486040501328467,0.726147950112646,0.7929622828871798,0.38791713509701686,TRUE,saithe,gadoids_unknown,TRUE,0.9025000000000001,0.4445,cod,0.3395,0.10499999999999998,0.3395,0.4445,0.023,0.0055,0.09,0.0945,0.003
f4r7-9,f4r7,f4r7-9,f4r7;f4r7-9,77,No_MP_1,No_MP,f4r7,6.0549437724363475,2.1748321767041663,10.110617206740951,13.705535429125918,2.7840970155280065,18.578658212259082,0.47147232436350894,0.6763874156459417,0.7677888550539805,0.35112969368858843,TRUE,saithe,saithe,FALSE,0.9835,0.5985,cod,0.2795,0.319,0.2795,0.5985,0.0625,0.006,0.037,0.0145,0.002
r7f5-1,r7f5,r7f5-1,r7f5;r7f5-1,110,No_MP_1,No_MP,r7f5,4.871765404862117,2.2797327201296036,8.17504902207825,11.567388178004792,2.136989727719114,16.36742102699091,0.36244611121051146,0.7677672978312486,0.7360716074401311,0.4385587193953685,TRUE,poor_cod,gadoids_unknown,TRUE,0.7484999999999999,0.427,lesser_sand_eel,0.2285,0.19849999999999998,0.063,0.0915,0.086,0.427,0.081,0.2285,0.023
r7f5-10,r7f5,r7f5-10,r7f5;r7f5-10,110,No_MP_1,No_MP,r7f5,4.875735861143531,2.434609100358951,9.048764759979052,11.749197289280096,2.00267708702176,15.255522781735605,0.33392771116000247,0.8237259905248234,0.7622894109075589,0.48463979979106336,TRUE,lesser_sand_eel,lesser_sand_eel,FALSE,0.5375,0.4255,poor_cod,0.3005,0.125,0.0695,0.127,0.026,0.3005,0.0145,0.4255,0.037
r7f5-100,r7f5,r7f5-100,r7f5;r7f5-100,110,No_MP_1,No_MP,r7f5,1.7064564331796108,0.6908684848376879,0.9010672271375574,3.9127423846784604,2.4700163209507586,16.990466979354604,0.4236338348253028,0.7396130212094097,0.7643048354036526,0.3939824738865077,TRUE,saithe,saithe,FALSE,0.957,0.724,cod,0.1905,0.5335,0.1905,0.724,0.006,0.003,0.0335,0.0125,0.0305
r7f5-101,r7f5,r7f5-101,r7f5;r7f5-101,110,No_MP_1,No_MP,r7f5,1.0549873623656862,0.5632844641042151,0.4800320426144728,2.6635633216561385,1.87292110753209,14.779366664424378,0.3038444408527287,0.850264486949083,0.8077839084146332,0.5491434805545412,TRUE,lesser_sand_eel,lesser_sand_eel,FALSE,0.3645,0.3245,wrasse,0.311,0.013500000000000012,0.003,0.3005,0.002,0.051,0.008,0.3245,0.311
r7f5-102,r7f5,r7f5-102,r7f5;r7f5-102,110,No_MP_1,No_MP,r7f5,1.43353970528713,0.5721847209107419,0.6274076513124363,3.278282694816954,2.505379212163121,17.129433159852326,0.42944831958256874,0.733612752803287,0.7648985326210841,0.3887232139210606,TRUE,saithe,saithe,FALSE,0.9694999999999999,0.7675,cod,0.1615,0.606,0.1615,0.7675,0.003,0.002,0.0355,0.009,0.0215
r7f5-103,r7f5,r7f5-103,r7f5;r7f5-103,110,No_MP_1,No_MP,r7f5,1.2227345584589566,0.5210872865769406,0.4970067565794357,2.853559120170631,2.3465062187396413,16.383679989283074,0.40236178591258126,0.7670053750182566,0.7800449479140749,0.42326078934857486,TRUE,saithe,saithe,FALSE,0.9105,0.7805,cod,0.074,0.7065,0.074,0.7805,0.0085,0.0325,0.015,0.046,0.0435
r7f5-104,r7f5,r7f5-104,r7f5;r7f5-104,110,No_MP_1,No_MP,r7f5,1.1301910268998654,0.6577969204609846,0.5841320745268421,2.87994428424566,1.718145816352905,14.1989790358244,0.2642043013411559,0.8850193089696018,0.7857191949717798,0.5822606792589394,TRUE,wrasse,wrasse,FALSE,0.405,0.4355,saithe,0.325,0.11049999999999999,0.0115,0.325,0.0015,0.0605,0.0065,0.1595,0.4355
r7f5-105,r7f5,r7f5-105,r7f5;r7f5-105,110,No_MP_1,No_MP,r7f5,1.1024066260111742,0.47675701239347434,0.39033394694643503,2.5399845564149923,2.3123029076735264,16.528210260205725,0.39619048868789997,0.7602983273158553,0.7426726292991501,0.40894303132953774,TRUE,saithe,saithe,FALSE,0.865,0.6825,cod,0.1135,0.569,0.1135,0.6825,0.008,0.0235,0.0375,0.0315,0.1035
r7f5-106,r7f5,r7f5-106,r7f5;r7f5-106,110,No_MP_1,No_MP,r7f5,1.0284839260534764,0.6482074400032709,0.4921041545750128,2.6890133748535345,1.5866586258995834,14.693623012359643,0.22680172019048564,0.8552261483630609,0.7381515082926468,0.5923414621284668,TRUE,wrasse,wrasse,FALSE,0.29,0.6255,poor_cod,0.1115,0.5139999999999999,0.0015,0.1105,0.001,0.1115,0.0655,0.0845,0.6255
r7f5-107,r7f5,r7f5-107,r7f5;r7f5-107,110,No_MP_1,No_MP,r7f5,0.8652300921360889,0.3959538746746551,0.2612411251616641,2.040055905069171,2.1851790005768366,15.930983658228108,0.37209180405942666,0.7888006719452528,0.7625447456566461,0.44431239937037775,TRUE,saithe,saithe,FALSE,0.7755000000000001,0.6115,wrasse,0.1555,0.45600000000000007,0.043,0.6115,0.0025,0.1025,0.016,0.069,0.1555
r7f5-108,r7f5,r7f5-108,r7f5;r7f5-108,110,No_MP_1,No_MP,r7f5,1.1055205149487362,0.47647471929586954,0.40469957063237183,2.5759265488007466,2.320208124751016,16.395860204270157,0.39762812304123824,0.7664355793352259,0.7682915818078565,0.42160839513044424,TRUE,saithe,saithe,FALSE,0.9019999999999999,0.7545,cod,0.0955,0.6589999999999999,0.0955,0.7545,0.003,0.0295,0.0195,0.052,0.046
r7f5-109,r7f5,r7f5-109,r7f5;r7f5-109,110,No_MP_1,No_MP,r7f5,0.9543100948391828,0.3975200398894091,0.30520769553832544,2.232041751375423,2.4006590840166795,16.323344570639982,0.411878712159025,0.7698404306775279,0.8045386910169842,0.42670385124336596,TRUE,saithe,saithe,FALSE,0.7625,0.6425,lesser_sand_eel,0.1835,0.45899999999999996,0.078,0.6425,0.003,0.0265,0.0125,0.1835,0.054
r7f5-11,r7f5,r7f5-11,r7f5;r7f5-11,110,No_MP_1,No_MP,r7f5,6.304507475225757,2.2622532721213187,11.000633629302628,14.185052130435787,2.786826547194696,18.291283095475354,0.4718532853104634,0.6870141667353925,0.7713035174204946,0.3523915546023722,TRUE,saithe,saithe,FALSE,0.9925,0.5965,cod,0.277,0.3195,0.277,0.5965,0.1135,0.0015,0.004,0.007,5e-4
r7f5-110,r7f5,r7f5-110,r7f5;r7f5-110,110,No_MP_1,No_MP,r7f5,1.0942577123478372,0.45529337452611,0.38375077250346595,2.5501957491191543,2.4034123349297367,16.947192878332682,0.4123544833302457,0.7415015987943067,0.7702617217253067,0.40805635788880296,TRUE,saithe,saithe,FALSE,0.887,0.6855,cod,0.1275,0.558,0.1275,0.6855,0.031,0.005,0.038,0.0905,0.0225
r7f5-111,r7f5,r7f5-111,r7f5;r7f5-111,110,No_MP_1,No_MP,r7f5,0.9811123677949282,0.44150779122421063,0.3351417928228515,2.3077777895819613,2.222185853333425,15.891298668629258,0.37930333908860214,0.790770526462147,0.7736979857885058,0.4433035471403755,TRUE,saithe,saithe,FALSE,0.775,0.594,wrasse,0.152,0.44199999999999995,0.063,0.594,0.001,0.103,0.014,0.073,0.152
r7f5-112,r7f5,r7f5-112,r7f5;r7f5-112,110,No_MP_1,No_MP,r7f5,0.9672851472413516,0.43532755980186216,0.3335812532590381,2.293144772685342,2.2219708480703777,15.763814354431602,0.37926191939390447,0.7971656054694942,0.7921929157439829,0.45394445577908066,TRUE,saithe,saithe,FALSE,0.7035,0.538,wrasse,0.182,0.35600000000000004,0.048,0.538,0.002,0.0995,0.016,0.1145,0.182
r7f5-113,r7f5,r7f5-113,r7f5;r7f5-113,110,No_MP_1,No_MP,r7f5,0.8205878919043161,0.42600980768656777,0.2790536974824369,2.034572675840583,1.926218310232085,14.834012272987856,0.31652399514875035,0.8471322783817586,0.7982576315447923,0.527652124357078,TRUE,wrasse,wrasse,FALSE,0.43750000000000006,0.3465,saithe,0.342,0.0044999999999999485,0.0205,0.342,5e-4,0.069,0.0055,0.216,0.3465
r7f5-114,r7f5,r7f5-114,r7f5;r7f5-114,110,No_MP_1,No_MP,r7f5,0.9287253718630185,0.45196765672723077,0.3085869035397266,2.1927028891367057,2.0548491867494802,15.580524983003677,0.3453031957600156,0.806543465516563,0.7351616148270432,0.4555258097796691,TRUE,saithe,gadoids_unknown,TRUE,0.5745,0.418,wrasse,0.383,0.034999999999999976,0.042,0.418,0.0135,0.087,0.014,0.0425,0.383
r7f5-115,r7f5,r7f5-115,r7f5;r7f5-115,110,No_MP_1,No_MP,r7f5,1.3925028763083218,0.582208804396896,0.593481183817496,3.176851387979028,2.391758533694455,17.005399693358818,0.41033538203513836,0.7389635551622326,0.7320354022701846,0.38969503366913916,TRUE,saithe,saithe,FALSE,0.8365,0.617,cod,0.1625,0.4545,0.1625,0.617,0.021,0.007,0.029,0.007,0.1565
r7f5-116,r7f5,r7f5-116,r7f5;r7f5-116,110,No_MP_1,No_MP,r7f5,1.717818932079461,0.6993577251361878,0.9178599546633125,3.9426018866913246,2.4562807706813357,16.93516484510303,0.42134330724360086,0.7420282429664605,0.7640110874212414,0.3960333609789269,TRUE,saithe,saithe,FALSE,0.9715,0.73,cod,0.1985,0.5315,0.1985,0.73,0.0035,0.0035,0.036,0.014,0.0145
r7f5-117,r7f5,r7f5-117,r7f5;r7f5-117,110,No_MP_1,No_MP,r7f5,1.560446713399476,0.5876236347916595,0.6935927320306877,3.5149356554905125,2.655520678559378,17.812719326032223,0.4528823180428049,0.705471769040574,0.756408386935132,0.362674287566694,TRUE,saithe,saithe,FALSE,0.9685,0.782,cod,0.132,0.65,0.132,0.782,0.018,5e-4,0.036,0.006,0.0255
r7f5-118,r7f5,r7f5-118,r7f5;r7f5-118,110,No_MP_1,No_MP,r7f5,1.5609483035588008,0.6634174332060933,0.7829258484834751,3.622304793612619,2.352890089148269,16.75904818220585,0.403499683311105,0.7498260329427116,0.7560407981027372,0.40912282559105884,TRUE,saithe,saithe,FALSE,0.9680000000000001,0.781,cod,0.14,0.641,0.14,0.781,0.002,0.0095,0.0355,0.0155,0.0165
r7f5-119,r7f5,r7f5-119,r7f5;r7f5-119,110,No_MP_1,No_MP,r7f5,1.443600802524702,0.6087208619614615,0.6690990994194518,3.3365788027385204,2.371531670317712,16.63842936949613,0.4067978012463598,0.7552618300257102,0.7614215153878349,0.4087957144903257,TRUE,saithe,saithe,FALSE,0.922,0.661,cod,0.201,0.46,0.201,0.661,0.0045,0.0235,0.032,0.029,0.049
r7f5-12,r7f5,r7f5-12,r7f5;r7f5-12,110,No_MP_1,No_MP,r7f5,4.941199418626115,2.263636273243467,8.140774585952261,11.713983198423126,2.1828592680864243,16.8555707966318,0.37163417181105035,0.7455321902756491,0.7278245545731994,0.4245326384802756,TRUE,poor_cod,gadoids_unknown,TRUE,0.7745,0.428,norway_pout,0.261,0.16699999999999998,0.029,0.0275,0.029,0.428,0.261,0.2175,0.008
r7f5-120,r7f5,r7f5-120,r7f5;r7f5-120,110,No_MP_1,No_MP,r7f5,1.4297579007554677,0.5803635117864262,0.6368823799277962,3.280653555852729,2.4635558089351743,16.899019493598377,0.42255874877475286,0.743615368875071,0.7675322431243196,0.3966836879687194,TRUE,saithe,saithe,FALSE,0.962,0.767,cod,0.152,0.615,0.152,0.767,0.011,0.0035,0.0285,0.014,0.024
r7f5-121,r7f5,r7f5-121,r7f5;r7f5-121,110,No_MP_1,No_MP,r7f5,1.4671494900866937,0.553884567664727,0.6218798330458908,3.3224751047996475,2.6488361939247547,17.750761860127454,0.4518800259299216,0.7079341559184741,0.7652667449869982,0.3678475415818349,TRUE,saithe,saithe,FALSE,0.981,0.798,cod,0.146,0.652,0.146,0.798,0.007,5e-4,0.0295,0.007,0.012
r7f5-122,r7f5,r7f5-122,r7f5;r7f5-122,110,No_MP_1,No_MP,r7f5,1.1917650403156275,0.5169349052034068,0.4578366834872177,2.749166385253492,2.305445092446764,16.507886079029667,0.3949377635798042,0.761234391502284,0.7431630136875713,0.4104303070637647,TRUE,saithe,saithe,FALSE,0.8384999999999999,0.6465,wrasse,0.1315,0.5149999999999999,0.126,0.6465,0.0075,0.0225,0.036,0.03,0.1315
r7f5-123,r7f5,r7f5-123,r7f5;r7f5-123,110,No_MP_1,No_MP,r7f5,1.213079326339664,0.8019665857238025,0.6883533415756397,3.1567554041187535,1.512630760351216,14.476728853560655,0.20402152534324633,0.8680393714266731,0.7075643610043614,0.595584162698662,TRUE,wrasse,wrasse,FALSE,0.1525,0.809,saithe,0.101,0.7080000000000001,0.007,0.101,0.0055,0.0325,0.0065,0.0385,0.809
r7f5-124,r7f5,r7f5-124,r7f5;r7f5-124,110,No_MP_1,No_MP,r7f5,1.504504072781581,0.6204726408010257,0.7069380387667061,3.4481153503277056,2.4247710114007237,16.81830488271287,0.41601935039096105,0.7471841366888194,0.7572954483574325,0.39765343092732935,TRUE,saithe,saithe,FALSE,0.9319999999999999,0.6765,cod,0.1925,0.484,0.1925,0.6765,0.016,0.01,0.037,0.0135,0.0545
r7f5-125,r7f5,r7f5-125,r7f5;r7f5-125,110,No_MP_1,No_MP,r7f5,1.1970514429264199,0.49955123495966053,0.4640547985522954,2.770827286133398,2.396253595535768,16.544347507089036,0.41111582402771235,0.7595567373675298,0.7760262578482133,0.4123383773261583,TRUE,saithe,saithe,FALSE,0.92,0.738,cod,0.1255,0.6125,0.1255,0.738,0.007,0.022,0.0275,0.0375,0.0425
r7f5-126,r7f5,r7f5-126,r7f5;r7f5-126,110,No_MP_1,No_MP,r7f5,1.0734192237787035,0.43622981120613635,0.3645127953271736,2.4703787954090655,2.4606737004305037,16.742269327827348,0.42207784578153024,0.7505774974885031,0.7784452407334421,0.4027950815824533,TRUE,saithe,saithe,FALSE,0.9645,0.765,cod,0.155,0.61,0.155,0.765,0.0065,0.009,0.029,0.0185,0.017
r7f5-127,r7f5,r7f5-127,r7f5;r7f5-127,110,No_MP_1,No_MP,r7f5,1.0321594092665278,0.4782416286294718,0.37832815395903324,2.4442129210245467,2.158238320291051,15.790991869852366,0.3667355667397235,0.7957936219542021,0.766433552219861,0.45215280348028003,TRUE,saithe,saithe,FALSE,0.7475,0.5705,wrasse,0.1775,0.393,0.05,0.5705,0.0025,0.1115,0.013,0.075,0.1775
r7f5-129,r7f5,r7f5-129,r7f5;r7f5-129,110,No_MP_1,No_MP,r7f5,0.8527965191070187,0.41722589308808955,0.28462826151395737,2.0845598246811003,2.043968347206501,15.266894578778201,0.34296294446181336,0.8231124246988054,0.799947247139254,0.4983073588941587,TRUE,saithe,gadoids_unknown,TRUE,0.41650000000000004,0.34,lesser_sand_eel,0.3015,0.038500000000000034,0.013,0.34,5e-4,0.058,0.005,0.3015,0.282
r7f5-13,r7f5,r7f5-13,r7f5;r7f5-13,110,No_MP_1,No_MP,r7f5,4.42969102035065,2.208473519673407,7.606054951082713,10.747316788002083,2.0057704930080935,15.185903715464143,0.3346132032860386,0.8275023238533086,0.7774882386824103,0.49354039981529485,TRUE,lesser_sand_eel,lesser_sand_eel,FALSE,0.5880000000000001,0.343,poor_cod,0.266,0.07700000000000001,0.0455,0.14,0.023,0.266,0.1135,0.343,0.069
r7f5-130,r7f5,r7f5-130,r7f5;r7f5-130,110,No_MP_1,No_MP,r7f5,1.1546675770244788,0.49599936554937263,0.4417592094887816,2.691093631111579,2.3279618024219855,16.39351206687908,0.3990315638405275,0.766545360328728,0.7713429600812659,0.4218730557807149,TRUE,saithe,saithe,FALSE,0.9169999999999999,0.7845,cod,0.078,0.7065,0.078,0.7845,0.0065,0.0305,0.0175,0.0435,0.0395
r7f5-131,r7f5,r7f5-131,r7f5;r7f5-131,110,No_MP_1,No_MP,r7f5,1.0820608416268214,0.481092135896473,0.3967118721023684,2.5206388940876385,2.249175908083586,16.0157053044983,0.38445930396559197,0.784627987056535,0.7620706905807988,0.4314018017193915,TRUE,saithe,saithe,FALSE,0.7979999999999999,0.585,wrasse,0.144,0.44099999999999995,0.0865,0.585,0.0055,0.0975,0.0235,0.058,0.144
r7f5-132,r7f5,r7f5-132,r7f5;r7f5-132,110,No_MP_1,No_MP,r7f5,1.042459960938934,0.4932576341980311,0.3873071065338461,2.4652558376998486,2.1134188072604903,15.69164686830264,0.35761934907825393,0.8008318514829331,0.7532207344962062,0.45378153245365194,TRUE,saithe,saithe,FALSE,0.7115,0.5305,wrasse,0.2245,0.30599999999999994,0.0475,0.5305,0.0035,0.114,0.016,0.064,0.2245
r7f5-133,r7f5,r7f5-133,r7f5;r7f5-133,110,No_MP_1,No_MP,r7f5,0.8106290719845323,0.3349266449627459,0.21154831491169585,1.8750311616345754,2.420318252298795,16.61909648662643,0.4152590921456504,0.756140421019366,0.7791798200894671,0.4098975655186124,TRUE,saithe,saithe,FALSE,0.9550000000000001,0.786,cod,0.1215,0.6645000000000001,0.1215,0.786,0.0075,0.013,0.027,0.024,0.021
r7f5-134,r7f5,r7f5-134,r7f5;r7f5-134,110,No_MP_1,No_MP,r7f5,0.9060104670372797,0.4204351763183168,0.2883185530981502,2.133593132388684,2.1549349770660666,15.788854396152844,0.36607251352612635,0.7959013554156994,0.7569031802870528,0.4472149141081661,TRUE,saithe,saithe,FALSE,0.777,0.6045,wrasse,0.159,0.4455,0.0515,0.6045,0.0025,0.0995,0.019,0.064,0.159
r7f5-135,r7f5,r7f5-135,r7f5;r7f5-135,110,No_MP_1,No_MP,r7f5,0.9153391656627047,0.41392836903223673,0.2892457870622692,2.1468636057116592,2.2113467791607637,15.934625663318753,0.37720833733108405,0.7886203843047754,0.7634134450721456,0.4395548434141348,TRUE,saithe,saithe,FALSE,0.7935,0.607,wrasse,0.139,0.46799999999999997,0.0655,0.607,0.0015,0.097,0.0225,0.0675,0.139
r7f5-136,r7f5,r7f5-136,r7f5;r7f5-136,110,No_MP_1,No_MP,r7f5,0.9045763560258241,0.40246115461869747,0.27235732297348997,2.1067934914652584,2.2476115909443335,16.296895443168996,0.38416280888489984,0.7710898470313554,0.7481175727040794,0.4237978134282136,TRUE,saithe,saithe,FALSE,0.8395,0.6735,wrasse,0.109,0.5645,0.0715,0.6735,0.001,0.0725,0.021,0.0515,0.109
r7f5-137,r7f5,r7f5-137,r7f5;r7f5-137,110,No_MP_1,No_MP,r7f5,0.9670005006934823,0.3944406866276624,0.30179185850541596,2.2448644443648864,2.4515739209385754,16.698317835778305,0.42055420344115174,0.7525530857625728,0.7912233848211948,0.4109265862511162,TRUE,saithe,saithe,FALSE,0.949,0.7625,cod,0.147,0.6154999999999999,0.147,0.7625,0.0055,0.0095,0.0245,0.0335,0.0175
r7f5-138,r7f5,r7f5-138,r7f5;r7f5-138,110,No_MP_1,No_MP,r7f5,1.2161717542017754,0.4968618580002101,0.46795241016694245,2.7979351839180224,2.447706006447493,16.72913980849799,0.4199041344419054,0.7511665727113934,0.7744102930345159,0.4028301627500388,TRUE,saithe,saithe,FALSE,0.9585,0.752,cod,0.1595,0.5925,0.1595,0.752,0.006,0.01,0.031,0.0225,0.019
r7f5-139,r7f5,r7f5-139,r7f5;r7f5-139,110,No_MP_1,No_MP,r7f5,1.5123820954093452,0.5814352486804162,0.670178522369574,3.4328685585520216,2.601118695231738,17.584249788590437,0.4446170289670786,0.7146378586200974,0.7621274807033199,0.37305904122702854,TRUE,saithe,saithe,FALSE,0.9835,0.805,cod,0.1375,0.6675,0.1375,0.805,0.007,5e-4,0.0335,0.006,0.0105
r7f5-14,r7f5,r7f5-14,r7f5;r7f5-14,110,No_MP_1,No_MP,r7f5,5.466784164607697,2.71818006568078,11.416124890364912,13.221108886324245,2.011192795367115,15.311475817119812,0.3358113757853335,0.8207158319976361,0.7682605986234773,0.4863679787848319,TRUE,lesser_sand_eel,lesser_sand_eel,FALSE,0.6,0.3715,poor_cod,0.3465,0.025000000000000022,0.0765,0.1295,0.039,0.3465,0.0085,0.3715,0.0285
r7f5-140,r7f5,r7f5-140,r7f5;r7f5-140,110,No_MP_1,No_MP,r7f5,1.7194485945837776,0.7248410764084486,0.9468527710660828,3.988156972214178,2.372173226031228,16.7981723463853,0.4069106579219727,0.7480796336193835,0.7597145803316151,0.4077689756276496,TRUE,saithe,saithe,FALSE,0.968,0.8015,cod,0.1115,0.69,0.1115,0.8015,0.01,0.0105,0.0345,0.0165,0.0155
r7f5-141,r7f5,r7f5-141,r7f5;r7f5-141,110,No_MP_1,No_MP,r7f5,1.6282783326064882,0.5608312104497254,0.70813067611454406,3.6422910737270358,2.9033304535615754,18.734231849046107,0.4876170429856613,0.6707705293504744,0.7754478394968861,0.3400683697288753,TRUE,saithe,saithe,FALSE,0.9755,0.8265,cod,0.107,0.7195,0.107,0.8265,0.0195,5e-4,0.022,0.0105,0.014
r7f5-142,r7f5,r7f5-142,r7f5;r7f5-142,110,No_MP_1,No_MP,r7f5,1.3638901524428755,0.5960715097294181,0.6064718416373474,3.143740538513081,2.2881317596642092,16.296065035448635,0.39175186817810365,0.7711291398889055,0.7459897895919273,0.4151088310650848,TRUE,saithe,saithe,FALSE,0.8079999999999999,0.585,wrasse,0.1495,0.4355,0.124,0.585,0.0045,0.068,0.0265,0.0425,0.1495
r7f5-143,r7f5,r7f5-143,r7f5;r7f5-143,110,No_MP_1,No_MP,r7f5,1.4323605341932875,0.5726476084008456,0.6329223605791352,3.284246326339687,2.5012948856858834,17.042017479373136,0.42878276029349305,0.7373757613832354,0.7716327315475426,0.39278587800292003,TRUE,saithe,saithe,FALSE,0.9705,0.763,cod,0.1575,0.6055,0.1575,0.763,0.009,0.002,0.039,0.014,0.0155
r7f5-144,r7f5,r7f5-144,r7f5;r7f5-144,110,No_MP_1,No_MP,r7f5,1.0286524783508226,0.7211298751061773,0.5513885641238132,2.7926259482136047,1.426445518152145,14.143854613721619,0.1757490596685244,0.888468593431945,0.7433196090215093,0.6634840998409025,TRUE,wrasse,wrasse,FALSE,0.0835,0.885,saithe,0.0495,0.8355,0,0.0495,0.0015,0.028,0.0045,0.0315,0.885
r7f5-145,r7f5,r7f5-145,r7f5;r7f5-145,110,No_MP_1,No_MP,r7f5,1.4001681452254358,0.5632672702575209,0.6019760587822597,3.1959297750131,2.4857970969719063,16.96739758633785,0.42624313912666073,0.7406186217076456,0.7632811020321951,0.3909569626741779,TRUE,saithe,saithe,FALSE,0.957,0.6805,cod,0.234,0.4465,0.234,0.6805,0.005,0.004,0.0335,0.0105,0.0325
r7f5-146,r7f5,r7f5-146,r7f5;r7f5-146,110,No_MP_1,No_MP,r7f5,1.4763029883940868,0.615712107350661,0.7062532619710585,3.4185711200942954,2.3977163527715093,16.5473621608868,0.4113693456581199,0.7594183587800148,0.7769754098093834,0.4125908454153121,TRUE,saithe,saithe,FALSE,0.9235,0.735,cod,0.1415,0.5935,0.1415,0.735,0.003,0.021,0.023,0.0415,0.035
r7f5-147,r7f5,r7f5-147,r7f5;r7f5-147,110,No_MP_1,No_MP,r7f5,1.4248851534751916,0.5521589148261636,0.5988013425911529,3.236800690648161,2.5805707654358687,17.4964182038145,0.4414298359059141,0.7182253229189218,0.7610949066939154,0.37552007698402895,TRUE,saithe,saithe,FALSE,0.98,0.773,cod,0.1685,0.6045,0.1685,0.773,0.006,5e-4,0.032,0.0075,0.0125
r7f5-148,r7f5,r7f5-148,r7f5;r7f5-148,110,No_MP_1,No_MP,r7f5,1.3389362066125272,0.543872295036098,0.5400277512209858,3.0552294280983294,2.461857717028331,17.285087363034954,0.42227550538477765,0.7270064854420696,0.7415821303090288,0.38353625696863697,TRUE,saithe,saithe,FALSE,0.884,0.657,cod,0.192,0.465,0.192,0.657,0.002,0,0.033,0.0085,0.1075
r7f5-149,r7f5,r7f5-149,r7f5;r7f5-149,110,No_MP_1,No_MP,r7f5,1.3698171043837069,0.5388676429873643,0.5655146675154235,3.1257049009281612,2.5420288677749148,17.276353185693218,0.43535186339223986,0.7273740284937885,0.7661242022612511,0.38373271163971595,TRUE,saithe,saithe,FALSE,0.977,0.778,cod,0.162,0.616,0.162,0.778,0.005,0,0.032,0.01,0.013
r7f5-15,r7f5,r7f5-15,r7f5;r7f5-15,110,No_MP_1,No_MP,r7f5,5.30836351827696,2.639168469423065,10.823804043017445,12.849957777998439,2.0113772878763565,15.255395814640993,0.3358520674071984,0.8237328462037613,0.7725954591145681,0.4890674149284501,TRUE,lesser_sand_eel,lesser_sand_eel,FALSE,0.455,0.521,poor_cod,0.2615,0.2595,0.07,0.1005,0.018,0.2615,0.005,0.521,0.024
r7f5-150,r7f5,r7f5-150,r7f5;r7f5-150,110,No_MP_1,No_MP,r7f5,1.44264926567614,0.5630937633540767,0.624675411623293,3.2832962196091175,2.562005405783537,17.257016788425094,0.43851853881168984,0.7281890472974386,0.7689762652923989,0.3821580499880346,TRUE,saithe,saithe,FALSE,0.9755,0.74,cod,0.193,0.5469999999999999,0.193,0.74,0.0045,0.001,0.037,0.01,0.0145
r7f5-151,r7f5,r7f5-151,r7f5;r7f5-151,110,No_MP_1,No_MP,r7f5,1.2975674396490304,0.5066017131870689,0.49936209465097137,2.9529249350068603,2.561316722531271,17.461809306691453,0.43840996018504547,0.7196488286894575,0.7596595113825444,0.3776294129960486,TRUE,saithe,saithe,FALSE,0.976,0.7825,cod,0.141,0.6415,0.141,0.7825,0.013,5e-4,0.039,0.003,0.021
r7f5-152,r7f5,r7f5-152,r7f5;r7f5-152,110,No_MP_1,No_MP,r7f5,0.8878457461913947,0.4167421967955446,0.2979938187554816,2.154954970314354,2.1304436004280496,15.583648491356884,0.3611129107304394,0.8063818059890675,0.8053826335380572,0.48132934261088606,TRUE,saithe,gadoids_unknown,TRUE,0.462,0.329,lesser_sand_eel,0.2885,0.040500000000000036,0.0075,0.329,0.0185,0.077,0.03,0.2885,0.2495
r7f5-153,r7f5,r7f5-153,r7f5;r7f5-153,110,No_MP_1,No_MP,r7f5,0.9683708056436785,0.44176099088675963,0.32589938653927997,2.27293256869611,2.1920695254233284,15.852200633758553,0.3734472309982777,0.7927208912305881,0.7618237217337319,0.4424969543068588,TRUE,saithe,saithe,FALSE,0.7605000000000001,0.545,wrasse,0.17,0.375,0.0755,0.545,0.004,0.1115,0.0245,0.0695,0.17
r7f5-154,r7f5,r7f5-154,r7f5;r7f5-154,110,No_MP_1,No_MP,r7f5,1.3205994203334719,0.5450267428024688,0.548161923165559,3.0322163108957754,2.422999307415801,16.773028857908212,0.4157170889088192,0.749201037022859,0.761587750812201,0.40019971865126075,TRUE,saithe,saithe,FALSE,0.9455,0.7215,cod,0.174,0.5475000000000001,0.174,0.7215,0.003,0.01,0.037,0.019,0.0355
r7f5-155,r7f5,r7f5-155,r7f5;r7f5-155,110,No_MP_1,No_MP,r7f5,2.0754371419978788,1.020354004337852,1.6466686316536348,5.016046227801223,2.0340363571608773,15.279771094061413,0.3408121180619222,0.8224187742736001,0.7775812049988882,0.48674013911399233,TRUE,saithe,gadoids_unknown,TRUE,0.5790000000000001,0.4025,wrasse,0.2985,0.10400000000000004,0.031,0.4025,0.0055,0.1255,0.0145,0.1225,0.2985
r7f5-156,r7f5,r7f5-156,r7f5;r7f5-156,110,No_MP_1,No_MP,r7f5,1.3538255062788318,0.564740715849875,0.5873719779109294,3.126941300418296,2.397251461215202,16.64662643770927,0.4112887954179885,0.7548899268798888,0.7682479880082544,0.4080355082981112,TRUE,saithe,saithe,FALSE,0.9545,0.732,cod,0.179,0.5529999999999999,0.179,0.732,0.005,0.0145,0.024,0.019,0.0265
r7f5-158,r7f5,r7f5-158,r7f5;r7f5-158,110,No_MP_1,No_MP,r7f5,1.7175861090771904,1.0824577756629,1.3629966165517995,4.538857391819607,1.5867465204592726,15.114657052776735,0.226827992545283,0.8314029600857259,0.7331035021336192,0.5882580218485004,TRUE,wrasse,wrasse,FALSE,0.08549999999999999,0.86,lesser_sand_eel,0.0545,0.8055,0.0015,0.045,0.002,0.032,0.005,0.0545,0.86
r7f5-159,r7f5,r7f5-159,r7f5;r7f5-159,110,No_MP_1,No_MP,r7f5,1.5522656088541555,0.8982335037094603,0.9694299069982176,3.9648171477768943,1.7281314963689514,16.215483865131684,0.2668975074471554,0.7749611864115117,0.6952822270415479,0.5122647368449036,TRUE,wrasse,wrasse,FALSE,0.091,0.8855,saithe,0.06,0.8254999999999999,0.0045,0.06,0.004,0.0195,0.003,0.0235,0.8855
r7f5-16,r7f5,r7f5-16,r7f5;r7f5-16,110,No_MP_1,No_MP,r7f5,3.200471482265599,1.5090106720132264,3.607336369185533,7.58185250724254,2.120907122542568,15.935438661229941,0.3591606794211093,0.7885801502868239,0.7469307987472207,0.44840333649570036,TRUE,saithe,gadoids_unknown,TRUE,0.7304999999999999,0.4715,wrasse,0.1785,0.293,0.0465,0.4715,0.0115,0.145,0.056,0.091,0.1785
r7f5-160,r7f5,r7f5-160,r7f5;r7f5-160,110,No_MP_1,No_MP,r7f5,1.5611693846506238,0.86681624673552,0.9565702148121396,3.9202989103855943,1.8010384444570318,16.06650856235236,0.28597909680326056,0.7821469465870861,0.70687038237651,0.499720217863073,TRUE,wrasse,wrasse,FALSE,0.13949999999999999,0.8255,saithe,0.088,0.7375,0.004,0.088,0.009,0.033,0.0055,0.035,0.8255
r7f5-161,r7f5,r7f5-161,r7f5;r7f5-161,110,No_MP_1,No_MP,r7f5,1.8365425639608537,0.8976229371516111,1.283857541830713,4.432149502913109,2.046006722810222,15.300723465129698,0.3434026310503952,0.8212925776351617,0.7787927446213693,0.4846463643300234,TRUE,saithe,gadoids_unknown,TRUE,0.5425,0.3875,wrasse,0.31,0.07750000000000001,0.032,0.3875,0.002,0.1105,0.0105,0.1475,0.31
r7f5-162,r7f5,r7f5-162,r7f5;r7f5-162,110,No_MP_1,No_MP,r7f5,1.7633706987582463,0.7914064242133406,1.0945084950198267,4.173968167097842,2.228148072605096,15.917656499898179,0.38044973309232005,0.7894611002844267,0.7842886776141621,0.44816920881693234,TRUE,saithe,saithe,FALSE,0.746,0.572,wrasse,0.1675,0.40449999999999997,0.046,0.572,0.0035,0.1105,0.014,0.0865,0.1675
r7f5-163,r7f5,r7f5-163,r7f5;r7f5-163,110,No_MP_1,No_MP,r7f5,1.7270181221886478,1.0579764443358948,1.2479636069220603,4.384561839420803,1.632378614320396,15.404601878671421,0.24023087365935691,0.8157543254498548,0.6830130907752988,0.5327436105311589,TRUE,wrasse,wrasse,FALSE,0.122,0.8445,saithe,0.0835,0.761,0.0045,0.0835,0.004,0.026,0.004,0.0335,0.8445
r7f5-164,r7f5,r7f5-164,r7f5;r7f5-164,110,No_MP_1,No_MP,r7f5,2.3804777526250613,1.1438022060413366,2.0618923460136918,5.662500783164135,2.081197028692417,15.550722219481736,0.35090161993024177,0.8080891959227586,0.7572703094523494,0.4632845861087685,TRUE,saithe,gadoids_unknown,TRUE,0.6695,0.4425,wrasse,0.242,0.2005,0.0605,0.4425,0.0045,0.141,0.021,0.0885,0.242
r7f5-165,r7f5,r7f5-165,r7f5;r7f5-165,110,No_MP_1,No_MP,r7f5,1.8409427021776072,0.9742481208821728,1.3824239075539582,4.523262423198868,1.8896035442292158,14.80002106251502,0.307863528893377,0.8490778872056365,0.7707816864614294,0.5193627660984664,TRUE,wrasse,wrasse,FALSE,0.4925,0.3895,saithe,0.359,0.030500000000000027,0.017,0.359,0.0055,0.101,0.01,0.118,0.3895
r7f5-166,r7f5,r7f5-166,r7f5;r7f5-166,110,No_MP_1,No_MP,r7f5,1.4497542042144935,0.8972159541080621,0.9339189159191484,3.7764372857616175,1.615836407697096,15.27057470428752,0.23542619327607717,0.8229140590780065,0.7179890278073556,0.5657577824930715,TRUE,wrasse,wrasse,FALSE,0.053500000000000006,0.9175,lesser_sand_eel,0.029,0.8885,5e-4,0.0285,0.002,0.021,0.0015,0.029,0.9175
r7f5-167,r7f5,r7f5-167,r7f5;r7f5-167,110,No_MP_1,No_MP,r7f5,0.852216092856491,0.35413894654867695,0.235519699230536,1.9715242146052534,2.4064455524079236,16.503535549144033,0.41287774331626864,0.7614350620168135,0.7803758410847558,0.41289335619119183,TRUE,saithe,saithe,FALSE,0.9175,0.718,cod,0.1385,0.5794999999999999,0.1385,0.718,0.0095,0.0225,0.029,0.043,0.0395
r7f5-168,r7f5,r7f5-168,r7f5;r7f5-168,77,No_MP_1,No_MP,r7f5,0.9355395916926262,0.45445955271210264,0.32761596221656053,2.2525564019334805,2.0585761397456745,15.487677430495554,0.34610096050566097,0.8113786376784767,0.7705621015224288,0.4765964786970658,TRUE,saithe,gadoids_unknown,TRUE,0.619,0.4585,wrasse,0.2655,0.193,0.022,0.4585,0.003,0.121,0.0145,0.1155,0.2655
r7f5-169,r7f5,r7f5-169,r7f5;r7f5-169,77,No_MP_1,No_MP,r7f5,1.6385065764638287,0.7351987780485266,0.9288649430882259,3.8556164786679106,2.2286579159081237,16.004241026850284,0.38054756741317375,0.7851900376454339,0.7710802984534837,0.44052069236346647,TRUE,saithe,saithe,FALSE,0.7685,0.6,wrasse,0.1575,0.4425,0.038,0.6,0.0035,0.109,0.018,0.074,0.1575
r7f5-17,r7f5,r7f5-17,r7f5;r7f5-17,110,No_MP_1,No_MP,r7f5,7.027504977906918,3.0363632318045752,15.931272004125717,16.514044299687605,2.314448055587316,17.118134638679205,0.39658128096818146,0.7340969608899374,0.7466130333190752,0.410731723419599,TRUE,poor_cod,gadoids_unknown,TRUE,0.9915,0.354,haddock,0.337,0.01699999999999996,0.083,0.0415,0.337,0.354,0.176,0.0085,0
r7f5-170,r7f5,r7f5-170,r7f5;r7f5-170,77,No_MP_1,No_MP,r7f5,1.6676452905046384,0.7865121161590516,0.9764659277701182,3.959782835877856,2.1203046415211237,16.057785183677467,0.35903694357708105,0.7825718472764679,0.744471360439623,0.4470538607860089,TRUE,saithe,saithe,FALSE,0.726,0.5035,wrasse,0.2045,0.29899999999999993,0.0445,0.5035,0.023,0.132,0.023,0.0695,0.2045
r7f5-171,r7f5,r7f5-171,r7f5;r7f5-171,77,No_MP_1,No_MP,r7f5,1.528351041436827,0.6219523280603053,0.7522633967100942,3.539497074643523,2.457344353390114,16.653793865552238,0.4215213193794563,0.7545650388018943,0.7913884645627317,0.4100471661362419,TRUE,saithe,saithe,FALSE,0.9595,0.7435,cod,0.17,0.5735,0.17,0.7435,0.0065,0.014,0.0255,0.0245,0.016
r7f5-172,r7f5,r7f5-172,r7f5;r7f5-172,77,No_MP_1,No_MP,r7f5,1.5098059167156546,0.7089509256260094,0.807578035668402,3.5637846262165733,2.1296338888089945,15.726728936536547,0.3609476152620794,0.7990454127536217,0.7544790790604455,0.4510787531054757,TRUE,saithe,saithe,FALSE,0.7555,0.583,wrasse,0.176,0.407,0.0505,0.583,0.001,0.1035,0.0175,0.0685,0.176
r7f5-173,r7f5,r7f5-173,r7f5;r7f5-173,77,No_MP_1,No_MP,r7f5,1.8522545594572795,0.795554824738911,1.1336542584978895,4.29847684498827,2.3282550766569243,16.29853462675871,0.39908451908412446,0.7710122966348079,0.7693249855375163,0.42071635713800715,TRUE,saithe,saithe,FALSE,0.8789999999999999,0.692,cod,0.105,0.587,0.105,0.692,0.0045,0.054,0.0235,0.045,0.076
r7f5-174,r7f5,r7f5-174,r7f5;r7f5-174,77,No_MP_1,No_MP,r7f5,1.4532706463126344,0.642753641746094,0.72749329326285,3.407184193135402,2.2610072536729677,15.957403639949895,0.38669256324181994,0.7874946888539464,0.7788215256289361,0.43857725936564396,TRUE,saithe,saithe,FALSE,0.7955,0.617,wrasse,0.129,0.488,0.0575,0.617,0.005,0.101,0.015,0.0755,0.129
r7f5-175,r7f5,r7f5-175,r7f5;r7f5-175,77,No_MP_1,No_MP,r7f5,1.4999130329291515,0.6399224491990495,0.7337956461461833,3.4740636770668916,2.3438981314165455,16.44751981795103,0.4018956554897329,0.7640283005249264,0.7645074217665767,0.4152915472689292,TRUE,saithe,saithe,FALSE,0.9185,0.729,cod,0.1235,0.6054999999999999,0.1235,0.729,0.0025,0.0345,0.029,0.037,0.0445
r7f5-176,r7f5,r7f5-176,r7f5;r7f5-176,77,No_MP_1,No_MP,r7f5,1.6485962745195517,0.7099113503076637,0.9029316893831079,3.8441426844949427,2.3222565378128937,16.36605864265555,0.39799952916440373,0.7678312102345101,0.771500943222864,0.4229961219689214,TRUE,saithe,saithe,FALSE,0.908,0.768,cod,0.0925,0.6755,0.0925,0.768,0.0025,0.029,0.016,0.051,0.041
r7f5-177,r7f5,r7f5-177,r7f5;r7f5-177,77,No_MP_1,No_MP,r7f5,1.6161839467058954,0.6459247239251407,0.7954241316374387,3.694645133055729,2.502124298454943,17.16116234883651,0.42891804243431503,0.7322563797790275,0.7619492845036925,0.38772812394325357,TRUE,saithe,saithe,FALSE,0.977,0.742,cod,0.191,0.5509999999999999,0.191,0.742,0.0045,0.0015,0.038,0.0065,0.0165
r7f5-178,r7f5,r7f5-178,r7f5;r7f5-178,77,No_MP_1,No_MP,r7f5,1.5198821923428665,0.7069382263431666,0.804119034233836,3.577662392743384,2.149950498793759,15.917628673776925,0.365069387355173,0.789462480366897,0.7483916784173726,0.4432110787882507,TRUE,saithe,saithe,FALSE,0.775,0.5895,wrasse,0.162,0.4275,0.0615,0.5895,5e-4,0.103,0.0205,0.063,0.162
r7f5-179,r7f5,r7f5-179,r7f5;r7f5-179,77,No_MP_1,No_MP,r7f5,1.273892818813353,0.8095059492076927,0.7836755381459404,3.31046449497522,1.5736670250047955,13.98432723626836,0.22289869646355148,0.8986038728962437,0.7599470904183564,0.6148662150585071,TRUE,wrasse,wrasse,FALSE,0.36,0.495,saithe,0.287,0.20800000000000002,0.0095,0.287,5e-4,0.0545,0.0085,0.145,0.495
r7f5-18,r7f5,r7f5-18,r7f5;r7f5-18,110,No_MP_1,No_MP,r7f5,5.026779786814373,2.4065570135227037,8.755031804304199,11.998494581066076,2.088784831844147,16.44355787960652,0.35249617280530743,0.7642123867818243,0.7237218972685887,0.4411518721052647,TRUE,poor_cod,poor_cod,FALSE,0.7575000000000001,0.53,lesser_sand_eel,0.233,0.29700000000000004,0.0075,0.0295,0.005,0.53,0.1855,0.233,0.0095
r7f5-180,r7f5,r7f5-180,r7f5;r7f5-180,77,No_MP_1,No_MP,r7f5,1.301011709259488,0.5946721903040746,0.5926483129139419,3.070466424943665,2.1877796380460297,15.90785607800309,0.37260406079200853,0.7899474670088056,0.7660166647679593,0.4458048208090069,TRUE,saithe,saithe,FALSE,0.7505000000000001,0.5715,wrasse,0.1555,0.41600000000000004,0.054,0.5715,0.004,0.1055,0.0155,0.094,0.1555
r7f5-181,r7f5,r7f5-181,r7f5;r7f5-181,77,No_MP_1,No_MP,r7f5,1.243831943941009,0.5812283475391603,0.5801862204223553,2.9871585031338963,2.140005643577468,15.379744655689036,0.3630584696270284,0.8170727730327314,0.8025256395800366,0.4774788249011418,TRUE,saithe,gadoids_unknown,TRUE,0.52,0.4015,lesser_sand_eel,0.2575,0.14400000000000002,0.0355,0.4015,0.001,0.073,0.009,0.2575,0.2225
r7f5-182,r7f5,r7f5-182,r7f5;r7f5-182,77,No_MP_1,No_MP,r7f5,1.1232035415319583,0.513169888974702,0.4674184353657369,2.703015069535125,2.188755742812746,15.631155969312776,0.37279611192927725,0.8039309849527176,0.8109353036536635,0.4717360081060428,TRUE,saithe,gadoids_unknown,TRUE,0.4885,0.3855,lesser_sand_eel,0.278,0.10749999999999998,0.025,0.3855,0.004,0.0655,0.0085,0.278,0.2335
r7f5-183,r7f5,r7f5-183,r7f5;r7f5-183,77,No_MP_1,No_MP,r7f5,1.3449432951685591,0.614039187234787,0.6445564408506749,3.194236254476999,2.190321600198295,15.829715759180539,0.3731039529445277,0.7938468893271966,0.7804784032744918,0.45369409075401324,TRUE,saithe,saithe,FALSE,0.7375,0.5745,wrasse,0.1615,0.41300000000000003,0.035,0.5745,0.0025,0.108,0.0175,0.101,0.1615
r7f5-184,r7f5,r7f5-184,r7f5;r7f5-184,77,No_MP_1,No_MP,r7f5,1.3271427027456937,0.5658975654485952,0.577422488453752,3.0845004978785795,2.3451995268678147,16.476918567703535,0.4021283382541176,0.762665091942043,0.7688440274399425,0.41741549418501034,TRUE,saithe,saithe,FALSE,0.9195,0.7195,cod,0.144,0.5755,0.144,0.7195,0.0045,0.0305,0.021,0.04,0.0405
r7f5-185,r7f5,r7f5-185,r7f5;r7f5-185,77,No_MP_1,No_MP,r7f5,1.2704515059344472,0.5706608468095752,0.5485923244185557,2.9714413437079266,2.2262811844149284,16.094763390018223,0.3800912302184563,0.7807738647560787,0.756682270018052,0.4327565609104079,TRUE,saithe,saithe,FALSE,0.7989999999999999,0.6265,wrasse,0.14,0.48649999999999993,0.0575,0.6265,0.002,0.0895,0.0235,0.061,0.14
r7f5-186,r7f5,r7f5-186,r7f5;r7f5-186,77,No_MP_1,No_MP,r7f5,1.058706360798928,0.5409749473719083,0.45204904543339625,2.603266459620848,1.9570339919476727,14.991727840702566,0.32364659809585583,0.838220300414036,0.7892832398377133,0.5135049452860677,TRUE,wrasse,wrasse,FALSE,0.433,0.3735,saithe,0.313,0.0605,0.009,0.313,0.0075,0.0825,0.021,0.1935,0.3735
r7f5-187,r7f5,r7f5-187,r7f5;r7f5-187,77,No_MP_1,No_MP,r7f5,1.2205678944762215,0.5679799063509245,0.5596306163085767,2.940431359986072,2.1489631601898562,15.449720459936593,0.3648703086512398,0.8133720378271974,0.80724720855821,0.4782860345649577,TRUE,saithe,gadoids_unknown,TRUE,0.5085,0.3875,lesser_sand_eel,0.2645,0.123,0.037,0.3875,0.002,0.073,0.009,0.2645,0.227
r7f5-188,r7f5,r7f5-188,r7f5;r7f5-188,77,No_MP_1,No_MP,r7f5,1.2673945341943795,0.5248176332639447,0.5086883390813675,2.912314403809578,2.414923687514465,16.67342169068292,0.41433537524942765,0.7536767705804045,0.7647712161568634,0.4032164494971392,TRUE,saithe,saithe,FALSE,0.9640000000000001,0.7495,cod,0.162,0.5875,0.162,0.7495,0.0055,0.0105,0.0365,0.0185,0.0175
r7f5-189,r7f5,r7f5-189,r7f5;r7f5-189,77,No_MP_1,No_MP,r7f5,1.1752456911225304,0.5630034246837161,0.5045422513912076,2.788160535047182,2.0874574462540076,15.407706981445592,0.3522177925313311,0.8155899271378901,0.7625315835734258,0.46510426742230765,TRUE,saithe,saithe,FALSE,0.7065,0.5315,wrasse,0.2165,0.31499999999999995,0.0355,0.5315,0.003,0.119,0.0175,0.077,0.2165
r7f5-19,r7f5,r7f5-19,r7f5;r7f5-19,110,No_MP_1,No_MP,r7f5,5.63164652344159,2.8939956499693404,12.547273084501489,13.75927055455699,1.945976153592785,15.088340304583456,0.32110787877190167,0.8328530746712962,0.7698676808630825,0.5037194179788231,TRUE,poor_cod,gadoids_unknown,TRUE,0.6515,0.427,lesser_sand_eel,0.3015,0.1255,0.0805,0.0965,0.0445,0.427,0.003,0.3015,0.047
r7f5-190,r7f5,r7f5-190,r7f5;r7f5-190,77,No_MP_1,No_MP,r7f5,1.2828062490720962,0.601921599530059,0.5977284076816517,3.048426316129309,2.131184941815724,15.547032540938027,0.36126417405411,0.8082809746020498,0.7741103993718167,0.46247885536916056,TRUE,saithe,saithe,FALSE,0.6910000000000001,0.509,wrasse,0.209,0.30000000000000004,0.0545,0.509,0.002,0.1095,0.016,0.1,0.209
r7f5-191,r7f5,r7f5-191,r7f5;r7f5-191,77,No_MP_1,No_MP,r7f5,1.0778972746732494,0.4846602567953753,0.39865638724830693,2.5247573220633766,2.2240265413971017,15.989708779812615,0.3796577123917476,0.7859036576216142,0.763104377343576,0.4368718861529369,TRUE,saithe,saithe,FALSE,0.8150000000000001,0.646,wrasse,0.1225,0.5235000000000001,0.053,0.646,0.0025,0.0925,0.021,0.0625,0.1225
r7f5-192,r7f5,r7f5-192,r7f5;r7f5-192,77,No_MP_1,No_MP,r7f5,0.8709414005949053,0.44434560291997527,0.3166823338927159,2.1578372126911476,1.9600540544828078,14.703256033385578,0.3243366630514294,0.8546658363171844,0.8183027574293352,0.531564641261782,TRUE,wrasse,wrasse,FALSE,0.341,0.334,lesser_sand_eel,0.325,0.009000000000000008,0.0075,0.275,5e-4,0.0535,0.0045,0.325,0.334
r7f5-193,r7f5,r7f5-193,r7f5;r7f5-193,77,No_MP_1,No_MP,r7f5,1.5738463288786824,0.6724900911585112,0.8116471182822623,3.6575018761571045,2.340326422010751,16.481694658639295,0.40125612071287475,0.7624440856736897,0.7668652105333565,0.4172080878759742,TRUE,saithe,saithe,FALSE,0.904,0.7405,cod,0.114,0.6265000000000001,0.114,0.7405,0.002,0.0275,0.02,0.048,0.048
r7f5-194,r7f5,r7f5-194,r7f5;r7f5-194,77,No_MP_1,No_MP,r7f5,1.4185475831872512,0.621830082638553,0.6947934433552823,3.330773614693201,2.281246312767729,15.967411578844557,0.3904755055364919,0.7870011086210448,0.7876623284013601,0.43962057880634353,TRUE,saithe,saithe,FALSE,0.764,0.5895,wrasse,0.1425,0.44700000000000006,0.0505,0.5895,0.003,0.104,0.017,0.0935,0.1425
r7f5-195,r7f5,r7f5-195,r7f5;r7f5-195,77,No_MP_1,No_MP,r7f5,1.8152505327304438,0.790954008737137,1.0834252389490926,4.205035178815537,2.2950140117865163,16.32075774072591,0.39302230799448873,0.7699624499052363,0.7545901712641498,0.4186353726764813,TRUE,saithe,saithe,FALSE,0.8500000000000001,0.665,wrasse,0.1015,0.5635,0.098,0.665,5e-4,0.058,0.0285,0.0485,0.1015
r7f5-2,r7f5,r7f5-2,r7f5;r7f5-2,110,No_MP_1,No_MP,r7f5,3.075721601601832,1.4980811788043586,3.4273344017420255,7.292992664066575,2.053107431772564,15.518690551787106,0.34492970041383514,0.809757148802226,0.7438307182259053,0.46128842084815674,TRUE,saithe,gadoids_unknown,TRUE,0.6689999999999999,0.413,wrasse,0.2435,0.16949999999999998,0.059,0.413,0.011,0.152,0.034,0.0875,0.2435
r7f5-20,r7f5,r7f5-20,r7f5;r7f5-20,110,No_MP_1,No_MP,r7f5,4.849546064112942,2.227009735393169,7.904447488923341,11.516812021556222,2.177604339595209,16.780041783531196,0.3705950186816595,0.7488879215242754,0.7318942146349273,0.42793662727972853,TRUE,poor_cod,poor_cod,FALSE,0.8205,0.513,norway_pout,0.2095,0.3035,0.026,0.0405,0.0315,0.513,0.2095,0.167,0.0125
r7f5-21,r7f5,r7f5-21,r7f5;r7f5-21,110,No_MP_1,No_MP,r7f5,2.8760999510182605,1.5138197126910602,3.279242698220377,7.137255054991743,1.8998959565043092,15.534199328293148,0.3103200838933174,0.8089487168786013,0.7531741903194907,0.5047493047740944,TRUE,saithe,gadoids_unknown,TRUE,0.543,0.3705,wrasse,0.3475,0.02300000000000002,0.0345,0.3705,0.008,0.108,0.022,0.1095,0.3475
r7f5-22,r7f5,r7f5-22,r7f5;r7f5-22,110,No_MP_1,No_MP,r7f5,5.266367839328637,1.9087177497549646,8.001914125990725,12.005345247342284,2.759112938518394,18.01172972348529,0.4679595870859165,0.6976770586321882,0.7960511686475494,0.36735133723774643,TRUE,saithe,gadoids_unknown,TRUE,0.911,0.4835,cod,0.2785,0.20499999999999996,0.2785,0.4835,0.0205,0.0085,0.12,0.0815,0.0075
r7f5-23,r7f5,r7f5-23,r7f5;r7f5-23,110,No_MP_1,No_MP,r7f5,4.390641894509701,1.831933561105609,6.058526329583598,10.301374233328414,2.3967255078070955,17.5155318838692,0.4111976386071927,0.7174415654446713,0.753232869703755,0.4001483995464531,TRUE,saithe,gadoids_unknown,TRUE,0.9075,0.3575,norway_pout,0.291,0.0665,0.166,0.3575,0.047,0.046,0.291,0.0655,0.027
r7f5-24,r7f5,r7f5-24,r7f5;r7f5-24,110,No_MP_1,No_MP,r7f5,4.470761178926535,2.0801150364834164,6.845418016272717,10.605114258274591,2.1492855445555925,16.429741494778334,0.364935325265265,0.7648550415935023,0.7360903919077738,0.4360609030524933,TRUE,norway_pout,gadoids_unknown,TRUE,0.842,0.394,poor_cod,0.3645,0.029500000000000026,0.007,0.0505,0.026,0.3645,0.394,0.146,0.012
r7f5-25,r7f5,r7f5-25,r7f5;r7f5-25,110,No_MP_1,No_MP,r7f5,5.0120887196111275,2.3351784649792764,8.58662144579043,11.922640341782223,2.1463407592942185,16.5547478268279,0.36434094301704417,0.7590795550503441,0.7336408239757404,0.4352060616065278,TRUE,poor_cod,poor_cod,FALSE,0.7195,0.543,lesser_sand_eel,0.2755,0.2675,0.0165,0.029,0.036,0.543,0.095,0.2755,0.005
r7f5-26,r7f5,r7f5-26,r7f5;r7f5-26,110,No_MP_1,No_MP,r7f5,7.6480373897577945,3.6985768359211018,20.683829898716244,18.290883964787643,2.067832501268859,16.17478183931933,0.34807392542689414,0.7769112893882464,0.7312170505030094,0.4502368851992379,TRUE,poor_cod,poor_cod,FALSE,0.991,0.954,cod,0.016,0.938,0.016,0.0045,0.013,0.954,0.0035,0.0085,5e-4
r7f5-27,r7f5,r7f5-27,r7f5;r7f5-27,110,No_MP_1,No_MP,r7f5,6.076481909392185,3.0794215052422764,13.876357536919409,14.866673650922733,1.9732543593164626,15.927665805309516,0.32733639362769124,0.7889649850745958,0.7415733833581742,0.47849916183220714,TRUE,poor_cod,poor_cod,FALSE,0.9385,0.839,norway_pout,0.0765,0.7625,0.0125,0.0045,0.006,0.839,0.0765,0.06,0.0015
r7f5-28,r7f5,r7f5-28,r7f5;r7f5-28,110,No_MP_1,No_MP,r7f5,6.3530415110130045,3.2209781906250585,14.864500683747778,15.372181645070704,1.9723950722498191,15.897201901131702,0.3271419338997252,0.7904768834485638,0.7264083840450659,0.4689181661452662,TRUE,poor_cod,poor_cod,FALSE,0.9630000000000001,0.91,cod,0.0335,0.8765000000000001,0.0335,0.003,0.012,0.91,0.0045,0.033,0.004
r7f5-29,r7f5,r7f5-29,r7f5;r7f5-29,110,No_MP_1,No_MP,r7f5,7.490320007189564,3.590911879612031,19.80812767782552,17.940634377977716,2.0859102808167025,16.249206745804326,0.35189301761855196,0.7733528664470902,0.7364415893336014,0.4495239141158206,TRUE,poor_cod,poor_cod,FALSE,0.996,0.947,cod,0.038,0.9089999999999999,0.038,0.0015,0.008,0.947,0.0015,0.004,0
r7f5-3,r7f5,r7f5-3,r7f5;r7f5-3,110,No_MP_1,No_MP,r7f5,4.771867333401851,2.2209960008342757,7.793132608330478,11.29492555142207,2.1485258557914504,16.3702261495968,0.3647820943502284,0.7676357369484895,0.735319238448309,0.4357580942641487,TRUE,poor_cod,gadoids_unknown,TRUE,0.7875,0.3625,saithe,0.1885,0.174,0.0895,0.1885,0.0575,0.3625,0.0895,0.183,0.0295
r7f5-30,r7f5,r7f5-30,r7f5;r7f5-30,110,No_MP_1,No_MP,r7f5,4.439917320808499,2.2224892795764255,7.040061182253076,10.6062378840806,1.9977227164194393,15.978878470159104,0.3328268858739364,0.786436334554214,0.71344726232697,0.4547123882667084,TRUE,poor_cod,gadoids_unknown,TRUE,0.7065,0.3595,norway_pout,0.2345,0.125,0.0125,0.056,0.044,0.3595,0.2345,0.1445,0.149
r7f5-31,r7f5,r7f5-31,r7f5;r7f5-31,110,No_MP_1,No_MP,r7f5,6.470097137815828,3.1171162743734193,14.81293823413021,15.595130087284018,2.075667562037416,16.418625298722983,0.3497346642121689,0.7653728851060732,0.7344756604645518,0.45053623839022394,TRUE,poor_cod,poor_cod,FALSE,0.977,0.9035,norway_pout,0.056,0.8474999999999999,0.008,0.003,0.0065,0.9035,0.056,0.023,0
r7f5-32,r7f5,r7f5-32,r7f5;r7f5-32,110,No_MP_1,No_MP,r7f5,4.463734063204174,2.3226549436831045,7.641022203807322,10.767601112951938,1.921824020973987,15.173523991315365,0.31549607859911355,0.8281774636894891,0.7370016391053897,0.48827552429490456,TRUE,poor_cod,gadoids_unknown,TRUE,0.6065,0.2655,lesser_sand_eel,0.242,0.02350000000000002,0.0665,0.1425,0.028,0.2655,0.104,0.242,0.1515
r7f5-33,r7f5,r7f5-33,r7f5;r7f5-33,110,No_MP_1,No_MP,r7f5,4.953571881462666,2.5720069853743968,1545.135368280429,1941.860915510811,1.9259558429004788,2440.448838722144,0.3164626852271925,0.0051492046934034945,121.27629492035969,80.17513750420144,TRUE,wrasse,wrasse,FALSE,0.5529999999999999,0.233,lesser_sand_eel,0.214,0.019000000000000017,0.0805,0.125,0.105,0.1745,0.068,0.214,0.233
r7f5-34,r7f5,r7f5-34,r7f5;r7f5-34,110,No_MP_1,No_MP,r7f5,5.051578367751358,2.0731690724803697,7.685259380343314,11.701238614900461,2.436645633396207,17.815792330059427,0.41803717538850993,0.7053500838779285,0.7338321140023323,0.38345504735626196,TRUE,saithe,gadoids_unknown,TRUE,0.933,0.329,cod,0.2685,0.0605,0.2685,0.329,0.1035,0.04,0.192,0.0565,0.0105
r7f5-35,r7f5,r7f5-35,r7f5;r7f5-35,110,No_MP_1,No_MP,r7f5,5.2199799075017275,2.754393104101657,10.586490005191774,12.72513555342205,1.8951470288422103,15.295822767844054,0.30918879764119817,0.8215557152490727,0.7363041327288291,0.4946801089702305,TRUE,poor_cod,gadoids_unknown,TRUE,0.581,0.3795,lesser_sand_eel,0.369,0.01050000000000001,0.0595,0.093,0.0375,0.3795,0.0115,0.369,0.05
r7f5-36,r7f5,r7f5-36,r7f5;r7f5-36,110,No_MP_1,No_MP,r7f5,5.014135019857166,2.4165263305519926,8.605914705319526,11.887331067515307,2.0749349826913814,16.419944276390314,0.3495797435529934,0.7653114044015322,0.7102471200861574,0.4358279788868277,TRUE,poor_cod,poor_cod,FALSE,0.7345,0.5425,lesser_sand_eel,0.255,0.2875,0.0055,0.042,0.0095,0.5425,0.135,0.255,0.0105
r7f5-37,r7f5,r7f5-37,r7f5;r7f5-37,110,No_MP_1,No_MP,r7f5,5.845198029874184,2.07235412944108,9.297756520862325,13.096880519053503,2.8205594530557625,18.448351378688788,0.476516456667005,0.6811649646306944,0.7675646569298021,0.34648930136371126,TRUE,saithe,saithe,FALSE,0.973,0.536,cod,0.295,0.24100000000000005,0.295,0.536,0.06,0.001,0.081,0.0235,0.0035
r7f5-38,r7f5,r7f5-38,r7f5;r7f5-38,110,No_MP_1,No_MP,r7f5,5.063360328678809,2.3726745963440523,8.657620279901614,11.958913186455533,2.134030657419569,16.519043337253553,0.3618441493974673,0.7607202401376139,0.7206452342310903,0.4299628999039065,TRUE,poor_cod,gadoids_unknown,TRUE,0.726,0.4715,lesser_sand_eel,0.263,0.20849999999999996,0.0285,0.053,0.045,0.4715,0.128,0.263,0.011
r7f5-39,r7f5,r7f5-39,r7f5;r7f5-39,110,No_MP_1,No_MP,r7f5,5.24393194973428,1.918362071382199,7.913763079768235,11.958357060335748,2.733546512393239,18.07007641510919,0.4643163026465202,0.6954243206106131,0.786675125056694,0.36641991403494795,TRUE,saithe,saithe,FALSE,0.9390000000000001,0.5885,norway_pout,0.15,0.4385,0.1255,0.5885,0.064,0.011,0.15,0.058,0.003
r7f5-4,r7f5,r7f5-4,r7f5;r7f5-4,110,No_MP_1,No_MP,r7f5,4.8727391170058265,2.244746074631748,8.336002750840024,11.587723686450984,2.170730655049793,16.10788098888357,0.3692305598980018,0.7801380344833392,0.7621096631715581,0.44701453785502687,TRUE,lesser_sand_eel,lesser_sand_eel,FALSE,0.47950000000000004,0.507,poor_cod,0.2615,0.2455,0.0415,0.073,0.0565,0.2615,0.047,0.507,0.0135
r7f5-40,r7f5,r7f5-40,r7f5;r7f5-40,110,No_MP_1,No_MP,r7f5,5.401929676113336,2.71904509336325,11.111601021841338,13.056716132013939,1.986701025775032,15.342328780244724,0.3303648464509395,0.8190653970693181,0.7565041291256627,0.48482935301373353,TRUE,poor_cod,gadoids_unknown,TRUE,0.627,0.415,lesser_sand_eel,0.343,0.07199999999999995,0.066,0.096,0.038,0.415,0.012,0.343,0.03
r7f5-41,r7f5,r7f5-41,r7f5;r7f5-41,110,No_MP_1,No_MP,r7f5,5.2133888723716115,1.8954269669816923,7.874651691277537,12.02564602285353,2.750508968791076,18.364769381121832,0.4667390435158266,0.6842650922301723,0.7969006434377575,0.36889369348096074,TRUE,saithe,gadoids_unknown,TRUE,0.819,0.4905,cod,0.179,0.3115,0.179,0.4905,0.015,0.0145,0.12,0.1705,0.0105
r7f5-42,r7f5,r7f5-42,r7f5;r7f5-42,110,No_MP_1,No_MP,r7f5,5.4149098439736045,2.699567504070432,11.162008543331826,13.109212444966424,2.005843467818069,15.39610458638526,0.334629357312544,0.816204549913982,0.7635841916483221,0.48469663966294013,TRUE,lesser_sand_eel,lesser_sand_eel,FALSE,0.5690000000000001,0.3875,poor_cod,0.3425,0.044999999999999984,0.074,0.0995,0.044,0.3425,0.009,0.3875,0.0435
r7f5-43,r7f5,r7f5-43,r7f5;r7f5-43,110,No_MP_1,No_MP,r7f5,5.3974898704296645,1.8785163451402722,7.819809372622872,12.119160628968578,2.8732727742257813,18.782306236894676,0.4836408080244813,0.6690536537879812,0.7712396555016201,0.34176108744746114,TRUE,saithe,saithe,FALSE,0.9484999999999999,0.568,norway_pout,0.1425,0.4255,0.1145,0.568,0.112,0.0115,0.1425,0.049,0.0025
r7f5-44,r7f5,r7f5-44,r7f5;r7f5-44,110,No_MP_1,No_MP,r7f5,2.915146576883944,1.5618982017038867,3.3557546503879627,7.099135608848301,1.8664126597391486,15.01829890543142,0.30226375703280434,0.8367372825303471,0.7370162770028525,0.5027817744896073,TRUE,wrasse,wrasse,FALSE,0.4985,0.405,saithe,0.319,0.08600000000000002,0.0305,0.319,0.0015,0.117,0.0305,0.0965,0.405
r7f5-45,r7f5,r7f5-45,r7f5;r7f5-45,110,No_MP_1,No_MP,r7f5,4.882878412976367,2.3343327124009363,8.297942366844216,11.705542620584133,2.09176626238261,16.5124945419959,0.35312056919246587,0.7610219390171105,0.7280006177345552,0.4431275098755356,TRUE,poor_cod,poor_cod,FALSE,0.731,0.5145,lesser_sand_eel,0.259,0.25549999999999995,0.0085,0.0325,0.0095,0.5145,0.166,0.259,0.01
r7f5-46,r7f5,r7f5-46,r7f5;r7f5-46,110,No_MP_1,No_MP,r7f5,4.829586235061979,2.2593548457462767,7.901418903237295,11.430251316050805,2.137595271568217,16.535086513961712,0.3625691566648842,0.759982150909735,0.7241202906627214,0.4313157881101134,TRUE,poor_cod,poor_cod,FALSE,0.7959999999999999,0.5305,lesser_sand_eel,0.192,0.33849999999999997,0.027,0.0475,0.0425,0.5305,0.1485,0.192,0.012
r7f5-47,r7f5,r7f5-47,r7f5;r7f5-47,110,No_MP_1,No_MP,r7f5,5.469772082707323,2.617433709595577,9.971311724428487,12.909865965156273,2.089746174909799,16.71441469731534,0.3526976370289099,0.751828337511428,0.6964779504451305,0.42434975079263587,TRUE,poor_cod,gadoids_unknown,TRUE,0.7615,0.4985,lesser_sand_eel,0.224,0.27449999999999997,0.0135,0.0265,0.0245,0.4985,0.1985,0.224,0.0145
r7f5-48,r7f5,r7f5-48,r7f5;r7f5-48,110,No_MP_1,No_MP,r7f5,4.792557701817443,2.309864510108405,7.8494099741190375,11.405110979449763,2.0748219996646133,16.57150752508177,0.3495558441372703,0.7583118551730655,0.7090602773579969,0.4351233912494754,TRUE,poor_cod,poor_cod,FALSE,0.847,0.5115,norway_pout,0.2835,0.22799999999999998,0.01,0.035,0.007,0.5115,0.2835,0.144,0.009
r7f5-49,r7f5,r7f5-49,r7f5;r7f5-49,110,No_MP_1,No_MP,r7f5,4.424069375649508,2.012394980109264,6.443244693583591,10.440075467026356,2.1984100633213175,16.916193772020918,0.37468931112505793,0.7428604084178632,0.723718160643927,0.41915136613899423,TRUE,norway_pout,norway_pout,FALSE,0.943,0.6875,poor_cod,0.185,0.5025,0.0055,0.051,0.014,0.185,0.6875,0.0505,0.0065
r7f5-5,r7f5,r7f5-5,r7f5;r7f5-5,110,No_MP_1,No_MP,r7f5,5.91594372505594,2.3062836441867423,10.527237419970879,13.586082029130136,2.56514143000917,17.533719202731103,0.4390124377211998,0.7166973800060513,0.7715741417699286,0.3829803290780172,TRUE,cod,gadoids_unknown,TRUE,0.9815,0.457,saithe,0.447,0.010000000000000009,0.457,0.447,0.065,0.007,0.0055,0.014,0.0045
r7f5-50,r7f5,r7f5-50,r7f5;r7f5-50,110,No_MP_1,No_MP,r7f5,6.641050307191374,2.362889106516705,11.926874748724217,14.888575175133967,2.8105636819247084,18.585729741928144,0.47514326830779957,0.676130062625967,0.7600576740163741,0.34432078271727967,TRUE,saithe,saithe,FALSE,0.9964999999999999,0.5665,cod,0.2225,0.344,0.2225,0.5665,0.2045,0.002,0.001,0.003,5e-4
r7f5-51,r7f5,r7f5-51,r7f5;r7f5-51,110,No_MP_1,No_MP,r7f5,4.414627579633413,2.1023655588548857,6.495200006356747,10.436850651602631,2.0998382327181804,16.770515367848926,0.3548050414726824,0.7493133239334075,0.6998262417103305,0.4243405189529991,TRUE,norway_pout,norway_pout,FALSE,0.8985,0.5485,poor_cod,0.3005,0.248,0.004,0.04,0.0055,0.3005,0.5485,0.0895,0.012
r7f5-52,r7f5,r7f5-52,r7f5;r7f5-52,110,No_MP_1,No_MP,r7f5,4.8413409564966665,2.272442230392226,7.797246001122071,11.431243459456486,2.1304572198788287,16.758907825989077,0.36111569028967133,0.7498323127520115,0.7087330989596785,0.4235649511467242,TRUE,poor_cod,gadoids_unknown,TRUE,0.861,0.444,norway_pout,0.3585,0.08550000000000002,0.014,0.024,0.0205,0.444,0.3585,0.134,0.005
r7f5-53,r7f5,r7f5-53,r7f5;r7f5-53,110,No_MP_1,No_MP,r7f5,1.4711109309917416,0.6550750868306611,0.7326909705912653,3.4277628955123265,2.2457134465442254,16.036172055415687,0.38380265758536414,0.783626576899647,0.7602988505656036,0.43106237077863646,TRUE,saithe,saithe,FALSE,0.7979999999999999,0.572,wrasse,0.1405,0.43149999999999994,0.107,0.572,0.0025,0.094,0.0225,0.0615,0.1405
r7f5-54,r7f5,r7f5-54,r7f5;r7f5-54,110,No_MP_1,No_MP,r7f5,1.9343878021568632,0.8036523293265253,1.1652830052478471,4.438872511835413,2.4069958258914204,16.908844536128132,0.4129725710841715,0.7431832841983583,0.7495828815524653,0.3965102708458894,TRUE,saithe,saithe,FALSE,0.9625,0.7355,cod,0.186,0.5495000000000001,0.186,0.7355,0.005,0.004,0.032,0.012,0.0255
r7f5-55,r7f5,r7f5-55,r7f5;r7f5-55,110,No_MP_1,No_MP,r7f5,1.9882397827889586,0.8140274578284561,1.2496746986868394,4.578304666933237,2.442472626283265,16.773063938390035,0.41902225024826395,0.7491994700859262,0.7721277540881054,0.40250342194766847,TRUE,saithe,saithe,FALSE,0.965,0.7595,cod,0.166,0.5934999999999999,0.166,0.7595,0.0055,0.0105,0.0235,0.022,0.013
r7f5-56,r7f5,r7f5-56,r7f5;r7f5-56,110,No_MP_1,No_MP,r7f5,1.8471847642533559,0.7872463377543671,1.0823378843102769,4.253586457803862,2.3463872433150725,16.716589168956443,0.4023405378456094,0.7517305406832371,0.7442894673367573,0.4038799585375082,TRUE,saithe,saithe,FALSE,0.8815,0.6815,cod,0.1385,0.5429999999999999,0.1385,0.6815,0.008,0.0175,0.036,0.0295,0.089
r7f5-57,r7f5,r7f5-57,r7f5;r7f5-57,110,No_MP_1,No_MP,r7f5,1.6359588919638306,0.7226272333831425,0.8929788249384667,3.8077445998150368,2.263904287560157,16.236576425448458,0.38723693350240806,0.7739544522860881,0.7553608110684514,0.4248215176234664,TRUE,saithe,saithe,FALSE,0.8305,0.622,wrasse,0.1165,0.5055,0.0985,0.622,0.003,0.0865,0.0205,0.053,0.1165
r7f5-58,r7f5,r7f5-58,r7f5;r7f5-58,110,No_MP_1,No_MP,r7f5,1.4920075752964645,0.6572915145163284,0.7498587186437414,3.4759393169912274,2.2699328111581765,16.112574055627782,0.38836663763387214,0.7799108057455293,0.7646283417529944,0.42889156760919855,TRUE,saithe,saithe,FALSE,0.8185,0.618,wrasse,0.124,0.494,0.077,0.618,0.0045,0.0945,0.0245,0.0575,0.124
r7f5-59,r7f5,r7f5-59,r7f5;r7f5-59,110,No_MP_1,No_MP,r7f5,1.8233222396351576,0.7800247580047663,1.064435554187346,4.205908004205071,2.3375184196704897,16.618819307798894,0.40075237091951144,0.7561530323915377,0.748423741492712,0.40766425447954213,TRUE,saithe,saithe,FALSE,0.931,0.7265,cod,0.1345,0.5920000000000001,0.1345,0.7265,0.0055,0.0245,0.04,0.03,0.039
r7f5-6,r7f5,r7f5-6,r7f5;r7f5-6,110,No_MP_1,No_MP,r7f5,4.683881825803304,2.2011874621496728,7.383666186492276,11.068697271702435,2.1278886538945847,16.592849161670465,0.3605910499691964,0.7573365183953777,0.7161584068624813,0.4285192283172058,TRUE,poor_cod,gadoids_unknown,TRUE,0.797,0.445,norway_pout,0.2505,0.1945,0.018,0.0595,0.024,0.445,0.2505,0.1845,0.0185
r7f5-60,r7f5,r7f5-60,r7f5;r7f5-60,110,No_MP_1,No_MP,r7f5,2.001808484790391,0.8105023341769388,1.2187869461691783,4.568930465466469,2.4698367918005046,17.12778895760342,0.42360401367402745,0.7336831768224625,0.7511920765930851,0.3872512794308135,TRUE,saithe,saithe,FALSE,0.977,0.768,cod,0.168,0.6,0.168,0.768,0.006,0.0025,0.0325,0.0065,0.0165
r7f5-61,r7f5,r7f5-61,r7f5;r7f5-61,110,No_MP_1,No_MP,r7f5,1.967006490188791,0.7452177856656063,1.119740026494352,4.455531874879836,2.6395055620309966,17.7289047621362,0.4504748060107604,0.7088069332515846,0.7638853807961614,0.36848154005266276,TRUE,saithe,saithe,FALSE,0.979,0.793,cod,0.147,0.646,0.147,0.793,0.0085,5e-4,0.03,0.0085,0.0125
r7f5-62,r7f5,r7f5-62,r7f5;r7f5-62,110,No_MP_1,No_MP,r7f5,1.8573686063609547,0.7884538535157162,1.0912724041227122,4.267410399934667,2.3557099734866496,16.687667948600275,0.40400093696954387,0.7530333569115157,0.7451758852020807,0.4027607029306895,TRUE,saithe,saithe,FALSE,0.775,0.525,wrasse,0.204,0.32100000000000006,0.1675,0.525,0.0305,0.021,0.031,0.021,0.204
r7f5-63,r7f5,r7f5-63,r7f5;r7f5-63,110,No_MP_1,No_MP,r7f5,1.3573323074731838,0.5886057411965298,0.6076261097027177,3.1466595484265927,2.3060126880753335,16.29532726720476,0.3950416442096769,0.7711640526330319,0.7605464561162519,0.4199273614333918,TRUE,saithe,saithe,FALSE,0.8705,0.7025,cod,0.0845,0.618,0.0845,0.7025,5e-4,0.0565,0.0265,0.046,0.0835
r7f5-64,r7f5,r7f5-64,r7f5;r7f5-64,110,No_MP_1,No_MP,r7f5,1.303249218934503,0.5986191023808229,0.5936058204048961,3.064548519660649,2.177092601541166,15.821033599280412,0.3704936396786715,0.7942825312583072,0.7608868980637773,0.44499314682336705,TRUE,saithe,saithe,FALSE,0.783,0.6005,wrasse,0.1515,0.44900000000000007,0.051,0.6005,0.0025,0.1055,0.0235,0.0655,0.1515
r7f5-65,r7f5,r7f5-65,r7f5;r7f5-65,110,No_MP_1,No_MP,r7f5,1.9738746870541872,0.7989357303260166,1.186559064162395,4.511711608597709,2.4706301297210986,17.155101885740958,0.42373576980364636,0.7325150674158418,0.7524158563966683,0.38775760520582564,TRUE,saithe,saithe,FALSE,0.9755,0.742,cod,0.1955,0.5465,0.1955,0.742,0.004,0.001,0.033,0.0105,0.014
r7f5-66,r7f5,r7f5-66,r7f5;r7f5-66,110,No_MP_1,No_MP,r7f5,1.6809200955648118,0.7020714927437118,0.891480335162236,3.8565093873168452,2.3942292386716013,16.683110179605194,0.4107646068175585,0.7532390830650594,0.7554110952717102,0.40172397174687113,TRUE,saithe,saithe,FALSE,0.9645,0.748,cod,0.163,0.585,0.163,0.748,0.0065,0.01,0.037,0.019,0.0165
r7f5-67,r7f5,r7f5-67,r7f5;r7f5-67,110,No_MP_1,No_MP,r7f5,1.540043052100876,0.6635020900562686,0.7720224310747849,3.565235358923271,2.321082442966038,16.464422085276762,0.39778670528461424,0.7632439541012858,0.7555353030049172,0.4144520709053503,TRUE,saithe,saithe,FALSE,0.908,0.729,cod,0.113,0.616,0.113,0.729,0.0045,0.0285,0.033,0.0385,0.0535
r7f5-68,r7f5,r7f5-68,r7f5;r7f5-68,110,No_MP_1,No_MP,r7f5,0.955426028787103,0.3148438895123511,0.254345944903232,2.185106238664434,3.0346024192082095,18.772421459547164,0.5042882068185296,0.6694059496500514,0.8455367345674494,0.3547650262726722,TRUE,saithe,saithe,FALSE,0.916,0.804,lesser_sand_eel,0.0625,0.7415,0.056,0.804,0.0265,0.002,0.0275,0.0625,0.0215
r7f5-69,r7f5,r7f5-69,r7f5;r7f5-69,110,No_MP_1,No_MP,r7f5,0.91004392660898,0.39743936278954795,0.2808038650125128,2.1293854133648193,2.289767979249872,16.147506511168615,0.39205439027464883,0.7782235979076704,0.7763719706449583,0.43170640143765254,TRUE,saithe,saithe,FALSE,0.808,0.6245,wrasse,0.125,0.49950000000000006,0.074,0.6245,0.0025,0.0885,0.0185,0.067,0.125
r7f5-7,r7f5,r7f5-7,r7f5;r7f5-7,110,No_MP_1,No_MP,r7f5,4.711240816483881,2.241902471817008,7.349370726141449,11.037959488173101,2.101447710464199,16.577820632885256,0.3551398615388371,0.758023077498582,0.6958219673325022,0.4215893835909241,TRUE,poor_cod,gadoids_unknown,TRUE,0.7755,0.361,norway_pout,0.321,0.03999999999999998,0.0095,0.034,0.05,0.361,0.321,0.104,0.1205
r7f5-70,r7f5,r7f5-70,r7f5;r7f5-70,110,No_MP_1,No_MP,r7f5,1.3951294847361757,0.5718091509909444,0.6110504457907641,3.2006419364492915,2.4398516223785824,16.764751381697966,0.41857957273836033,0.7495709496818332,0.765969446797412,0.3997220899730818,TRUE,saithe,saithe,FALSE,0.965,0.734,cod,0.185,0.5489999999999999,0.185,0.734,0.004,0.0085,0.0335,0.0185,0.0165
r7f5-71,r7f5,r7f5-71,r7f5;r7f5-71,110,No_MP_1,No_MP,r7f5,1.132843223135445,0.7363141342142776,0.6098742755330123,2.954243736493302,1.5385324965197151,14.310418400550304,0.21214323521878647,0.8781274077825659,0.7311514860332683,0.6050772325675782,TRUE,wrasse,wrasse,FALSE,0.076,0.9005,saithe,0.049,0.8514999999999999,0.0065,0.049,0.003,0.017,5e-4,0.0235,0.9005
r7f5-72,r7f5,r7f5-72,r7f5;r7f5-72,110,No_MP_1,No_MP,r7f5,1.2870282901800745,0.5264353746118233,0.517816585378794,2.9473380943011787,2.444798264419613,16.775827749442055,0.4194144775740694,0.7490760397666288,0.7642629364627008,0.39802457627755883,TRUE,saithe,saithe,FALSE,0.9575,0.6955,cod,0.2035,0.492,0.2035,0.6955,0.011,0.0105,0.037,0.0175,0.025
r7f5-73,r7f5,r7f5-73,r7f5;r7f5-73,110,No_MP_1,No_MP,r7f5,1.1612848578776318,0.48229417415252557,0.4421352349532859,2.703268269806372,2.4078351348908797,16.528108960404463,0.41311714891276835,0.7603029871392897,0.78941313298135,0.41743390296141814,TRUE,saithe,saithe,FALSE,0.9065,0.743,cod,0.1085,0.6345,0.1085,0.743,0.007,0.0275,0.0205,0.048,0.0455
r7f5-74,r7f5,r7f5-74,r7f5;r7f5-74,110,No_MP_1,No_MP,r7f5,1.2717029328581506,0.5766199446509347,0.5483497799603506,2.9734099390029716,2.205443888396879,16.123224606748146,0.3760614536914421,0.7793956184856284,0.7477946273549293,0.43171431197956306,TRUE,saithe,saithe,FALSE,0.8135,0.6295,wrasse,0.122,0.5075,0.067,0.6295,0.0025,0.09,0.0245,0.0645,0.122
r7f5-75,r7f5,r7f5-75,r7f5;r7f5-75,110,No_MP_1,No_MP,r7f5,1.3651222682587227,0.5792332683034048,0.6076697020897921,3.1676837097264525,2.3567746242497694,16.512621989147053,0.40418996689508313,0.7610160653237529,0.7684976337767303,0.41517825560915206,TRUE,saithe,saithe,FALSE,0.921,0.762,cod,0.113,0.649,0.113,0.762,0.0025,0.0255,0.018,0.039,0.04
r7f5-76,r7f5,r7f5-76,r7f5;r7f5-76,110,No_MP_1,No_MP,r7f5,1.1918345907130732,0.5530380749518728,0.5100507516893762,2.821717533838432,2.155067878132605,15.610387425956,0.36609921648223204,0.8050005596571279,0.7738243185811413,0.45718454304511,TRUE,saithe,saithe,FALSE,0.7315,0.5465,wrasse,0.188,0.3585,0.0555,0.5465,0.001,0.113,0.0155,0.0805,0.188
r7f5-77,r7f5,r7f5-77,r7f5;r7f5-77,110,No_MP_1,No_MP,r7f5,1.3455409645412342,0.5634703804301141,0.5855179573020276,3.1114981079110704,2.387953317997198,16.534796849177088,0.4096730939662687,0.7599954646545646,0.7722754035330526,0.4117716941088636,TRUE,saithe,saithe,FALSE,0.9265,0.712,cod,0.1575,0.5545,0.1575,0.712,0.0045,0.0215,0.031,0.0355,0.038
r7f5-78,r7f5,r7f5-78,r7f5;r7f5-78,110,No_MP_1,No_MP,r7f5,1.611844330886323,0.6584683299479841,0.8064299866373903,3.6979994150392472,2.4478691800008834,16.9577023427077,0.41993158800778874,0.7410420563115423,0.7598164303799902,0.39521242957067104,TRUE,saithe,saithe,FALSE,0.973,0.7715,cod,0.1545,0.617,0.1545,0.7715,0.007,0.002,0.038,0.0105,0.0165
r7f5-79,r7f5,r7f5-79,r7f5;r7f5-79,110,No_MP_1,No_MP,r7f5,1.3940827394183006,0.5589772685980227,0.5707026221154257,3.161239022493049,2.4939882491372423,17.51075213267833,0.4275882294412831,0.7176373989617487,0.7323643079521531,0.37388917063256333,TRUE,saithe,saithe,FALSE,0.814,0.621,wrasse,0.1795,0.4415,0.1275,0.621,0.031,0.0055,0.029,0.0065,0.1795
r7f5-8,r7f5,r7f5-8,r7f5;r7f5-8,110,No_MP_1,No_MP,r7f5,6.606148970809436,3.260616127971119,15.70225923543496,16.094030856664528,2.0260431499859,16.495577186163754,0.33907089196354695,0.7618024196752364,0.7289774727475675,0.45811607987212,TRUE,poor_cod,poor_cod,FALSE,0.951,0.8145,norway_pout,0.0675,0.747,0.055,0.004,0.01,0.8145,0.0675,0.047,0.002
r7f5-80,r7f5,r7f5-80,r7f5;r7f5-80,110,No_MP_1,No_MP,r7f5,1.0063684499296466,0.4518448913777056,0.35160402798836066,2.3696550892257404,2.2272431737828464,15.970423530185883,0.38027601506840303,0.7868526836879015,0.7732277864089139,0.4420281567511725,TRUE,saithe,saithe,FALSE,0.7785000000000001,0.6025,wrasse,0.145,0.4575,0.052,0.6025,0.0025,0.104,0.0175,0.0765,0.145
r7f5-81,r7f5,r7f5-81,r7f5;r7f5-81,110,No_MP_1,No_MP,r7f5,0.8992591469934702,0.44881318606344134,0.33162319135141977,2.2374682033844375,2.003637983279655,15.096242035290187,0.3341407948849377,0.832417139641973,0.8216643083934018,0.5221379803508789,TRUE,lesser_sand_eel,lesser_sand_eel,FALSE,0.364,0.3325,saithe,0.3035,0.029000000000000026,0.008,0.3035,0,0.048,0.0045,0.3325,0.3035
r7f5-82,r7f5,r7f5-82,r7f5;r7f5-82,110,No_MP_1,No_MP,r7f5,1.1576062912184604,0.48045901297381666,0.4176492991017581,2.656064131915688,2.409375742695342,16.891388751331778,0.41338234593677703,0.7439512996448201,0.7509214909631504,0.39682599950815045,TRUE,saithe,saithe,FALSE,0.9205,0.706,cod,0.1725,0.5335,0.1725,0.706,0.0025,0.0015,0.038,0.0115,0.068
r7f5-83,r7f5,r7f5-83,r7f5;r7f5-83,110,No_MP_1,No_MP,r7f5,0.9655018514544054,0.44477129955593825,0.3277343629632063,2.2712500943970966,2.170782720059426,15.740116308395645,0.3692409172828731,0.798365804174927,0.763189020015943,0.4476368967804264,TRUE,saithe,saithe,FALSE,0.7589999999999999,0.573,wrasse,0.172,0.40099999999999997,0.055,0.573,0.002,0.1065,0.0225,0.069,0.172
r7f5-84,r7f5,r7f5-84,r7f5;r7f5-84,110,No_MP_1,No_MP,r7f5,1.1055149789310907,0.48817942861782626,0.41955214479547986,2.595459359842619,2.2645669074199124,16.05619080288214,0.38736130803314994,0.782649556712011,0.7773951727070362,0.43708590482960824,TRUE,saithe,saithe,FALSE,0.806,0.642,wrasse,0.1275,0.5145,0.053,0.642,0.002,0.0965,0.0125,0.0665,0.1275
r7f5-85,r7f5,r7f5-85,r7f5;r7f5-85,110,No_MP_1,No_MP,r7f5,0.9008846479222609,0.43980550635033017,0.3070496998243416,2.1645755753844407,2.048370552242824,15.259377958132903,0.343911783123443,0.8235178818453461,0.7749591825375453,0.4817041895481558,TRUE,saithe,gadoids_unknown,TRUE,0.632,0.468,wrasse,0.262,0.20600000000000002,0.031,0.468,0.002,0.1195,0.0115,0.106,0.262
r7f5-86,r7f5,r7f5-86,r7f5;r7f5-86,110,No_MP_1,No_MP,r7f5,0.8984137717641074,0.43452933935708826,0.2979643896727815,2.1391763626927496,2.067556066739621,15.357793311236742,0.34801517674435933,0.818240639113486,0.7632535938589987,0.4700257826115305,TRUE,saithe,gadoids_unknown,TRUE,0.665,0.486,wrasse,0.258,0.22799999999999998,0.039,0.486,0.002,0.125,0.013,0.077,0.258
r7f5-87,r7f5,r7f5-87,r7f5;r7f5-87,110,No_MP_1,No_MP,r7f5,1.0441508345775457,0.4673832728313512,0.3733962676587325,2.4471415377096952,2.234035523462803,16.037925989815715,0.38157760312461714,0.7835408781870534,0.7651270696293446,0.43606739085751006,TRUE,saithe,saithe,FALSE,0.8095,0.6305,wrasse,0.1255,0.5049999999999999,0.0675,0.6305,0.001,0.096,0.0145,0.065,0.1255
r7f5-88,r7f5,r7f5-88,r7f5;r7f5-88,110,No_MP_1,No_MP,r7f5,1.0321675162916801,0.42543954424142394,0.3365917278045684,2.3780409773600657,2.4261203037251198,16.801003776560616,0.4162493366547991,0.7479535616729485,0.76650571372404,0.40226586640423767,TRUE,saithe,saithe,FALSE,0.954,0.718,cod,0.199,0.5189999999999999,0.199,0.718,0.003,0.009,0.025,0.0225,0.0235
r7f5-89,r7f5,r7f5-89,r7f5;r7f5-89,110,No_MP_1,No_MP,r7f5,0.8257513891116601,0.38104319989451946,0.24300430220709127,1.9453546143878258,2.1670807649637753,15.573405661332243,0.3685036320749226,0.8069121737168033,0.7723078229504997,0.4537592122946725,TRUE,saithe,saithe,FALSE,0.7345,0.523,wrasse,0.19,0.333,0.0765,0.523,0.006,0.11,0.019,0.0755,0.19
r7f5-9,r7f5,r7f5-9,r7f5;r7f5-9,110,No_MP_1,No_MP,r7f5,6.706552570459677,2.8834711810643947,14.557811759771642,15.758446945494843,2.325860793928255,17.058102840716433,0.39865192083468076,0.7366804346122344,0.7528026704150628,0.4121046847932102,TRUE,haddock,gadoids_unknown,TRUE,0.9905,0.3845,poor_cod,0.326,0.058499999999999996,0.1075,0.049,0.3845,0.326,0.1235,0.0095,0
r7f5-90,r7f5,r7f5-90,r7f5;r7f5-90,110,No_MP_1,No_MP,r7f5,0.8920336163272726,0.3878042835345706,0.26510367522787637,2.0756737950798043,2.3002159960612008,16.25183694597062,0.39397906004122313,0.7732277068823781,0.7663407605239146,0.42419292914764445,TRUE,saithe,saithe,FALSE,0.841,0.6765,wrasse,0.1015,0.575,0.0735,0.6765,0.002,0.069,0.02,0.0575,0.1015
r7f5-91,r7f5,r7f5-91,r7f5;r7f5-91,110,No_MP_1,No_MP,r7f5,1.0491549646602338,0.4672431040856111,0.3716621808713256,2.4494750408940162,2.2454156208755975,16.14349881361752,0.3837461103177874,0.7784167954817246,0.758168663746648,0.4299116454373018,TRUE,saithe,saithe,FALSE,0.8119999999999999,0.6375,wrasse,0.1255,0.512,0.0595,0.6375,0.002,0.0885,0.0245,0.0625,0.1255
r7f5-92,r7f5,r7f5-92,r7f5;r7f5-92,110,No_MP_1,No_MP,r7f5,1.1002995801350814,0.46122329255623473,0.38223414323197347,2.533443967150361,2.385611476898529,16.79164053849408,0.40926476246703053,0.7483706303473645,0.7531947756487308,0.40199227012885624,TRUE,saithe,saithe,FALSE,0.9635,0.77,cod,0.1445,0.6255000000000001,0.1445,0.77,0.0045,0.009,0.0355,0.02,0.0165
r7f5-93,r7f5,r7f5-93,r7f5;r7f5-93,110,No_MP_1,No_MP,r7f5,1.5215694986621977,0.5798466598998754,0.6694703747805069,3.47318939187733,2.6240894427587693,18.01878769587708,0.4481372406533273,0.6974037780152386,0.7587984058870046,0.3681780510658275,TRUE,saithe,saithe,FALSE,0.978,0.835,cod,0.112,0.723,0.112,0.835,0.0065,5e-4,0.024,0.003,0.019
r7f5-94,r7f5,r7f5-94,r7f5;r7f5-94,110,No_MP_1,No_MP,r7f5,1.4679936807975495,0.6088119704317457,0.6867866839190324,3.388089142984468,2.4112431293959373,16.714284521804363,0.41370347285854125,0.7518341929602734,0.7684480219630682,0.40577343599606464,TRUE,saithe,saithe,FALSE,0.9635,0.7285,cod,0.1955,0.533,0.1955,0.7285,0.003,0.01,0.0265,0.0205,0.016
r7f5-95,r7f5,r7f5-95,r7f5;r7f5-95,110,No_MP_1,No_MP,r7f5,1.5257468128819287,0.6354248835657343,0.7217440198188034,3.4893925771064755,2.4011442616475547,16.870053956557292,0.411962608421915,0.7448921412296193,0.7444516634377522,0.39475566386104455,TRUE,saithe,saithe,FALSE,0.9109999999999999,0.701,cod,0.1665,0.5345,0.1665,0.701,0.0025,0.0045,0.0365,0.012,0.077
r7f5-96,r7f5,r7f5-96,r7f5;r7f5-96,110,No_MP_1,No_MP,r7f5,1.416175562850892,0.5797862046162766,0.62427147590023635,3.2448322438552553,2.442582371873039,16.86595767583227,0.41904077115463734,0.7450730551972093,0.7603061755875101,0.39632312916515705,TRUE,saithe,saithe,FALSE,0.9660000000000001,0.7425,cod,0.18,0.5625,0.18,0.7425,0.0025,0.005,0.036,0.014,0.02
r7f5-97,r7f5,r7f5-97,r7f5;r7f5-97,110,No_MP_1,No_MP,r7f5,1.3046173133510117,0.5172926853739093,0.5079951656045072,2.9654016114399404,2.5220099766305584,17.310414178186768,0.43214243762212085,0.725942804430083,0.7527315235490618,0.3800173477631754,TRUE,saithe,saithe,FALSE,0.918,0.7175,cod,0.153,0.5645,0.153,0.7175,0.0105,0,0.037,0.0065,0.0755
r7f5-98,r7f5,r7f5-98,r7f5;r7f5-98,110,No_MP_1,No_MP,r7f5,1.4031938429953037,0.6074751007931907,0.6313431323059401,3.2322225317689033,2.3098787771928913,16.5476774202273,0.3957482631142762,0.7594038906631383,0.7406607122216639,0.40826320296269925,TRUE,saithe,saithe,FALSE,0.8005,0.603,wrasse,0.172,0.431,0.1205,0.603,0.0185,0.024,0.0345,0.0275,0.172
r7f5-99,r7f5,r7f5-99,r7f5;r7f5-99,110,No_MP_1,No_MP,r7f5,1.4262821418604072,0.580648716008306,0.6417533628131236,3.2754624987929186,2.4563597620011004,16.717722419045433,0.42135653180903937,0.7516795828625022,0.7749063834702755,0.4016681376095685,TRUE,saithe,saithe,FALSE,0.957,0.6975,cod,0.217,0.48050000000000004,0.217,0.6975,0.0055,0.01,0.027,0.0215,0.0215
f3r4-1,f3r4,f3r4-1,f3r4;f3r4-1,110,No_MP_2,No_MP,f3r4,7.353300049892699,2.5338882960459075,14.146812547555992,16.457576224932165,2.9019827201409814,19.145783849821697,0.48744006741071916,0.6563518481629679,0.7592570719996763,0.3331226343907577,TRUE,haddock,gadoids_unknown,TRUE,0.999,0.352,cod,0.319,0.032999999999999974,0.319,0.319,0.352,0.0085,5e-4,0.001,0
f3r4-10,f3r4,f3r4-10,f3r4;f3r4-10,110,No_MP_2,No_MP,f3r4,4.232580340747305,1.655958891997292,5.061663271917664,9.852365593295545,2.555969451416929,19.177314366701886,0.43756547199721574,0.6552727026354909,0.7221684120942352,0.35974349369756686,TRUE,saithe,saithe,FALSE,0.975,0.5645,norway_pout,0.246,0.3185,0.1345,0.5645,0.0225,0.0075,0.246,0.0155,0.0095
f3r4-11,f3r4,f3r4-11,f3r4;f3r4-11,110,No_MP_2,No_MP,f3r4,5.34841403942906,2.1851156298184424,9.130684192239602,12.605558434983264,2.4476572161416694,17.4028692825485,0.41989592508322704,0.7220861347824211,0.7812749112835887,0.4064090779524192,TRUE,saithe,gadoids_unknown,TRUE,0.71,0.362,lesser_sand_eel,0.283,0.07900000000000001,0.2635,0.362,0.016,0.028,0.0405,0.283,0.007
f3r4-12,f3r4,f3r4-12,f3r4;f3r4-12,110,No_MP_2,No_MP,f3r4,4.749127071584685,1.7470770785462006,6.114935418920121,10.940597108786022,2.718327159060771,19.574477389642674,0.4621237146585055,0.641977324054043,0.7369975069776753,0.34520288226801576,TRUE,saithe,gadoids_unknown,TRUE,0.973,0.4895,norway_pout,0.2815,0.20800000000000002,0.159,0.4895,0.035,0.008,0.2815,0.0195,0.0075
f3r4-13,f3r4,f3r4-13,f3r4;f3r4-13,110,No_MP_2,No_MP,f3r4,6.043347975081292,2.2760489929024423,10.42631452410307,13.679773464789019,2.6551923943318765,17.948451642748065,0.4528331796976244,0.700136750761814,0.758004203662384,0.36348436717380916,TRUE,saithe,saithe,FALSE,0.988,0.5,cod,0.389,0.11099999999999999,0.389,0.5,0.089,0.0025,0.0075,0.011,0.001
f3r4-14,f3r4,f3r4-14,f3r4;f3r4-14,110,No_MP_2,No_MP,f3r4,4.402661485335761,1.6675063610668612,5.312599664850589,10.214146918051917,2.6402666809132667,19.637993420398942,0.45058970253843,0.6399009483986215,0.7236428856837356,0.348968816286428,TRUE,saithe,gadoids_unknown,TRUE,0.9485,0.4755,norway_pout,0.29,0.1855,0.059,0.4755,0.1145,0.0095,0.29,0.0185,0.033
f3r4-15,f3r4,f3r4-15,f3r4;f3r4-15,110,No_MP_2,No_MP,f3r4,4.634287825782171,1.58621607698258,5.395781439228829,10.511288358368816,2.9215993287609745,20.476586051004087,0.49000399267410677,0.6136946160389354,0.7340218689068602,0.31988837791422065,TRUE,saithe,saithe,FALSE,0.9680000000000001,0.553,norway_pout,0.2225,0.3305,0.1425,0.553,0.045,0.005,0.2225,0.014,0.018
f3r4-16,f3r4,f3r4-16,f3r4;f3r4-16,110,No_MP_2,No_MP,f3r4,5.586034129085035,2.1456818055986897,8.992718765328583,12.694267295878335,2.603384208464412,17.919433086298483,0.4449662083488169,0.7012705454374918,0.7502778207349701,0.3669390740681148,TRUE,saithe,gadoids_unknown,TRUE,0.97,0.4815,cod,0.366,0.11549999999999999,0.366,0.4815,0.0325,0.0065,0.0835,0.0265,0.0035
f3r4-17,f3r4,f3r4-17,f3r4;f3r4-17,110,No_MP_2,No_MP,f3r4,4.83201077662764,1.9056832424351806,6.86121559443452,11.326240109547802,2.5355791922969564,18.69693689893477,0.43432182077622705,0.6721085214271181,0.7451135424659974,0.37415831083784273,TRUE,saithe,gadoids_unknown,TRUE,0.9055,0.3265,cod,0.2425,0.08400000000000002,0.2425,0.3265,0.0745,0.0425,0.2195,0.0415,0.053
f3r4-18,f3r4,f3r4-18,f3r4;f3r4-18,110,No_MP_2,No_MP,f3r4,4.670560041312443,1.743256908009877,5.593302159462859,10.662211727442351,2.6792149911193586,20.324802000635426,0.4564057808996035,0.6182776399969998,0.6869702454402858,0.3264678965481445,TRUE,saithe,gadoids_unknown,TRUE,0.7875000000000001,0.278,norway_pout,0.263,0.015000000000000013,0.0955,0.278,0.1365,0.0145,0.263,0.0145,0.198
f3r4-19,f3r4,f3r4-19,f3r4;f3r4-19,110,No_MP_2,No_MP,f3r4,4.437681477467643,2.0163294777797023,7.054750727559557,10.89222403517478,2.200871200055177,16.817113603882127,0.37517010994834044,0.7472370651916331,0.7884316446930023,0.45612044372180727,TRUE,lesser_sand_eel,lesser_sand_eel,FALSE,0.5115000000000001,0.4215,norway_pout,0.2225,0.19899999999999998,0.043,0.135,0.0255,0.0855,0.2225,0.4215,0.067
f3r4-2,f3r4,f3r4-2,f3r4;f3r4-2,110,No_MP_2,No_MP,f3r4,8.053793520131084,2.780785764311351,17.5098504095167,18.168766521403715,2.8962294123817802,18.852478415798856,0.48668320360083933,0.6665633205991757,0.7818337485128741,0.34370952858892384,TRUE,saithe,saithe,FALSE,0.9654999999999999,0.58,cod,0.2985,0.2815,0.2985,0.58,0.0775,0.0095,0,0.0345,0
f3r4-20,f3r4,f3r4-20,f3r4;f3r4-20,110,No_MP_2,No_MP,f3r4,4.156635200809066,1.5796132516072185,4.466577141140675,9.35548987432957,2.631425886418583,19.595584722472946,0.4492521498290971,0.6412858198585721,0.6802713164744147,0.3291555144131825,TRUE,saithe,gadoids_unknown,TRUE,0.785,0.401,norway_pout,0.2015,0.1995,0.1255,0.401,0.043,0.014,0.2015,0.0145,0.2005
f3r4-21,f3r4,f3r4-21,f3r4;f3r4-21,110,No_MP_2,No_MP,f3r4,3.064639940763923,1.306759710067994,3.0232176158965856,7.328791700232554,2.345220714376373,17.76623273924283,0.402132124973151,0.7073176851163289,0.7549083277032053,0.40984591752474064,TRUE,saithe,saithe,FALSE,0.9564999999999999,0.7655,norway_pout,0.077,0.6885,0.0665,0.7655,0.043,0.0045,0.077,0.0205,0.023
f3r4-22,f3r4,f3r4-22,f3r4;f3r4-22,110,No_MP_2,No_MP,f3r4,1.4081056166296115,0.6181522577838843,0.715106427385301,3.3632974845982537,2.277926835821584,15.818302754269796,0.3898582548750764,0.7944196548499594,0.8215613329711,0.4592089443412077,TRUE,saithe,gadoids_unknown,TRUE,0.5455,0.416,lesser_sand_eel,0.256,0.15999999999999998,0.0455,0.416,0.0025,0.0735,0.008,0.256,0.1985
f3r4-3,f3r4,f3r4-3,f3r4;f3r4-3,110,No_MP_2,No_MP,f3r4,7.178312411325106,2.540813373644037,13.485493548724294,16.031459186250377,2.825202545683221,19.0580850980218,0.47715186944622845,0.6593721535886911,0.7393868516559177,0.3332209153725941,TRUE,cod,cod,FALSE,0.9994999999999999,0.505,saithe,0.2845,0.22050000000000003,0.505,0.2845,0.207,0.0015,0.0015,5e-4,0
f3r4-4,f3r4,f3r4-4,f3r4;f3r4-4,110,No_MP_2,No_MP,f3r4,6.387344929235376,2.345454439874501,11.699683726941155,14.49672452574349,2.7232867203240776,17.96245324917319,0.4628401865795824,0.6995909990712211,0.7809563328314,0.3651266237416105,TRUE,cod,cod,FALSE,0.991,0.517,saithe,0.4015,0.11549999999999999,0.517,0.4015,0.0675,0.0035,0.0015,0.0085,5e-4
f3r4-5,f3r4,f3r4-5,f3r4;f3r4-5,110,No_MP_2,No_MP,f3r4,6.303048031139871,2.1717690952966917,10.592702726191627,14.115304808654127,2.9022643543414057,18.80934781154265,0.4874770598832111,0.6680917775707047,0.7738245771581768,0.33948115403475615,TRUE,saithe,saithe,FALSE,0.9885,0.5965,cod,0.2705,0.326,0.2705,0.5965,0.0795,0.003,0.039,0.01,0.0015
f3r4-6,f3r4,f3r4-6,f3r4;f3r4-6,110,No_MP_2,No_MP,f3r4,5.504575817348282,2.2375930348559727,9.847977325863566,12.98155762270036,2.460043328523587,17.11222850492421,0.4219725563802673,0.7343503279390569,0.7995434699283677,0.41381806240727215,TRUE,saithe,gadoids_unknown,TRUE,0.6855,0.363,lesser_sand_eel,0.3135,0.04949999999999999,0.2705,0.363,0.01,0.038,0.004,0.3135,0.001
f3r4-7,f3r4,f3r4-7,f3r4;f3r4-7,110,No_MP_2,No_MP,f3r4,6.957601662415081,2.5299497374937885,13.745452031578717,15.772377403641178,2.7500948178153934,18.098196290043646,0.4666801515261169,0.6943438126633816,0.7808858847395685,0.3615347303427648,TRUE,saithe,saithe,FALSE,0.9949999999999999,0.5115,cod,0.285,0.22649999999999998,0.285,0.5115,0.196,0.002,5e-4,0.0045,5e-4
f3r4-8,f3r4,f3r4-8,f3r4;f3r4-8,110,No_MP_2,No_MP,f3r4,8.112748294874963,3.010102232077116,18.315927946601768,18.47972463088022,2.6951736749740802,18.644986125124014,0.45875345087426,0.6739812263751732,0.7500318029145495,0.35432601622194104,TRUE,saithe,saithe,FALSE,0.997,0.5635,cod,0.23,0.3335,0.23,0.5635,0.2,0.0035,0,0.003,0
f3r4-9,f3r4,f3r4-9,f3r4;f3r4-9,110,No_MP_2,No_MP,f3r4,6.4300881052772345,2.181694130100649,10.952517371163461,14.391038050567726,2.9472912891692076,18.909075343551653,0.4933234328341289,0.6645682237785645,0.7807341277458049,0.33727971477514956,TRUE,saithe,saithe,FALSE,0.99,0.5735,haddock,0.2235,0.35,0.154,0.5735,0.2235,0.003,0.036,0.0075,0.0025
